{"type":"FeatureCollection","metadata":{"generatedAt":"2026-07-21T05:34:48.926Z","source":"OpenStreetMap / Overpass API (ODbL)","studyBbox":[-3.687,40.412,-3.66,40.426],"count":2271},"features":[{"type":"Feature","id":"osm-way-15220015","geometry":{"type":"Polygon","coordinates":[[[-3.663356,40.42062],[-3.663369,40.420824],[-3.663378,40.420936],[-3.663135,40.420946],[-3.663131,40.420897],[-3.662988,40.420903],[-3.662981,40.420903],[-3.662955,40.420904],[-3.662865,40.420907],[-3.662864,40.420904],[-3.662785,40.420908],[-3.662712,40.420909],[-3.662688,40.420903],[-3.66267,40.420897],[-3.662657,40.420889],[-3.662644,40.420879],[-3.662628,40.420863],[-3.66262,40.420845],[-3.662614,40.420825],[-3.662614,40.420807],[-3.662619,40.420789],[-3.66263,40.42077],[-3.662644,40.420754],[-3.662667,40.420738],[-3.662682,40.420731],[-3.66268,40.420724],[-3.662597,40.420727],[-3.662584,40.420552],[-3.662582,40.420534],[-3.662578,40.420473],[-3.66245,40.420478],[-3.662436,40.420479],[-3.662442,40.420558],[-3.662455,40.420741],[-3.662377,40.420743],[-3.662393,40.420749],[-3.662413,40.420759],[-3.662431,40.420773],[-3.662446,40.42079],[-3.662456,40.420809],[-3.66246,40.420826],[-3.66246,40.420846],[-3.662456,40.420863],[-3.662447,40.420882],[-3.662437,40.420894],[-3.662419,40.420909],[-3.662399,40.420921],[-3.662376,40.42093],[-3.662353,40.420934],[-3.6623,40.420935],[-3.662264,40.420937],[-3.662222,40.420938],[-3.662221,40.420945],[-3.662221,40.420966],[-3.661614,40.421072],[-3.661572,40.420509],[-3.661496,40.420511],[-3.661485,40.420511],[-3.661475,40.420507],[-3.661464,40.420496],[-3.661463,40.420484],[-3.661466,40.420479],[-3.661472,40.420472],[-3.661481,40.420468],[-3.661491,40.420467],[-3.661568,40.420463],[-3.661525,40.419867],[-3.661703,40.419861],[-3.661708,40.419925],[-3.661881,40.419919],[-3.661885,40.419985],[-3.661961,40.419982],[-3.662059,40.419979],[-3.662149,40.419976],[-3.662154,40.420039],[-3.662194,40.420038],[-3.662323,40.420033],[-3.662347,40.420342],[-3.662426,40.42034],[-3.662432,40.420423],[-3.662446,40.420422],[-3.662573,40.420417],[-3.662569,40.420353],[-3.662567,40.420334],[-3.662563,40.420278],[-3.662648,40.420275],[-3.662662,40.420274],[-3.662659,40.42022],[-3.662738,40.420219],[-3.662763,40.420219],[-3.662788,40.420231],[-3.662816,40.420246],[-3.662818,40.420271],[-3.662909,40.420269],[-3.662914,40.420332],[-3.662928,40.420331],[-3.662921,40.420237],[-3.662972,40.420249],[-3.662977,40.420315],[-3.663253,40.420304],[-3.663266,40.420503],[-3.663348,40.420499],[-3.663341,40.420388],[-3.663399,40.420386],[-3.663414,40.420618],[-3.663356,40.42062]]]},"properties":{"osmId":15220015,"osmType":"way","tags":{"building":"yes"}}},{"type":"Feature","id":"osm-way-15808330","geometry":{"type":"Polygon","coordinates":[[[-3.672225,40.423266],[-3.672222,40.423308],[-3.672217,40.423372],[-3.67231,40.423376],[-3.672306,40.423427],[-3.672346,40.423429],[-3.672387,40.423546],[-3.672422,40.423617],[-3.672455,40.423716],[-3.672466,40.423797],[-3.672466,40.423879],[-3.67245,40.423964],[-3.672421,40.424044],[-3.672396,40.424094],[-3.672279,40.424087],[-3.672259,40.424119],[-3.67225,40.42414],[-3.672297,40.424144],[-3.672303,40.424104],[-3.672506,40.424116],[-3.672502,40.424266],[-3.672406,40.424261],[-3.672325,40.424257],[-3.672231,40.424252],[-3.672169,40.42425],[-3.672158,40.424402],[-3.672184,40.424402],[-3.67218,40.424479],[-3.672006,40.424468],[-3.671316,40.424437],[-3.671317,40.424401],[-3.671321,40.424379],[-3.671144,40.424367],[-3.671162,40.424151],[-3.671147,40.424104],[-3.671131,40.424047],[-3.671118,40.423974],[-3.671112,40.423911],[-3.671111,40.423845],[-3.671117,40.423782],[-3.671127,40.423723],[-3.671144,40.423645],[-3.671172,40.423566],[-3.671206,40.423487],[-3.671234,40.423225],[-3.672225,40.423266]]]},"properties":{"osmId":15808330,"osmType":"way","tags":{"building":"stadium"}}},{"type":"Feature","id":"osm-way-23595002","geometry":{"type":"Polygon","coordinates":[[[-3.682463,40.41527],[-3.682165,40.415329],[-3.682148,40.415278],[-3.682095,40.415289],[-3.682092,40.415281],[-3.681963,40.415306],[-3.681967,40.415316],[-3.681917,40.415326],[-3.681935,40.415379],[-3.681635,40.415439],[-3.681608,40.41536],[-3.681587,40.415364],[-3.681558,40.415279],[-3.681586,40.415274],[-3.681564,40.415209],[-3.681535,40.415214],[-3.681503,40.415121],[-3.681822,40.415057],[-3.681813,40.41503],[-3.681862,40.41502],[-3.681866,40.415032],[-3.681997,40.415005],[-3.681993,40.414992],[-3.68204,40.414983],[-3.682049,40.415009],[-3.682369,40.414946],[-3.6824,40.415036],[-3.682373,40.415042],[-3.682395,40.415107],[-3.682424,40.415101],[-3.682454,40.415187],[-3.682436,40.415191],[-3.682463,40.41527]]]},"properties":{"osmId":23595002,"osmType":"way","tags":{"building":"public"}}},{"type":"Feature","id":"osm-way-23596451","geometry":{"type":"Polygon","coordinates":[[[-3.682039,40.413839],[-3.682069,40.41384],[-3.682096,40.413837],[-3.68212,40.413829],[-3.682143,40.413816],[-3.682161,40.413802],[-3.682173,40.413784],[-3.682181,40.41376],[-3.682179,40.413734],[-3.682148,40.413644],[-3.682225,40.413628],[-3.682247,40.413619],[-3.682265,40.413605],[-3.682276,40.413591],[-3.682284,40.413576],[-3.682287,40.413556],[-3.682282,40.413534],[-3.682273,40.413519],[-3.68226,40.413506],[-3.682247,40.413496],[-3.682226,40.413486],[-3.682205,40.413482],[-3.682185,40.41348],[-3.682163,40.413482],[-3.682095,40.413497],[-3.682063,40.413404],[-3.682046,40.41338],[-3.682022,40.413361],[-3.681992,40.413349],[-3.681967,40.413345],[-3.681943,40.413345],[-3.681916,40.41335],[-3.68189,40.413358],[-3.681862,40.413378],[-3.681851,40.413391],[-3.681843,40.413405],[-3.681838,40.413424],[-3.681839,40.413447],[-3.681871,40.413541],[-3.681827,40.413549],[-3.681838,40.413583],[-3.681853,40.41358],[-3.681867,40.413621],[-3.681882,40.413665],[-3.681865,40.413668],[-3.681876,40.4137],[-3.681921,40.413691],[-3.681951,40.413779],[-3.681971,40.413809],[-3.682004,40.413829],[-3.682039,40.413839]]]},"properties":{"osmId":23596451,"osmType":"way","tags":{"building":"greenhouse"}}},{"type":"Feature","id":"osm-way-23596468","geometry":{"type":"Polygon","coordinates":[[[-3.684296,40.419344],[-3.684171,40.419018],[-3.683902,40.419077],[-3.684027,40.419404],[-3.684296,40.419344]]]},"properties":{"osmId":23596468,"osmType":"way","tags":{"building":"civic","addr:street":"Paseo de Colombia","addr:housenumber":"1","addr:postcode":"28009"}}},{"type":"Feature","id":"osm-way-30050436","geometry":{"type":"Polygon","coordinates":[[[-3.67496,40.425819],[-3.674615,40.425801],[-3.674623,40.42573],[-3.674627,40.42568],[-3.67466,40.425666],[-3.67463,40.425627],[-3.674686,40.425602],[-3.674714,40.42559],[-3.674735,40.42558],[-3.674749,40.425601],[-3.674767,40.425621],[-3.674839,40.425588],[-3.674939,40.425539],[-3.674983,40.425541],[-3.674982,40.425558],[-3.674973,40.425676],[-3.674949,40.425676],[-3.674941,40.425751],[-3.674967,40.425751],[-3.67496,40.425819]]]},"properties":{"osmId":30050436,"osmType":"way","tags":{"building":"yes"}}},{"type":"Feature","id":"osm-way-30050539","geometry":{"type":"Polygon","coordinates":[[[-3.674675,40.424977],[-3.674674,40.424958],[-3.674707,40.424959],[-3.674706,40.424947],[-3.674712,40.424877],[-3.674546,40.42487],[-3.67454,40.424935],[-3.674587,40.424937],[-3.674584,40.424967],[-3.674537,40.424972],[-3.674537,40.424979],[-3.674536,40.425001],[-3.674675,40.424977]]]},"properties":{"osmId":30050539,"osmType":"way","tags":{"building":"yes"}}},{"type":"Feature","id":"osm-way-85817341","geometry":{"type":"Polygon","coordinates":[[[-3.678341,40.423422],[-3.678343,40.423384],[-3.678348,40.423326],[-3.678358,40.423201],[-3.678366,40.4231],[-3.678366,40.42308],[-3.678315,40.423075],[-3.678225,40.423068],[-3.678174,40.423064],[-3.678108,40.423059],[-3.677991,40.423049],[-3.677952,40.423046],[-3.677863,40.42304],[-3.67784,40.423068],[-3.67786,40.42309],[-3.677898,40.423132],[-3.677925,40.423162],[-3.677941,40.423179],[-3.677981,40.423224],[-3.678094,40.423349],[-3.678138,40.423349],[-3.678136,40.423376],[-3.678134,40.423394],[-3.678151,40.423413],[-3.678183,40.423415],[-3.678245,40.423418],[-3.678311,40.423421],[-3.678341,40.423422]]]},"properties":{"osmId":85817341,"osmType":"way","tags":{"building":"yes"}}},{"type":"Feature","id":"osm-way-85817364","geometry":{"type":"Polygon","coordinates":[[[-3.68508,40.419425],[-3.68509,40.419468],[-3.685057,40.419504],[-3.685001,40.419512],[-3.684956,40.419487],[-3.684945,40.419444],[-3.684976,40.419408],[-3.685032,40.4194],[-3.68508,40.419425]]]},"properties":{"osmId":85817364,"osmType":"way","tags":{"building":"kiosk"}}},{"type":"Feature","id":"osm-way-89159473","geometry":{"type":"Polygon","coordinates":[[[-3.668152,40.41906],[-3.667757,40.419846],[-3.667843,40.419872],[-3.667775,40.419986],[-3.667718,40.419969],[-3.667544,40.419919],[-3.667997,40.419015],[-3.668152,40.41906]]]},"properties":{"osmId":89159473,"osmType":"way","tags":{"building":"apartments"}}},{"type":"Feature","id":"osm-way-89159477","geometry":{"type":"Polygon","coordinates":[[[-3.668068,40.420419],[-3.668061,40.420422],[-3.668034,40.420415],[-3.668029,40.420417],[-3.668021,40.420436],[-3.668016,40.420438],[-3.668007,40.420459],[-3.668009,40.420463],[-3.667998,40.420489],[-3.667994,40.42049],[-3.667984,40.420512],[-3.667986,40.420516],[-3.66798,40.42053],[-3.667972,40.420534],[-3.667966,40.420547],[-3.667988,40.42058],[-3.668033,40.420591],[-3.668043,40.420587],[-3.668073,40.420595],[-3.668078,40.420593],[-3.668082,40.420583],[-3.668109,40.42059],[-3.668115,40.420588],[-3.668117,40.420583],[-3.66816,40.420594],[-3.668158,40.420598],[-3.668161,40.420603],[-3.668188,40.420609],[-3.668184,40.420619],[-3.668186,40.420623],[-3.668216,40.420631],[-3.668223,40.420639],[-3.668265,40.420649],[-3.66831,40.420632],[-3.668315,40.420619],[-3.668311,40.420613],[-3.668317,40.420598],[-3.668321,40.420597],[-3.668331,40.420575],[-3.668329,40.420571],[-3.66834,40.420546],[-3.668344,40.420544],[-3.668353,40.420523],[-3.668351,40.420519],[-3.66836,40.4205],[-3.668357,40.420496],[-3.668325,40.420487],[-3.668333,40.420469],[-3.668318,40.420446],[-3.668299,40.420442],[-3.668292,40.420445],[-3.668288,40.420439],[-3.668245,40.420429],[-3.668241,40.42043],[-3.668235,40.420443],[-3.668225,40.420441],[-3.66821,40.420447],[-3.66819,40.420442],[-3.668182,40.42043],[-3.668172,40.420428],[-3.668178,40.420415],[-3.668175,40.420411],[-3.668133,40.4204],[-3.668125,40.420404],[-3.668121,40.420397],[-3.668104,40.420393],[-3.668074,40.420405],[-3.668068,40.420419]]]},"properties":{"osmId":89159477,"osmType":"way","tags":{"building":"apartments"}}},{"type":"Feature","id":"osm-way-105461761","geometry":{"type":"Polygon","coordinates":[[[-3.677575,40.422889],[-3.677534,40.422887],[-3.677489,40.422885],[-3.67749,40.422875],[-3.677476,40.422874],[-3.677485,40.422755],[-3.677503,40.422729],[-3.677503,40.422725],[-3.67751,40.422717],[-3.677505,40.422711],[-3.677505,40.422708],[-3.677505,40.422703],[-3.677506,40.422675],[-3.67758,40.422633],[-3.67764,40.422635],[-3.677648,40.422635],[-3.677658,40.422633],[-3.677676,40.42263],[-3.677701,40.422629],[-3.677753,40.422632],[-3.677753,40.422642],[-3.677795,40.422643],[-3.67779,40.42271],[-3.677788,40.42274],[-3.677786,40.422745],[-3.677784,40.422775],[-3.677783,40.42279],[-3.677778,40.422841],[-3.677795,40.42285],[-3.677808,40.422863],[-3.677819,40.42288],[-3.677822,40.422882],[-3.677827,40.422882],[-3.677829,40.422891],[-3.67783,40.422906],[-3.677826,40.422919],[-3.677819,40.422932],[-3.677803,40.422945],[-3.677789,40.422955],[-3.677768,40.422961],[-3.677763,40.42301],[-3.677676,40.423005],[-3.677635,40.423003],[-3.677637,40.422981],[-3.677638,40.422969],[-3.677644,40.422893],[-3.677619,40.422892],[-3.677579,40.422889],[-3.677575,40.422889]]]},"properties":{"osmId":105461761,"osmType":"way","tags":{"building":"church","building:levels":"2","addr:street":"Calle del Duque de Sesto","addr:housenumber":"9","addr:postcode":"28009"}}},{"type":"Feature","id":"osm-way-105461764","geometry":{"type":"Polygon","coordinates":[[[-3.678023,40.422654],[-3.67788,40.422647],[-3.677795,40.422643],[-3.67779,40.42271],[-3.677788,40.42274],[-3.677823,40.422742],[-3.677827,40.422747],[-3.677826,40.422785],[-3.677818,40.422793],[-3.677783,40.42279],[-3.677778,40.422841],[-3.677795,40.42285],[-3.677808,40.422863],[-3.677819,40.42288],[-3.677822,40.422882],[-3.677827,40.422882],[-3.678004,40.42289],[-3.678009,40.422838],[-3.678012,40.422803],[-3.67798,40.422802],[-3.67797,40.422796],[-3.677974,40.422754],[-3.677979,40.422748],[-3.678017,40.422751],[-3.678023,40.422654]]]},"properties":{"osmId":105461764,"osmType":"way","tags":{"building":"yes","building:levels":"6"}}},{"type":"Feature","id":"osm-way-121788436","geometry":{"type":"Polygon","coordinates":[[[-3.683201,40.417546],[-3.683202,40.417551],[-3.683208,40.41755],[-3.683209,40.417554],[-3.683215,40.417553],[-3.683216,40.417555],[-3.683219,40.417555],[-3.683222,40.417556],[-3.683224,40.417557],[-3.683226,40.41756],[-3.683227,40.417563],[-3.683226,40.417566],[-3.683224,40.417568],[-3.683221,40.417569],[-3.683222,40.417572],[-3.683217,40.417573],[-3.683219,40.417579],[-3.683214,40.41758],[-3.683215,40.417584],[-3.683175,40.417593],[-3.683174,40.417589],[-3.683152,40.417593],[-3.683129,40.417596],[-3.683104,40.417599],[-3.683079,40.4176],[-3.683054,40.417601],[-3.683028,40.417599],[-3.683003,40.417596],[-3.682977,40.417593],[-3.682953,40.417587],[-3.682928,40.41758],[-3.682906,40.417572],[-3.682883,40.417563],[-3.682862,40.417553],[-3.68284,40.417542],[-3.68282,40.41753],[-3.682802,40.417516],[-3.682785,40.417499],[-3.682771,40.417482],[-3.682762,40.417465],[-3.682755,40.417448],[-3.682749,40.417449],[-3.682747,40.417444],[-3.682742,40.417445],[-3.682741,40.417443],[-3.682738,40.417443],[-3.682735,40.417442],[-3.682733,40.417441],[-3.682731,40.417439],[-3.682731,40.417436],[-3.682732,40.417433],[-3.682734,40.417431],[-3.682736,40.41743],[-3.682736,40.417427],[-3.682741,40.417426],[-3.682739,40.41742],[-3.682744,40.417419],[-3.682742,40.417415],[-3.682783,40.417407],[-3.682784,40.417411],[-3.682788,40.41741],[-3.68279,40.417415],[-3.682796,40.417414],[-3.682797,40.417416],[-3.682801,40.417417],[-3.682803,40.417418],[-3.682806,40.41742],[-3.682807,40.417422],[-3.682808,40.417425],[-3.682807,40.417427],[-3.682806,40.417429],[-3.682803,40.417431],[-3.682804,40.417433],[-3.682798,40.417434],[-3.6828,40.417439],[-3.682795,40.41744],[-3.682801,40.417454],[-3.682809,40.417467],[-3.68282,40.417481],[-3.682833,40.417493],[-3.682848,40.417506],[-3.682866,40.417517],[-3.682885,40.417527],[-3.682904,40.417536],[-3.682924,40.417545],[-3.682945,40.417551],[-3.682966,40.417557],[-3.682988,40.417562],[-3.68301,40.417566],[-3.683032,40.417568],[-3.683055,40.41757],[-3.683078,40.417569],[-3.6831,40.417568],[-3.683123,40.417565],[-3.683143,40.417562],[-3.683162,40.417559],[-3.683161,40.417555],[-3.683201,40.417546]]]},"properties":{"osmId":121788436,"osmType":"way","tags":{"building":"yes"}}},{"type":"Feature","id":"osm-way-133979705","geometry":{"type":"Polygon","coordinates":[[[-3.668143,40.4144],[-3.667641,40.414375],[-3.66766,40.414144],[-3.668162,40.414172],[-3.668143,40.4144]]]},"properties":{"osmId":133979705,"osmType":"way","tags":{"building":"yes"}}},{"type":"Feature","id":"osm-way-151458214","geometry":{"type":"Polygon","coordinates":[[[-3.675324,40.419142],[-3.675323,40.419149],[-3.675356,40.419173],[-3.675397,40.419206],[-3.675468,40.419278],[-3.675484,40.419338],[-3.675572,40.419342],[-3.675752,40.41935],[-3.675738,40.419313],[-3.675722,40.419279],[-3.675709,40.419253],[-3.675664,40.41921],[-3.675625,40.419173],[-3.67562,40.419169],[-3.675562,40.419113],[-3.675325,40.419108],[-3.675324,40.419142]]]},"properties":{"osmId":151458214,"osmType":"way","tags":{"building":"apartments"}}},{"type":"Feature","id":"osm-way-162497672","geometry":{"type":"Polygon","coordinates":[[[-3.680777,40.415979],[-3.680676,40.416009],[-3.680663,40.415983],[-3.680651,40.41596],[-3.680751,40.41593],[-3.680764,40.415954],[-3.680777,40.415979]]]},"properties":{"osmId":162497672,"osmType":"way","tags":{"building":"yes"}}},{"type":"Feature","id":"osm-way-171721394","geometry":{"type":"Polygon","coordinates":[[[-3.67509,40.419069],[-3.675327,40.419079],[-3.675472,40.419083],[-3.675478,40.418805],[-3.675613,40.418809],[-3.675618,40.41872],[-3.675725,40.418724],[-3.675729,40.418653],[-3.675298,40.418639],[-3.67509,40.419069]]]},"properties":{"osmId":171721394,"osmType":"way","tags":{"building":"yes"}}},{"type":"Feature","id":"osm-way-171721396","geometry":{"type":"Polygon","coordinates":[[[-3.675699,40.418103],[-3.675704,40.418034],[-3.675705,40.418028],[-3.67577,40.41803],[-3.675771,40.418012],[-3.675763,40.418011],[-3.675765,40.417984],[-3.675773,40.417984],[-3.675774,40.417967],[-3.675709,40.417964],[-3.675711,40.417944],[-3.675716,40.41789],[-3.675941,40.417901],[-3.675936,40.417974],[-3.675873,40.417971],[-3.675868,40.418035],[-3.675932,40.418038],[-3.675926,40.418113],[-3.675801,40.418108],[-3.675699,40.418103]]]},"properties":{"osmId":171721396,"osmType":"way","tags":{"building":"apartments"}}},{"type":"Feature","id":"osm-way-171721397","geometry":{"type":"Polygon","coordinates":[[[-3.675155,40.417805],[-3.674969,40.417798],[-3.674964,40.417861],[-3.674988,40.417862],[-3.67498,40.418004],[-3.674955,40.418003],[-3.67495,40.418068],[-3.675032,40.418073],[-3.675137,40.418078],[-3.675141,40.418008],[-3.675117,40.418007],[-3.675126,40.417871],[-3.67515,40.417872],[-3.675155,40.417805]]]},"properties":{"osmId":171721397,"osmType":"way","tags":{"building":"apartments"}}},{"type":"Feature","id":"osm-way-171721398","geometry":{"type":"Polygon","coordinates":[[[-3.673901,40.419261],[-3.673684,40.419251],[-3.673682,40.419177],[-3.673715,40.419178],[-3.673729,40.419168],[-3.673732,40.419118],[-3.67368,40.419115],[-3.673676,40.418942],[-3.673892,40.418953],[-3.673901,40.419261]]]},"properties":{"osmId":171721398,"osmType":"way","tags":{"building":"apartments"}}},{"type":"Feature","id":"osm-way-171721400","geometry":{"type":"Polygon","coordinates":[[[-3.67574,40.418576],[-3.675757,40.418374],[-3.675627,40.418368],[-3.675505,40.418363],[-3.675495,40.418566],[-3.67574,40.418576]]]},"properties":{"osmId":171721400,"osmType":"way","tags":{"building":"apartments"}}},{"type":"Feature","id":"osm-way-171721401","geometry":{"type":"Polygon","coordinates":[[[-3.673457,40.418834],[-3.673457,40.418739],[-3.6734,40.418736],[-3.673404,40.418652],[-3.673458,40.418654],[-3.673458,40.418566],[-3.673458,40.418551],[-3.673421,40.418548],[-3.67342,40.418559],[-3.673377,40.418556],[-3.673376,40.418571],[-3.673293,40.418566],[-3.673295,40.41854],[-3.673164,40.418532],[-3.673142,40.418819],[-3.673222,40.418823],[-3.673267,40.418825],[-3.673269,40.418798],[-3.67335,40.418802],[-3.673348,40.418829],[-3.673382,40.418831],[-3.673457,40.418834]]]},"properties":{"osmId":171721401,"osmType":"way","tags":{"building":"apartments"}}},{"type":"Feature","id":"osm-way-171721402","geometry":{"type":"Polygon","coordinates":[[[-3.674407,40.418758],[-3.67451,40.418763],[-3.674522,40.418589],[-3.674507,40.41859],[-3.674412,40.418584],[-3.674409,40.418624],[-3.674279,40.418618],[-3.674282,40.418578],[-3.674227,40.418575],[-3.674173,40.418572],[-3.674159,40.418746],[-3.674262,40.418751],[-3.674266,40.41871],[-3.67441,40.418717],[-3.674407,40.418758]]]},"properties":{"osmId":171721402,"osmType":"way","tags":{"building":"apartments"}}},{"type":"Feature","id":"osm-way-171721403","geometry":{"type":"Polygon","coordinates":[[[-3.675941,40.417901],[-3.675936,40.417974],[-3.675965,40.417975],[-3.675966,40.417966],[-3.676013,40.417968],[-3.676008,40.418047],[-3.675959,40.418045],[-3.675959,40.418039],[-3.675932,40.418038],[-3.675926,40.418113],[-3.676045,40.418119],[-3.676086,40.418096],[-3.676095,40.417907],[-3.675941,40.417901]]]},"properties":{"osmId":171721403,"osmType":"way","tags":{"building":"apartments","building:levels":"8","addr:street":"Calle de Narváez","addr:housenumber":"55","addr:postcode":"28009"}}},{"type":"Feature","id":"osm-way-171721404","geometry":{"type":"Polygon","coordinates":[[[-3.674969,40.417798],[-3.674759,40.417789],[-3.67474,40.418035],[-3.674773,40.418062],[-3.674831,40.418064],[-3.67495,40.418068],[-3.674955,40.418003],[-3.674882,40.418],[-3.674883,40.417979],[-3.674957,40.417982],[-3.674959,40.417948],[-3.674922,40.417947],[-3.674924,40.417915],[-3.674961,40.417916],[-3.674962,40.417883],[-3.674892,40.417881],[-3.674893,40.417859],[-3.674964,40.417861],[-3.674969,40.417798]]]},"properties":{"osmId":171721404,"osmType":"way","tags":{"building":"apartments","building:levels":"8"}}},{"type":"Feature","id":"osm-way-171721405","geometry":{"type":"Polygon","coordinates":[[[-3.675212,40.418551],[-3.675495,40.418566],[-3.675505,40.418363],[-3.675349,40.418357],[-3.675227,40.41835],[-3.675212,40.418551]]]},"properties":{"osmId":171721405,"osmType":"way","tags":{"building":"apartments"}}},{"type":"Feature","id":"osm-way-171721406","geometry":{"type":"Polygon","coordinates":[[[-3.674159,40.418746],[-3.674145,40.418928],[-3.674288,40.418935],[-3.674293,40.418882],[-3.674358,40.418885],[-3.674354,40.418938],[-3.674497,40.418944],[-3.67451,40.418763],[-3.674407,40.418758],[-3.674367,40.418756],[-3.674361,40.418826],[-3.674354,40.418825],[-3.674354,40.41882],[-3.674306,40.418818],[-3.674305,40.418823],[-3.674295,40.418822],[-3.674301,40.418753],[-3.674262,40.418751],[-3.674159,40.418746]]]},"properties":{"osmId":171721406,"osmType":"way","tags":{"building":"apartments"}}},{"type":"Feature","id":"osm-way-171721407","geometry":{"type":"Polygon","coordinates":[[[-3.675716,40.41789],[-3.675716,40.417875],[-3.675524,40.417869],[-3.675523,40.417888],[-3.67552,40.417936],[-3.67556,40.417937],[-3.675554,40.418027],[-3.675513,40.418025],[-3.675513,40.418027],[-3.675508,40.418095],[-3.675595,40.418098],[-3.675699,40.418103],[-3.675704,40.418034],[-3.675664,40.418032],[-3.675668,40.417942],[-3.675711,40.417944],[-3.675716,40.41789]]]},"properties":{"osmId":171721407,"osmType":"way","tags":{"building":"apartments"}}},{"type":"Feature","id":"osm-way-171721409","geometry":{"type":"Polygon","coordinates":[[[-3.676023,40.418897],[-3.676004,40.419118],[-3.675771,40.419109],[-3.675727,40.419107],[-3.675626,40.419102],[-3.675609,40.418883],[-3.676023,40.418897]]]},"properties":{"osmId":171721409,"osmType":"way","tags":{"building":"apartments"}}},{"type":"Feature","id":"osm-way-171721415","geometry":{"type":"Polygon","coordinates":[[[-3.67534,40.417814],[-3.675194,40.417807],[-3.675155,40.417805],[-3.67515,40.417872],[-3.675176,40.417873],[-3.675167,40.418009],[-3.675141,40.418008],[-3.675137,40.418078],[-3.675219,40.418081],[-3.675323,40.418086],[-3.675328,40.418019],[-3.675303,40.418018],[-3.675311,40.417877],[-3.675335,40.417878],[-3.67534,40.417814]]]},"properties":{"osmId":171721415,"osmType":"way","tags":{"building":"apartments"}}},{"type":"Feature","id":"osm-way-171721419","geometry":{"type":"Polygon","coordinates":[[[-3.673458,40.418551],[-3.673458,40.418566],[-3.673584,40.418563],[-3.673604,40.418275],[-3.67346,40.418269],[-3.673459,40.418399],[-3.673475,40.4184],[-3.673477,40.418375],[-3.673501,40.418376],[-3.673502,40.418394],[-3.673517,40.418395],[-3.673515,40.418442],[-3.673511,40.418443],[-3.673507,40.418488],[-3.673459,40.418485],[-3.673458,40.418551]]]},"properties":{"osmId":171721419,"osmType":"way","tags":{"building":"apartments","building:levels":"7"}}},{"type":"Feature","id":"osm-way-171721422","geometry":{"type":"Polygon","coordinates":[[[-3.673122,40.419066],[-3.673142,40.418819],[-3.673222,40.418823],[-3.673221,40.418841],[-3.67338,40.418849],[-3.673382,40.418831],[-3.673457,40.418834],[-3.673456,40.418873],[-3.673433,40.418873],[-3.673432,40.418917],[-3.673456,40.418917],[-3.673456,40.418931],[-3.673456,40.418993],[-3.673423,40.418993],[-3.673419,40.419037],[-3.673456,40.419042],[-3.673455,40.419076],[-3.67336,40.419073],[-3.67336,40.419056],[-3.673202,40.419051],[-3.673201,40.419068],[-3.673122,40.419066]]]},"properties":{"osmId":171721422,"osmType":"way","tags":{"building":"apartments"}}},{"type":"Feature","id":"osm-way-171721424","geometry":{"type":"Polygon","coordinates":[[[-3.673455,40.41924],[-3.673157,40.419226],[-3.673112,40.419187],[-3.673122,40.419066],[-3.673201,40.419068],[-3.67336,40.419073],[-3.673455,40.419076],[-3.673456,40.419104],[-3.673455,40.419161],[-3.673455,40.41924]]]},"properties":{"osmId":171721424,"osmType":"way","tags":{"building":"apartments"}}},{"type":"Feature","id":"osm-way-171721425","geometry":{"type":"Polygon","coordinates":[[[-3.674489,40.419046],[-3.674475,40.419258],[-3.674429,40.419287],[-3.674201,40.419276],[-3.674206,40.419205],[-3.674234,40.419206],[-3.674245,40.419072],[-3.674216,40.41907],[-3.674219,40.419034],[-3.674314,40.419038],[-3.674311,40.41908],[-3.674388,40.419083],[-3.674391,40.419042],[-3.674489,40.419046]]]},"properties":{"osmId":171721425,"osmType":"way","tags":{"building":"apartments"}}},{"type":"Feature","id":"osm-way-171721427","geometry":{"type":"Polygon","coordinates":[[[-3.675524,40.417869],[-3.675529,40.417823],[-3.675482,40.417821],[-3.67534,40.417814],[-3.675335,40.417878],[-3.67536,40.417879],[-3.675353,40.41802],[-3.675328,40.418019],[-3.675323,40.418086],[-3.675404,40.41809],[-3.675508,40.418095],[-3.675513,40.418027],[-3.675488,40.418026],[-3.675498,40.417887],[-3.675523,40.417888],[-3.675524,40.417869]]]},"properties":{"osmId":171721427,"osmType":"way","tags":{"building":"apartments"}}},{"type":"Feature","id":"osm-way-171721428","geometry":{"type":"Polygon","coordinates":[[[-3.675021,40.418544],[-3.675108,40.418548],[-3.675212,40.418551],[-3.675227,40.41835],[-3.675101,40.418346],[-3.675037,40.418342],[-3.675021,40.418544]]]},"properties":{"osmId":171721428,"osmType":"way","tags":{"building":"apartments"}}},{"type":"Feature","id":"osm-way-171721429","geometry":{"type":"Polygon","coordinates":[[[-3.676043,40.418627],[-3.676032,40.418734],[-3.675725,40.418724],[-3.675729,40.418653],[-3.675737,40.418616],[-3.676043,40.418627]]]},"properties":{"osmId":171721429,"osmType":"way","tags":{"building":"apartments"}}},{"type":"Feature","id":"osm-way-171721432","geometry":{"type":"Polygon","coordinates":[[[-3.676032,40.418734],[-3.676023,40.418897],[-3.675609,40.418883],[-3.675613,40.418809],[-3.675618,40.41872],[-3.675725,40.418724],[-3.676032,40.418734]]]},"properties":{"osmId":171721432,"osmType":"way","tags":{"building":"apartments"}}},{"type":"Feature","id":"osm-way-171721433","geometry":{"type":"Polygon","coordinates":[[[-3.675757,40.418374],[-3.67574,40.418576],[-3.675737,40.418616],[-3.676043,40.418627],[-3.67606,40.418414],[-3.67603,40.418386],[-3.675891,40.41838],[-3.675757,40.418374]]]},"properties":{"osmId":171721433,"osmType":"way","tags":{"building":"apartments"}}},{"type":"Feature","id":"osm-way-171721434","geometry":{"type":"Polygon","coordinates":[[[-3.674201,40.419276],[-3.674095,40.419271],[-3.673987,40.419266],[-3.673979,40.418991],[-3.674137,40.419],[-3.674136,40.419031],[-3.674219,40.419034],[-3.674216,40.41907],[-3.674192,40.419069],[-3.674186,40.419143],[-3.674211,40.419144],[-3.674206,40.419205],[-3.674201,40.419276]]]},"properties":{"osmId":171721434,"osmType":"way","tags":{"building":"apartments"}}},{"type":"Feature","id":"osm-way-171721437","geometry":{"type":"Polygon","coordinates":[[[-3.674145,40.418928],[-3.674137,40.419],[-3.674136,40.419031],[-3.674219,40.419034],[-3.674314,40.419038],[-3.674391,40.419042],[-3.674489,40.419046],[-3.674497,40.418944],[-3.674354,40.418938],[-3.67435,40.418986],[-3.674284,40.418983],[-3.674288,40.418935],[-3.674145,40.418928]]]},"properties":{"osmId":171721437,"osmType":"way","tags":{"building":"apartments"}}},{"type":"Feature","id":"osm-way-171721440","geometry":{"type":"Polygon","coordinates":[[[-3.675484,40.419338],[-3.675289,40.419329],[-3.675148,40.419322],[-3.675151,40.419247],[-3.675156,40.41919],[-3.675198,40.419189],[-3.675196,40.419206],[-3.675254,40.419209],[-3.675258,40.41918],[-3.675297,40.419179],[-3.675326,40.419176],[-3.675324,40.419204],[-3.675339,40.419204],[-3.675335,40.419175],[-3.675356,40.419173],[-3.675397,40.419206],[-3.675468,40.419278],[-3.675484,40.419338]]]},"properties":{"osmId":171721440,"osmType":"way","tags":{"building":"apartments"}}},{"type":"Feature","id":"osm-way-171721444","geometry":{"type":"Polygon","coordinates":[[[-3.676004,40.419118],[-3.675995,40.419231],[-3.675987,40.419335],[-3.675975,40.419351],[-3.675952,40.419359],[-3.675752,40.41935],[-3.675738,40.419313],[-3.675722,40.419279],[-3.675756,40.419278],[-3.675756,40.419255],[-3.675709,40.419253],[-3.675664,40.41921],[-3.675666,40.419173],[-3.675625,40.419173],[-3.67562,40.419169],[-3.675626,40.419102],[-3.675727,40.419107],[-3.675726,40.419146],[-3.675765,40.419148],[-3.675771,40.419109],[-3.676004,40.419118]]]},"properties":{"osmId":171721444,"osmType":"way","tags":{"building":"apartments"}}},{"type":"Feature","id":"osm-way-172966968","geometry":{"type":"Polygon","coordinates":[[[-3.676153,40.417191],[-3.676141,40.417332],[-3.676037,40.417327],[-3.676058,40.417064],[-3.676127,40.417068],[-3.676161,40.417098],[-3.676153,40.417191]]]},"properties":{"osmId":172966968,"osmType":"way","tags":{"building":"residential","building:levels":"7","addr:street":"Calle de Narváez","addr:housenumber":"61","addr:postcode":"28009"}}},{"type":"Feature","id":"osm-way-172967423","geometry":{"type":"Polygon","coordinates":[[[-3.676128,40.417522],[-3.676141,40.417332],[-3.676037,40.417327],[-3.676031,40.417393],[-3.675904,40.417387],[-3.67591,40.417291],[-3.675808,40.417285],[-3.675789,40.417473],[-3.675978,40.417482],[-3.675976,40.417506],[-3.67594,40.417505],[-3.67594,40.417515],[-3.676128,40.417522]]]},"properties":{"osmId":172967423,"osmType":"way","tags":{"building":"residential","addr:street":"Calle de Narváez","addr:housenumber":"59","addr:postcode":"28009"}}},{"type":"Feature","id":"osm-way-178519417","geometry":{"type":"Polygon","coordinates":[[[-3.673928,40.415789],[-3.673929,40.415774],[-3.673943,40.415449],[-3.673952,40.415254],[-3.673559,40.415243],[-3.673551,40.415428],[-3.673695,40.415431],[-3.673676,40.415764],[-3.673675,40.415783],[-3.673928,40.415789]]]},"properties":{"osmId":178519417,"osmType":"way","tags":{"building":"residential","addr:street":"Plaza del Doctor Laguna","addr:postcode":"28009"}}},{"type":"Feature","id":"osm-way-178659114","geometry":{"type":"Polygon","coordinates":[[[-3.6741,40.415943],[-3.674408,40.415901],[-3.674671,40.415864],[-3.674675,40.41576],[-3.674559,40.415758],[-3.674556,40.415804],[-3.674465,40.415801],[-3.674466,40.415776],[-3.674475,40.4156],[-3.67441,40.415599],[-3.674393,40.415598],[-3.67439,40.415639],[-3.674338,40.415638],[-3.674339,40.415597],[-3.674252,40.415596],[-3.674243,40.415797],[-3.674109,40.415794],[-3.674105,40.415851],[-3.674128,40.415852],[-3.674127,40.415893],[-3.674103,40.415894],[-3.6741,40.415943]]]},"properties":{"osmId":178659114,"osmType":"way","tags":{"building":"residential","building:levels":"7"}}},{"type":"Feature","id":"osm-way-178659116","geometry":{"type":"Polygon","coordinates":[[[-3.672407,40.416175],[-3.672597,40.416148],[-3.672564,40.416026],[-3.672369,40.416019],[-3.672407,40.416175]]]},"properties":{"osmId":178659116,"osmType":"way","tags":{"building":"residential","building:levels":"8","addr:street":"Calle del Doce de Octubre","addr:housenumber":"36","addr:postcode":"28009"}}},{"type":"Feature","id":"osm-way-178659118","geometry":{"type":"Polygon","coordinates":[[[-3.672597,40.416148],[-3.672794,40.416121],[-3.672752,40.415944],[-3.672552,40.415972],[-3.672597,40.416148]]]},"properties":{"osmId":178659118,"osmType":"way","tags":{"building":"residential","building:levels":"7","addr:street":"Calle del Doce de Octubre","addr:housenumber":"34","addr:postcode":"28009"}}},{"type":"Feature","id":"osm-way-178659120","geometry":{"type":"Polygon","coordinates":[[[-3.672088,40.416218],[-3.672245,40.416198],[-3.672203,40.41602],[-3.672044,40.41604],[-3.672088,40.416218]]]},"properties":{"osmId":178659120,"osmType":"way","tags":{"building":"residential","building:levels":"8","addr:street":"Calle del Doce de Octubre","addr:housenumber":"40","addr:postcode":"28009"}}},{"type":"Feature","id":"osm-way-178659122","geometry":{"type":"Polygon","coordinates":[[[-3.671902,40.416243],[-3.671911,40.416059],[-3.672044,40.41604],[-3.672088,40.416218],[-3.671902,40.416243]]]},"properties":{"osmId":178659122,"osmType":"way","tags":{"building":"residential","building:levels":"7","addr:street":"Calle del Doce de Octubre","addr:housenumber":"42","addr:postcode":"28009"}}},{"type":"Feature","id":"osm-way-178659124","geometry":{"type":"Polygon","coordinates":[[[-3.672245,40.416198],[-3.672407,40.416175],[-3.672369,40.416019],[-3.672203,40.41602],[-3.672245,40.416198]]]},"properties":{"osmId":178659124,"osmType":"way","tags":{"building":"residential","building:levels":"7","addr:street":"Calle del Doce de Octubre","addr:housenumber":"38","addr:postcode":"28009"}}},{"type":"Feature","id":"osm-way-178659127","geometry":{"type":"Polygon","coordinates":[[[-3.672794,40.416121],[-3.672867,40.416112],[-3.672881,40.415774],[-3.672802,40.415772],[-3.672802,40.41578],[-3.672762,40.415779],[-3.67276,40.415829],[-3.672702,40.415828],[-3.672698,40.415903],[-3.672723,40.415903],[-3.67272,40.415947],[-3.672753,40.415943],[-3.672794,40.416121]]]},"properties":{"osmId":178659127,"osmType":"way","tags":{"building":"residential","building:levels":"7","addr:street":"Calle del Doce de Octubre","addr:housenumber":"32","addr:postcode":"28009"}}},{"type":"Feature","id":"osm-way-178659128","geometry":{"type":"Polygon","coordinates":[[[-3.673664,40.416005],[-3.673675,40.415783],[-3.673928,40.415789],[-3.674029,40.415791],[-3.674109,40.415794],[-3.674105,40.415851],[-3.674042,40.415851],[-3.67404,40.415891],[-3.674103,40.415894],[-3.6741,40.415943],[-3.673873,40.415976],[-3.673664,40.416005]]]},"properties":{"osmId":178659128,"osmType":"way","tags":{"building":"residential"}}},{"type":"Feature","id":"osm-way-178759536","geometry":{"type":"Polygon","coordinates":[[[-3.673162,40.41644],[-3.673175,40.41628],[-3.673141,40.416258],[-3.672795,40.416305],[-3.672814,40.416385],[-3.672818,40.416398],[-3.672813,40.416454],[-3.673054,40.416435],[-3.673162,40.41644]]]},"properties":{"osmId":178759536,"osmType":"way","tags":{"building":"residential","building:levels":"7","addr:street":"Calle de Máiquez","addr:housenumber":"31","addr:postcode":"28009"}}},{"type":"Feature","id":"osm-way-178759540","geometry":{"type":"Polygon","coordinates":[[[-3.671947,40.41655],[-3.671707,40.416535],[-3.671713,40.416453],[-3.671931,40.416423],[-3.671946,40.41647],[-3.671895,40.416479],[-3.6719,40.416506],[-3.671948,40.416506],[-3.671947,40.41655]]]},"properties":{"osmId":178759540,"osmType":"way","tags":{"building":"yes","addr:street":"Calle del Alcalde Sáinz de Baranda","addr:housenumber":"50","addr:postcode":"28009"}}},{"type":"Feature","id":"osm-way-178759541","geometry":{"type":"Polygon","coordinates":[[[-3.672798,40.416603],[-3.673114,40.416623],[-3.673149,40.416601],[-3.673162,40.41644],[-3.673054,40.416435],[-3.672813,40.416454],[-3.672806,40.416518],[-3.672798,40.416603]]]},"properties":{"osmId":178759541,"osmType":"way","tags":{"building":"residential","addr:street":"Calle del Alcalde Sáinz de Baranda","addr:housenumber":"40","addr:postcode":"28009"}}},{"type":"Feature","id":"osm-way-178759544","geometry":{"type":"Polygon","coordinates":[[[-3.672814,40.416385],[-3.672795,40.416305],[-3.672615,40.41633],[-3.672634,40.41641],[-3.672661,40.416406],[-3.672669,40.416512],[-3.672641,40.416512],[-3.672635,40.416593],[-3.672798,40.416603],[-3.672806,40.416518],[-3.672762,40.416517],[-3.672764,40.416475],[-3.672753,40.416394],[-3.672814,40.416385]]]},"properties":{"osmId":178759544,"osmType":"way","tags":{"building":"residential","building:levels":"7","addr:street":"Calle del Alcalde Sáinz de Baranda","addr:housenumber":"42","addr:postcode":"28009"}}},{"type":"Feature","id":"osm-way-178759547","geometry":{"type":"Polygon","coordinates":[[[-3.672422,40.41658],[-3.672635,40.416593],[-3.672641,40.416512],[-3.672605,40.416508],[-3.672597,40.416416],[-3.672634,40.41641],[-3.672615,40.41633],[-3.672405,40.416358],[-3.672423,40.416437],[-3.672459,40.416435],[-3.672464,40.416496],[-3.672429,40.416498],[-3.672422,40.41658]]]},"properties":{"osmId":178759547,"osmType":"way","tags":{"building":"residential","building:levels":"7","addr:street":"Calle del Alcalde Sáinz de Baranda","addr:housenumber":"44","addr:postcode":"28009"}}},{"type":"Feature","id":"osm-way-178759548","geometry":{"type":"Polygon","coordinates":[[[-3.671947,40.41655],[-3.672163,40.416563],[-3.67217,40.416504],[-3.672167,40.416455],[-3.672157,40.416392],[-3.671931,40.416423],[-3.671946,40.41647],[-3.671958,40.416468],[-3.67196,40.416508],[-3.671948,40.416506],[-3.671947,40.41655]]]},"properties":{"osmId":178759548,"osmType":"way","tags":{"building":"residential","building:levels":"8","addr:street":"Calle del Alcalde Sáinz de Baranda","addr:housenumber":"48","addr:postcode":"28009"}}},{"type":"Feature","id":"osm-way-178759549","geometry":{"type":"Polygon","coordinates":[[[-3.672163,40.416563],[-3.672422,40.41658],[-3.672429,40.416498],[-3.672393,40.416499],[-3.672388,40.416439],[-3.672423,40.416437],[-3.672405,40.416358],[-3.672157,40.416392],[-3.672167,40.416455],[-3.672248,40.416444],[-3.672251,40.416505],[-3.67217,40.416504],[-3.672163,40.416563]]]},"properties":{"osmId":178759549,"osmType":"way","tags":{"building":"residential","building:levels":"8","addr:street":"Calle del Alcalde Sáinz de Baranda","addr:housenumber":"46","addr:postcode":"28009"}}},{"type":"Feature","id":"osm-way-178768679","geometry":{"type":"Polygon","coordinates":[[[-3.672774,40.415482],[-3.672762,40.415779],[-3.67276,40.415829],[-3.672702,40.415828],[-3.672607,40.415826],[-3.672557,40.415824],[-3.672421,40.415822],[-3.672428,40.41562],[-3.67252,40.415623],[-3.672526,40.415476],[-3.672774,40.415482]]]},"properties":{"osmId":178768679,"osmType":"way","tags":{"building":"residential","addr:street":"Plaza del Doctor Laguna","addr:housenumber":"5","addr:postcode":"28009"}}},{"type":"Feature","id":"osm-way-178768680","geometry":{"type":"Polygon","coordinates":[[[-3.673237,40.415419],[-3.672918,40.415411],[-3.672925,40.415226],[-3.673244,40.415236],[-3.673237,40.415419]]]},"properties":{"osmId":178768680,"osmType":"way","tags":{"building":"residential","addr:street":"Plaza del Doctor Laguna","addr:housenumber":"3","addr:postcode":"28009"}}},{"type":"Feature","id":"osm-way-178768681","geometry":{"type":"Polygon","coordinates":[[[-3.673551,40.415428],[-3.673237,40.415419],[-3.673244,40.415236],[-3.673559,40.415243],[-3.673551,40.415428]]]},"properties":{"osmId":178768681,"osmType":"way","tags":{"building":"residential","addr:street":"Plaza del Doctor Laguna","addr:housenumber":"2","addr:postcode":"28009"}}},{"type":"Feature","id":"osm-way-178768682","geometry":{"type":"Polygon","coordinates":[[[-3.671309,40.415476],[-3.671308,40.415525],[-3.671266,40.415524],[-3.671263,40.415585],[-3.671262,40.415602],[-3.671196,40.4156],[-3.671195,40.415622],[-3.671182,40.415621],[-3.67118,40.415664],[-3.671089,40.415663],[-3.671092,40.415638],[-3.671063,40.415638],[-3.671065,40.415602],[-3.671065,40.41557],[-3.671111,40.415571],[-3.671112,40.415538],[-3.671133,40.415538],[-3.671133,40.415522],[-3.671156,40.415522],[-3.671157,40.415506],[-3.671202,40.415507],[-3.671204,40.415474],[-3.671309,40.415476]]]},"properties":{"osmId":178768682,"osmType":"way","tags":{"building":"residential","addr:street":"Plaza del Doctor Laguna","addr:housenumber":"8","addr:postcode":"28009"}}},{"type":"Feature","id":"osm-way-178768683","geometry":{"type":"Polygon","coordinates":[[[-3.671175,40.415799],[-3.671065,40.415798],[-3.671061,40.415852],[-3.670931,40.415851],[-3.67093,40.415907],[-3.670705,40.415902],[-3.670708,40.415829],[-3.670752,40.41583],[-3.670754,40.415795],[-3.670775,40.415796],[-3.670777,40.41578],[-3.670798,40.41578],[-3.670798,40.415764],[-3.67084,40.415764],[-3.670842,40.415732],[-3.670864,40.415732],[-3.670864,40.415716],[-3.670887,40.415717],[-3.670888,40.4157],[-3.67093,40.4157],[-3.670932,40.415668],[-3.670975,40.415668],[-3.670977,40.415635],[-3.670997,40.415634],[-3.670998,40.415618],[-3.67102,40.415619],[-3.671021,40.415603],[-3.671065,40.415602],[-3.671063,40.415638],[-3.671092,40.415638],[-3.671089,40.415663],[-3.67118,40.415664],[-3.671175,40.415799]]]},"properties":{"osmId":178768683,"osmType":"way","tags":{"building":"residential","addr:street":"Calle de Pilar Millán Astray","addr:housenumber":"4","addr:postcode":"28009"}}},{"type":"Feature","id":"osm-way-178768684","geometry":{"type":"Polygon","coordinates":[[[-3.672918,40.415411],[-3.672778,40.415417],[-3.672774,40.415482],[-3.672526,40.415476],[-3.672536,40.415216],[-3.672925,40.415226],[-3.672918,40.415411]]]},"properties":{"osmId":178768684,"osmType":"way","tags":{"building":"residential","addr:street":"Plaza del Doctor Laguna","addr:housenumber":"4","addr:postcode":"28009"}}},{"type":"Feature","id":"osm-way-178768689","geometry":{"type":"Polygon","coordinates":[[[-3.67165,40.415593],[-3.671263,40.415585],[-3.671262,40.415602],[-3.671196,40.4156],[-3.671195,40.415622],[-3.671182,40.415621],[-3.67118,40.415664],[-3.671175,40.415799],[-3.671642,40.415802],[-3.67165,40.415593]]]},"properties":{"osmId":178768689,"osmType":"way","tags":{"building":"residential","addr:street":"Calle de Pilar Millán Astray","addr:housenumber":"2","addr:postcode":"28009"}}},{"type":"Feature","id":"osm-way-178768691","geometry":{"type":"Polygon","coordinates":[[[-3.672242,40.415411],[-3.67225,40.41521],[-3.672227,40.415209],[-3.672228,40.415182],[-3.672246,40.415183],[-3.672247,40.415171],[-3.672252,40.415171],[-3.672254,40.415145],[-3.672249,40.415145],[-3.672248,40.415134],[-3.672238,40.415132],[-3.672238,40.415114],[-3.672249,40.415114],[-3.67225,40.415104],[-3.672256,40.415104],[-3.672256,40.415051],[-3.672253,40.415051],[-3.672253,40.415041],[-3.672234,40.415041],[-3.672235,40.415034],[-3.672216,40.415034],[-3.672215,40.415039],[-3.672203,40.415039],[-3.672204,40.415033],[-3.672174,40.415033],[-3.672174,40.415039],[-3.672163,40.415039],[-3.672163,40.415048],[-3.672155,40.415048],[-3.672154,40.41506],[-3.672102,40.415058],[-3.672103,40.415047],[-3.672096,40.415047],[-3.672096,40.415038],[-3.672084,40.415037],[-3.672084,40.415031],[-3.672055,40.41503],[-3.672054,40.415036],[-3.672044,40.415035],[-3.672044,40.41503],[-3.672025,40.41503],[-3.672025,40.415036],[-3.672005,40.415036],[-3.672004,40.415044],[-3.671999,40.415044],[-3.671996,40.415098],[-3.672002,40.415098],[-3.672002,40.415109],[-3.672013,40.415109],[-3.672013,40.415127],[-3.672001,40.415127],[-3.672001,40.41513],[-3.672001,40.415139],[-3.671995,40.415139],[-3.671994,40.415164],[-3.672,40.415164],[-3.672,40.415176],[-3.672019,40.415176],[-3.672016,40.415204],[-3.671994,40.415205],[-3.671987,40.415406],[-3.672242,40.415411]]]},"properties":{"osmId":178768691,"osmType":"way","tags":{"building":"residential","addr:street":"Plaza del Doctor Laguna","addr:housenumber":"9","addr:postcode":"28009"}}},{"type":"Feature","id":"osm-way-178768694","geometry":{"type":"Polygon","coordinates":[[[-3.672428,40.41562],[-3.672135,40.415606],[-3.672126,40.415813],[-3.672421,40.415822],[-3.672428,40.41562]]]},"properties":{"osmId":178768694,"osmType":"way","tags":{"building":"residential","addr:street":"Plaza del Doctor Laguna","addr:housenumber":"6","addr:postcode":"28009"}}},{"type":"Feature","id":"osm-way-178768695","geometry":{"type":"Polygon","coordinates":[[[-3.672126,40.415813],[-3.671642,40.415802],[-3.67165,40.415593],[-3.672135,40.415606],[-3.672126,40.415813]]]},"properties":{"osmId":178768695,"osmType":"way","tags":{"building":"residential","addr:street":"Plaza del Doctor Laguna","addr:housenumber":"7","addr:postcode":"28009"}}},{"type":"Feature","id":"osm-way-178781685","geometry":{"type":"Polygon","coordinates":[[[-3.675743,40.415715],[-3.675718,40.415654],[-3.675711,40.415629],[-3.675644,40.415626],[-3.67565,40.41554],[-3.675677,40.415536],[-3.675661,40.415493],[-3.675632,40.415413],[-3.675605,40.415412],[-3.675602,40.415447],[-3.675591,40.415447],[-3.675588,40.415478],[-3.67558,40.415478],[-3.675578,40.415508],[-3.675568,40.415509],[-3.675566,40.415538],[-3.675555,40.41554],[-3.675554,40.415569],[-3.675544,40.415569],[-3.675541,40.415619],[-3.6755,40.415618],[-3.675495,40.415728],[-3.675537,40.41573],[-3.675536,40.415743],[-3.675743,40.415715]]]},"properties":{"osmId":178781685,"osmType":"way","tags":{"building":"residential","addr:street":"Calle del Doce de Octubre","addr:housenumber":"20","addr:postcode":"28009"}}},{"type":"Feature","id":"osm-way-178781688","geometry":{"type":"Polygon","coordinates":[[[-3.675455,40.415729],[-3.675495,40.415728],[-3.6755,40.415618],[-3.675456,40.415616],[-3.675461,40.415577],[-3.675346,40.415576],[-3.675347,40.415612],[-3.675294,40.415611],[-3.675294,40.415572],[-3.675209,40.415571],[-3.675198,40.415789],[-3.675325,40.415772],[-3.675327,40.415737],[-3.675369,40.415736],[-3.675368,40.415768],[-3.675453,40.415756],[-3.675455,40.415729]]]},"properties":{"osmId":178781688,"osmType":"way","tags":{"building":"residential","building:levels":"7","addr:street":"Calle del Doce de Octubre","addr:housenumber":"22","addr:postcode":"28009"}}},{"type":"Feature","id":"osm-way-178781689","geometry":{"type":"Polygon","coordinates":[[[-3.674842,40.415113],[-3.674842,40.415124],[-3.674791,40.415123],[-3.674792,40.41511],[-3.674685,40.415108],[-3.674683,40.415161],[-3.674688,40.415162],[-3.674688,40.415172],[-3.674699,40.415173],[-3.674698,40.415191],[-3.674687,40.41519],[-3.674687,40.415202],[-3.674681,40.415202],[-3.67468,40.415227],[-3.674686,40.415227],[-3.674686,40.41524],[-3.674704,40.41524],[-3.6747,40.415325],[-3.674683,40.415324],[-3.674682,40.415336],[-3.674676,40.415336],[-3.674675,40.415361],[-3.67468,40.415361],[-3.67468,40.415373],[-3.674691,40.415373],[-3.67469,40.415391],[-3.674679,40.415391],[-3.674679,40.415401],[-3.674673,40.415401],[-3.674671,40.415454],[-3.674678,40.415454],[-3.674678,40.415463],[-3.674696,40.415463],[-3.674696,40.41547],[-3.674714,40.415471],[-3.674714,40.415464],[-3.674726,40.415464],[-3.674726,40.415471],[-3.674756,40.415472],[-3.674756,40.415465],[-3.674769,40.415465],[-3.674769,40.415456],[-3.674777,40.415457],[-3.674777,40.415446],[-3.674829,40.415447],[-3.674829,40.415458],[-3.674836,40.415458],[-3.674836,40.415467],[-3.674848,40.415467],[-3.674848,40.415474],[-3.674876,40.415474],[-3.674876,40.415468],[-3.674887,40.415468],[-3.674887,40.415475],[-3.674903,40.415475],[-3.674903,40.415468],[-3.674924,40.415469],[-3.674924,40.41546],[-3.67493,40.41546],[-3.674932,40.415407],[-3.674926,40.415407],[-3.674926,40.415397],[-3.674917,40.415397],[-3.674917,40.415378],[-3.674927,40.415379],[-3.674927,40.415367],[-3.674934,40.415367],[-3.674935,40.415342],[-3.674928,40.415342],[-3.674929,40.415331],[-3.674911,40.415331],[-3.674914,40.415245],[-3.674932,40.415245],[-3.674932,40.415233],[-3.674939,40.415233],[-3.67494,40.415209],[-3.674933,40.415208],[-3.674934,40.415197],[-3.674925,40.415197],[-3.674925,40.415178],[-3.674934,40.415179],[-3.674935,40.415168],[-3.674942,40.415168],[-3.674944,40.415116],[-3.674842,40.415113]]]},"properties":{"osmId":178781689,"osmType":"way","tags":{"building":"residential","addr:street":"Calle de Pío Baroja","addr:housenumber":"2","addr:postcode":"28009"}}},{"type":"Feature","id":"osm-way-178781690","geometry":{"type":"Polygon","coordinates":[[[-3.675209,40.415571],[-3.675224,40.415172],[-3.675305,40.415174],[-3.67541,40.415177],[-3.675423,40.415178],[-3.675422,40.415208],[-3.675435,40.415209],[-3.675434,40.41524],[-3.675447,40.41524],[-3.675446,40.415271],[-3.675459,40.415271],[-3.675458,40.415301],[-3.675472,40.415301],[-3.675461,40.415577],[-3.675346,40.415576],[-3.675345,40.415531],[-3.675296,40.415533],[-3.675294,40.415572],[-3.675209,40.415571]]]},"properties":{"osmId":178781690,"osmType":"way","tags":{"building":"residential","addr:street":"Calle del Doce de Octubre","addr:housenumber":"24","addr:postcode":"28009"}}},{"type":"Feature","id":"osm-way-178784597","geometry":{"type":"Polygon","coordinates":[[[-3.676865,40.415537],[-3.676846,40.415479],[-3.676843,40.415474],[-3.676821,40.415478],[-3.676802,40.415423],[-3.676825,40.415418],[-3.676808,40.415366],[-3.676777,40.415372],[-3.676784,40.415392],[-3.676737,40.415402],[-3.676731,40.415382],[-3.676665,40.415396],[-3.676671,40.415414],[-3.676626,40.415423],[-3.67662,40.415405],[-3.67659,40.415411],[-3.676596,40.415428],[-3.676607,40.415461],[-3.676632,40.415456],[-3.676651,40.415511],[-3.676625,40.415516],[-3.676647,40.415579],[-3.676865,40.415537]]]},"properties":{"osmId":178784597,"osmType":"way","tags":{"building":"residential","building:levels":"7","addr:street":"Calle del Doce de Octubre","addr:housenumber":"8","addr:postcode":"28009"}}},{"type":"Feature","id":"osm-way-178784600","geometry":{"type":"Polygon","coordinates":[[[-3.676077,40.415442],[-3.676101,40.415519],[-3.676105,40.415533],[-3.676077,40.415538],[-3.676095,40.415602],[-3.676125,40.415598],[-3.676143,40.415658],[-3.676004,40.415678],[-3.675947,40.415687],[-3.675933,40.415623],[-3.675956,40.415621],[-3.675944,40.415557],[-3.675917,40.41556],[-3.675895,40.415457],[-3.675936,40.415451],[-3.675932,40.415434],[-3.676077,40.415442]]]},"properties":{"osmId":178784600,"osmType":"way","tags":{"building":"residential","building:levels":"7","addr:street":"Calle del Doce de Octubre","addr:housenumber":"16","addr:postcode":"28009"}}},{"type":"Feature","id":"osm-way-178784601","geometry":{"type":"Polygon","coordinates":[[[-3.676284,40.415639],[-3.676255,40.415524],[-3.676225,40.415528],[-3.676221,40.415503],[-3.676248,40.4155],[-3.676238,40.415452],[-3.676192,40.41545],[-3.676197,40.415469],[-3.676134,40.415476],[-3.676128,40.415447],[-3.676077,40.415442],[-3.676101,40.415519],[-3.676129,40.415515],[-3.676136,40.415541],[-3.676109,40.415544],[-3.676125,40.415598],[-3.676143,40.415658],[-3.676284,40.415639]]]},"properties":{"osmId":178784601,"osmType":"way","tags":{"building":"residential","building:levels":"7","addr:street":"Calle del Doce de Octubre","addr:housenumber":"14","addr:postcode":"28009"}}},{"type":"Feature","id":"osm-way-178784605","geometry":{"type":"Polygon","coordinates":[[[-3.677261,40.415461],[-3.677241,40.415403],[-3.677218,40.415408],[-3.677197,40.415344],[-3.67722,40.41534],[-3.677212,40.415313],[-3.677202,40.415285],[-3.677161,40.415293],[-3.677167,40.415311],[-3.677045,40.415334],[-3.67704,40.415319],[-3.677001,40.415326],[-3.677019,40.415379],[-3.677043,40.415375],[-3.677064,40.415437],[-3.67704,40.415442],[-3.677059,40.415499],[-3.677261,40.415461]]]},"properties":{"osmId":178784605,"osmType":"way","tags":{"building":"residential","building:levels":"7","addr:street":"Calle del Doce de Octubre","addr:housenumber":"4","addr:postcode":"28009"}}},{"type":"Feature","id":"osm-way-178784607","geometry":{"type":"Polygon","coordinates":[[[-3.677059,40.415499],[-3.67704,40.415442],[-3.677016,40.415446],[-3.676997,40.415389],[-3.677021,40.415384],[-3.677019,40.415379],[-3.677001,40.415326],[-3.676963,40.415334],[-3.676969,40.415353],[-3.676932,40.41536],[-3.676926,40.415342],[-3.67688,40.415351],[-3.676886,40.41537],[-3.67685,40.415377],[-3.676844,40.415359],[-3.676808,40.415366],[-3.676825,40.415418],[-3.676826,40.415421],[-3.676848,40.415417],[-3.676868,40.415475],[-3.676846,40.415479],[-3.676865,40.415537],[-3.677059,40.415499]]]},"properties":{"osmId":178784607,"osmType":"way","tags":{"building":"residential","building:levels":"7","addr:street":"Calle del Doce de Octubre","addr:housenumber":"6","addr:postcode":"28009"}}},{"type":"Feature","id":"osm-way-178784611","geometry":{"type":"Polygon","coordinates":[[[-3.676647,40.415579],[-3.676625,40.415516],[-3.676596,40.415522],[-3.676583,40.415484],[-3.676613,40.415478],[-3.676607,40.415461],[-3.676596,40.415428],[-3.676547,40.415438],[-3.676541,40.415421],[-3.676463,40.415437],[-3.676472,40.415463],[-3.676414,40.415475],[-3.676416,40.415481],[-3.676431,40.415523],[-3.676442,40.415558],[-3.676463,40.415616],[-3.676647,40.415579]]]},"properties":{"osmId":178784611,"osmType":"way","tags":{"building":"residential","building:levels":"7","addr:street":"Calle del Doce de Octubre","addr:housenumber":"10","addr:postcode":"28009"}}},{"type":"Feature","id":"osm-way-178784622","geometry":{"type":"Polygon","coordinates":[[[-3.676463,40.415616],[-3.676442,40.415558],[-3.676413,40.415561],[-3.676406,40.415525],[-3.676431,40.415523],[-3.676416,40.415481],[-3.67639,40.415486],[-3.676381,40.415456],[-3.676353,40.415461],[-3.676292,40.415457],[-3.6763,40.415496],[-3.676251,40.415503],[-3.676255,40.415524],[-3.676284,40.415639],[-3.676463,40.415616]]]},"properties":{"osmId":178784622,"osmType":"way","tags":{"building":"residential","building:levels":"6","addr:street":"Calle del Doce de Octubre","addr:housenumber":"12","addr:postcode":"28009"}}},{"type":"Feature","id":"osm-way-178784623","geometry":{"type":"Polygon","coordinates":[[[-3.675888,40.41543],[-3.675895,40.415457],[-3.675917,40.41556],[-3.675888,40.415565],[-3.675902,40.415628],[-3.675933,40.415623],[-3.675947,40.415687],[-3.675743,40.415715],[-3.675718,40.415654],[-3.67575,40.415648],[-3.67569,40.415487],[-3.675661,40.415493],[-3.675632,40.415413],[-3.675693,40.415417],[-3.675692,40.415435],[-3.675782,40.415442],[-3.675784,40.415424],[-3.675888,40.41543]]]},"properties":{"osmId":178784623,"osmType":"way","tags":{"building":"residential","building:levels":"8","addr:street":"Calle del Doce de Octubre","addr:housenumber":"18","addr:postcode":"28009"}}},{"type":"Feature","id":"osm-way-178794440","geometry":{"type":"Polygon","coordinates":[[[-3.676216,40.415834],[-3.676249,40.415857],[-3.676239,40.415998],[-3.675923,40.415988],[-3.675862,40.415881],[-3.676216,40.415834]]]},"properties":{"osmId":178794440,"osmType":"way","tags":{"building":"residential","building:levels":"9","addr:street":"Calle de Narváez","addr:housenumber":"71","addr:postcode":"28009"}}},{"type":"Feature","id":"osm-way-178794442","geometry":{"type":"Polygon","coordinates":[[[-3.674859,40.41634],[-3.674878,40.416018],[-3.675029,40.415995],[-3.675099,40.416287],[-3.674939,40.416309],[-3.674943,40.416328],[-3.674859,40.41634]]]},"properties":{"osmId":178794442,"osmType":"way","tags":{"building":"residential","building:levels":"6","addr:street":"Calle del Doce de Octubre","addr:housenumber":"19","addr:postcode":"28009"}}},{"type":"Feature","id":"osm-way-178794444","geometry":{"type":"Polygon","coordinates":[[[-3.675862,40.415881],[-3.675923,40.415988],[-3.675954,40.416153],[-3.675718,40.416185],[-3.675654,40.41591],[-3.675862,40.415881]]]},"properties":{"osmId":178794444,"osmType":"way","tags":{"building":"residential","building:levels":"8","addr:street":"Calle del Doce de Octubre","addr:housenumber":"11","addr:postcode":"28009"}}},{"type":"Feature","id":"osm-way-178794445","geometry":{"type":"Polygon","coordinates":[[[-3.675308,40.416258],[-3.675236,40.415967],[-3.675029,40.415995],[-3.675099,40.416287],[-3.675308,40.416258]]]},"properties":{"osmId":178794445,"osmType":"way","tags":{"building":"residential","building:levels":"8","addr:street":"Calle del Doce de Octubre","addr:housenumber":"17","addr:postcode":"28009"}}},{"type":"Feature","id":"osm-way-178794447","geometry":{"type":"Polygon","coordinates":[[[-3.675514,40.41622],[-3.675446,40.415938],[-3.675236,40.415967],[-3.675308,40.416258],[-3.675514,40.41622]]]},"properties":{"osmId":178794447,"osmType":"way","tags":{"building":"residential","building:levels":"9","addr:street":"Calle del Doce de Octubre","addr:housenumber":"15","addr:postcode":"28009"}}},{"type":"Feature","id":"osm-way-178794448","geometry":{"type":"Polygon","coordinates":[[[-3.675718,40.416185],[-3.675514,40.41622],[-3.675446,40.415938],[-3.675654,40.41591],[-3.675718,40.416185]]]},"properties":{"osmId":178794448,"osmType":"way","tags":{"building":"residential","building:levels":"8","addr:street":"Calle del Doce de Octubre","addr:housenumber":"13","addr:postcode":"28009"}}},{"type":"Feature","id":"osm-way-179429361","geometry":{"type":"Polygon","coordinates":[[[-3.67415,40.416682],[-3.674156,40.41661],[-3.674157,40.4166],[-3.674132,40.416599],[-3.674135,40.416564],[-3.674068,40.416564],[-3.674065,40.416586],[-3.674018,40.416583],[-3.674018,40.416563],[-3.673952,40.416563],[-3.67395,40.416592],[-3.673917,40.416591],[-3.673909,40.416668],[-3.67415,40.416682]]]},"properties":{"osmId":179429361,"osmType":"way","tags":{"building":"residential","addr:street":"Calle del Alcalde Sáinz de Baranda","addr:housenumber":"34","addr:postcode":"28009"}}},{"type":"Feature","id":"osm-way-179429363","geometry":{"type":"Polygon","coordinates":[[[-3.674419,40.416698],[-3.674426,40.416631],[-3.674428,40.416606],[-3.674405,40.416605],[-3.674408,40.416567],[-3.674376,40.416566],[-3.674325,40.416566],[-3.674323,40.416589],[-3.674273,40.416586],[-3.674275,40.416565],[-3.67419,40.416565],[-3.674184,40.416612],[-3.674156,40.41661],[-3.67415,40.416682],[-3.674419,40.416698]]]},"properties":{"osmId":179429363,"osmType":"way","tags":{"building":"residential","addr:street":"Calle del Alcalde Sáinz de Baranda","addr:housenumber":"32","addr:postcode":"28009"}}},{"type":"Feature","id":"osm-way-179429365","geometry":{"type":"Polygon","coordinates":[[[-3.674386,40.416393],[-3.674489,40.416398],[-3.674491,40.416372],[-3.674588,40.416376],[-3.674586,40.416402],[-3.674677,40.416407],[-3.674691,40.416244],[-3.674596,40.416241],[-3.674595,40.416269],[-3.674497,40.416266],[-3.674498,40.416238],[-3.674396,40.416234],[-3.674386,40.416393]]]},"properties":{"osmId":179429365,"osmType":"way","tags":{"building":"residential","building:levels":"6","addr:street":"Calle de Fernán González","addr:housenumber":"77","addr:postcode":"28009"}}},{"type":"Feature","id":"osm-way-179429367","geometry":{"type":"Polygon","coordinates":[[[-3.674426,40.416631],[-3.67445,40.416631],[-3.674457,40.416567],[-3.674477,40.416567],[-3.674542,40.416568],[-3.674542,40.416586],[-3.674584,40.416588],[-3.674586,40.416568],[-3.674667,40.416569],[-3.674655,40.416689],[-3.674623,40.416709],[-3.674567,40.416706],[-3.674419,40.416698],[-3.674426,40.416631]]]},"properties":{"osmId":179429367,"osmType":"way","tags":{"building":"residential","building:levels":"7","addr:street":"Calle del Alcalde Sáinz de Baranda","addr:housenumber":"30","addr:postcode":"28009"}}},{"type":"Feature","id":"osm-way-179429368","geometry":{"type":"Polygon","coordinates":[[[-3.674691,40.416244],[-3.674596,40.416241],[-3.674598,40.416221],[-3.6745,40.416217],[-3.674498,40.416238],[-3.674396,40.416234],[-3.674333,40.416231],[-3.674302,40.416094],[-3.67467,40.416041],[-3.674704,40.416068],[-3.674691,40.416244]]]},"properties":{"osmId":179429368,"osmType":"way","tags":{"building":"residential","building:levels":"10","addr:street":"Calle de Fernán González","addr:housenumber":"79","addr:postcode":"28009"}}},{"type":"Feature","id":"osm-way-179429370","geometry":{"type":"Polygon","coordinates":[[[-3.674376,40.416566],[-3.674408,40.416567],[-3.674457,40.416567],[-3.674477,40.416567],[-3.674479,40.416533],[-3.674577,40.416536],[-3.674574,40.416568],[-3.674586,40.416568],[-3.674667,40.416569],[-3.674677,40.416407],[-3.674586,40.416402],[-3.674584,40.41643],[-3.674487,40.416425],[-3.674489,40.416398],[-3.674386,40.416393],[-3.674376,40.416566]]]},"properties":{"osmId":179429370,"osmType":"way","tags":{"building":"residential","building:levels":"6","addr:street":"Calle de Fernán González","addr:housenumber":"75","addr:postcode":"28009"}}},{"type":"Feature","id":"osm-way-179429372","geometry":{"type":"Polygon","coordinates":[[[-3.673917,40.416591],[-3.673909,40.416668],[-3.673651,40.416653],[-3.673655,40.416577],[-3.673656,40.41656],[-3.673744,40.416561],[-3.673742,40.416577],[-3.673813,40.416581],[-3.673817,40.416562],[-3.673883,40.416562],[-3.67388,40.416588],[-3.673917,40.416591]]]},"properties":{"osmId":179429372,"osmType":"way","tags":{"building":"residential","addr:street":"Calle del Alcalde Sáinz de Baranda","addr:housenumber":"36","addr:postcode":"28009"}}},{"type":"Feature","id":"osm-way-179429376","geometry":{"type":"Polygon","coordinates":[[[-3.673341,40.416395],[-3.673439,40.416401],[-3.673435,40.41644],[-3.673491,40.416443],[-3.673494,40.416404],[-3.673573,40.416408],[-3.673571,40.416449],[-3.67366,40.416449],[-3.673656,40.41656],[-3.673578,40.41656],[-3.673581,40.416529],[-3.673427,40.416522],[-3.673424,40.416559],[-3.673413,40.41656],[-3.673387,40.416562],[-3.673327,40.416567],[-3.673341,40.416395]]]},"properties":{"osmId":179429376,"osmType":"way","tags":{"building":"residential","addr:street":"Calle de Máiquez","addr:housenumber":"64","addr:postcode":"28009"}}},{"type":"Feature","id":"osm-way-179429379","geometry":{"type":"Polygon","coordinates":[[[-3.673817,40.41616],[-3.673835,40.416234],[-3.673772,40.416243],[-3.673782,40.416286],[-3.673846,40.416277],[-3.67386,40.416337],[-3.673619,40.416371],[-3.673604,40.416309],[-3.673666,40.416301],[-3.673656,40.416259],[-3.673594,40.416267],[-3.673578,40.416195],[-3.673817,40.41616]]]},"properties":{"osmId":179429379,"osmType":"way","tags":{"building":"residential","building:levels":"7","addr:street":"Calle del Doce de Octubre","addr:housenumber":"27","addr:postcode":"28009"}}},{"type":"Feature","id":"osm-way-179429383","geometry":{"type":"Polygon","coordinates":[[[-3.674343,40.41627],[-3.674333,40.416231],[-3.674302,40.416094],[-3.674055,40.416129],[-3.674073,40.416199],[-3.674138,40.41619],[-3.674149,40.416234],[-3.674084,40.416243],[-3.674099,40.416304],[-3.674343,40.41627]]]},"properties":{"osmId":179429383,"osmType":"way","tags":{"building":"residential","building:levels":"7","addr:street":"Calle del Doce de Octubre","addr:housenumber":"23","addr:postcode":"28009"}}},{"type":"Feature","id":"osm-way-179429385","geometry":{"type":"Polygon","coordinates":[[[-3.673578,40.416195],[-3.673594,40.416267],[-3.673563,40.416271],[-3.673572,40.416314],[-3.673604,40.416309],[-3.673619,40.416371],[-3.673575,40.416377],[-3.673573,40.416408],[-3.673494,40.416404],[-3.673496,40.416387],[-3.67344,40.416384],[-3.673439,40.416401],[-3.673341,40.416395],[-3.673353,40.41625],[-3.673381,40.416222],[-3.673578,40.416195]]]},"properties":{"osmId":179429385,"osmType":"way","tags":{"building":"residential","building:levels":"7","addr:street":"Calle de Máiquez","addr:housenumber":"66","addr:postcode":"28009"}}},{"type":"Feature","id":"osm-way-179429387","geometry":{"type":"Polygon","coordinates":[[[-3.674099,40.416304],[-3.674084,40.416243],[-3.674018,40.416253],[-3.674008,40.416209],[-3.674073,40.416199],[-3.674055,40.416129],[-3.673817,40.41616],[-3.673835,40.416234],[-3.673897,40.416226],[-3.673908,40.416269],[-3.673846,40.416277],[-3.67386,40.416337],[-3.674099,40.416304]]]},"properties":{"osmId":179429387,"osmType":"way","tags":{"building":"residential","building:levels":"7","addr:street":"Calle del Doce de Octubre","addr:housenumber":"25","addr:postcode":"28009"}}},{"type":"Feature","id":"osm-way-179434570","geometry":{"type":"Polygon","coordinates":[[[-3.6774,40.415929],[-3.677364,40.415838],[-3.677412,40.415828],[-3.677399,40.41562],[-3.677181,40.415661],[-3.677277,40.415954],[-3.6774,40.415929]]]},"properties":{"osmId":179434570,"osmType":"way","tags":{"building":"residential","building:levels":"8","addr:street":"Calle del Doce de Octubre","addr:housenumber":"3","addr:postcode":"28009"}}},{"type":"Feature","id":"osm-way-179434571","geometry":{"type":"Polygon","coordinates":[[[-3.677673,40.415774],[-3.677612,40.415605],[-3.677573,40.415586],[-3.677399,40.41562],[-3.677412,40.415828],[-3.677673,40.415774]]]},"properties":{"osmId":179434571,"osmType":"way","tags":{"building":"residential","building:levels":"9","addr:street":"Avenida de Menéndez Pelayo","addr:housenumber":"61","addr:postcode":"28009"}}},{"type":"Feature","id":"osm-way-179434572","geometry":{"type":"Polygon","coordinates":[[[-3.677422,40.416],[-3.677731,40.415936],[-3.677673,40.415774],[-3.677412,40.415828],[-3.677364,40.415838],[-3.6774,40.415929],[-3.677422,40.416]]]},"properties":{"osmId":179434572,"osmType":"way","tags":{"building":"residential","building:levels":"9","addr:street":"Avenida de Menéndez Pelayo","addr:housenumber":"59","addr:postcode":"28009"}}},{"type":"Feature","id":"osm-way-179434573","geometry":{"type":"Polygon","coordinates":[[[-3.676979,40.416011],[-3.677084,40.415991],[-3.676986,40.415699],[-3.676635,40.415766],[-3.676613,40.415791],[-3.676603,40.415921],[-3.676955,40.415933],[-3.676979,40.416011]]]},"properties":{"osmId":179434573,"osmType":"way","tags":{"building":"residential","building:levels":"9","addr:street":"Calle del Doce de Octubre","addr:housenumber":"7","addr:postcode":"28009"}}},{"type":"Feature","id":"osm-way-179434574","geometry":{"type":"Polygon","coordinates":[[[-3.676592,40.416075],[-3.67658,40.416228],[-3.676966,40.416244],[-3.676979,40.416092],[-3.676592,40.416075]]]},"properties":{"osmId":179434574,"osmType":"way","tags":{"building":"residential","building:levels":"9","addr:street":"Calle de Narváez","addr:housenumber":"84","addr:postcode":"28009"}}},{"type":"Feature","id":"osm-way-179434575","geometry":{"type":"Polygon","coordinates":[[[-3.676569,40.416381],[-3.676558,40.416532],[-3.676651,40.416537],[-3.676843,40.41655],[-3.676884,40.416553],[-3.676947,40.416556],[-3.676957,40.416397],[-3.676569,40.416381]]]},"properties":{"osmId":179434575,"osmType":"way","tags":{"building":"residential","building:levels":"9","addr:street":"Calle de Narváez","addr:housenumber":"80","addr:postcode":"28009"}}},{"type":"Feature","id":"osm-way-179434576","geometry":{"type":"Polygon","coordinates":[[[-3.677422,40.416],[-3.677424,40.416106],[-3.677772,40.41605],[-3.677731,40.415936],[-3.677422,40.416]]]},"properties":{"osmId":179434576,"osmType":"way","tags":{"building":"residential","building:levels":"8","addr:street":"Avenida de Menéndez Pelayo","addr:housenumber":"57","addr:postcode":"28009"}}},{"type":"Feature","id":"osm-way-179434577","geometry":{"type":"Polygon","coordinates":[[[-3.677181,40.415661],[-3.676986,40.415699],[-3.677084,40.415991],[-3.677277,40.415954],[-3.677181,40.415661]]]},"properties":{"osmId":179434577,"osmType":"way","tags":{"building":"residential","building:levels":"8","addr:street":"Calle del Doce de Octubre","addr:housenumber":"5","addr:postcode":"28009"}}},{"type":"Feature","id":"osm-way-179434578","geometry":{"type":"Polygon","coordinates":[[[-3.67658,40.416228],[-3.676569,40.416381],[-3.676957,40.416397],[-3.676966,40.416244],[-3.67658,40.416228]]]},"properties":{"osmId":179434578,"osmType":"way","tags":{"building":"residential","building:levels":"9","addr:street":"Calle de Narváez","addr:housenumber":"82","addr:postcode":"28009"}}},{"type":"Feature","id":"osm-way-179434579","geometry":{"type":"Polygon","coordinates":[[[-3.676603,40.415921],[-3.676592,40.416075],[-3.676979,40.416092],[-3.676979,40.416011],[-3.676955,40.415933],[-3.676603,40.415921]]]},"properties":{"osmId":179434579,"osmType":"way","tags":{"building":"residential","building:levels":"9","addr:street":"Calle de Narváez","addr:housenumber":"86","addr:postcode":"28009"}}},{"type":"Feature","id":"osm-way-179665292","geometry":{"type":"Polygon","coordinates":[[[-3.67506,40.416736],[-3.675361,40.416753],[-3.675369,40.416681],[-3.675374,40.416632],[-3.675268,40.41662],[-3.675185,40.416611],[-3.67515,40.416607],[-3.675076,40.416599],[-3.67506,40.416736]]]},"properties":{"osmId":179665292,"osmType":"way","tags":{"building":"residential","addr:street":"Calle del Alcalde Sáinz de Baranda","addr:housenumber":"26","addr:postcode":"28009"}}},{"type":"Feature","id":"osm-way-179665293","geometry":{"type":"Polygon","coordinates":[[[-3.675981,40.416294],[-3.675977,40.416276],[-3.675969,40.416232],[-3.675811,40.416224],[-3.675808,40.416257],[-3.675759,40.416776],[-3.675958,40.416788],[-3.675976,40.416618],[-3.676036,40.416613],[-3.676033,40.416584],[-3.676026,40.41655],[-3.675894,40.416541],[-3.675896,40.416507],[-3.675987,40.416514],[-3.675993,40.41644],[-3.675946,40.41644],[-3.675955,40.416295],[-3.675981,40.416294]]]},"properties":{"osmId":179665293,"osmType":"way","tags":{"building":"residential","addr:street":"Calle del Alcalde Sáinz de Baranda","addr:housenumber":"20","addr:postcode":"28009"}}},{"type":"Feature","id":"osm-way-179665294","geometry":{"type":"Polygon","coordinates":[[[-3.674836,40.416698],[-3.674868,40.416725],[-3.67506,40.416736],[-3.675076,40.416599],[-3.675061,40.416597],[-3.674934,40.416581],[-3.674845,40.41657],[-3.674836,40.416698]]]},"properties":{"osmId":179665294,"osmType":"way","tags":{"building":"residential","addr:street":"Calle del Alcalde Sáinz de Baranda","addr:housenumber":"28","addr:postcode":"28009"}}},{"type":"Feature","id":"osm-way-179665295","geometry":{"type":"Polygon","coordinates":[[[-3.676195,40.416596],[-3.676073,40.41659],[-3.676033,40.416584],[-3.676036,40.416613],[-3.675976,40.416618],[-3.675958,40.416788],[-3.676145,40.416798],[-3.676182,40.416774],[-3.676195,40.416596]]]},"properties":{"osmId":179665295,"osmType":"way","tags":{"building":"residential","addr:street":"Calle del Alcalde Sáinz de Baranda","addr:housenumber":"18","addr:postcode":"28009"}}},{"type":"Feature","id":"osm-way-179665296","geometry":{"type":"Polygon","coordinates":[[[-3.67539,40.416456],[-3.675407,40.416295],[-3.675338,40.416293],[-3.67531,40.416296],[-3.675308,40.416341],[-3.675288,40.41634],[-3.675288,40.41628],[-3.675206,40.416292],[-3.675202,40.416363],[-3.675162,40.41639],[-3.675167,40.416297],[-3.675079,40.416309],[-3.675074,40.416367],[-3.675051,40.416367],[-3.675051,40.416348],[-3.674975,40.416345],[-3.674973,40.416361],[-3.674947,40.416361],[-3.67495,40.416327],[-3.674943,40.416328],[-3.674859,40.41634],[-3.674852,40.416456],[-3.67494,40.416457],[-3.674943,40.416419],[-3.674971,40.41642],[-3.67497,40.416436],[-3.675044,40.416438],[-3.675046,40.416416],[-3.67507,40.416416],[-3.675068,40.416463],[-3.675158,40.416466],[-3.675162,40.416404],[-3.6752,40.416381],[-3.675194,40.416467],[-3.675276,40.41647],[-3.67528,40.416403],[-3.675305,40.416404],[-3.675302,40.416453],[-3.67539,40.416456]]]},"properties":{"osmId":179665296,"osmType":"way","tags":{"building":"residential","addr:street":"Calle de Fernán González","addr:housenumber":"74","addr:postcode":"28009"}}},{"type":"Feature","id":"osm-way-179665297","geometry":{"type":"Polygon","coordinates":[[[-3.675993,40.416154],[-3.676228,40.416161],[-3.676239,40.415998],[-3.675923,40.415988],[-3.675954,40.416153],[-3.675993,40.416154]]]},"properties":{"osmId":179665297,"osmType":"way","tags":{"building":"residential","building:levels":"7","addr:street":"Calle de Narváez","addr:housenumber":"69","addr:postcode":"28009"}}},{"type":"Feature","id":"osm-way-179665299","geometry":{"type":"Polygon","coordinates":[[[-3.675759,40.416776],[-3.675808,40.416257],[-3.675611,40.416247],[-3.675608,40.416284],[-3.675562,40.416765],[-3.675759,40.416776]]]},"properties":{"osmId":179665299,"osmType":"way","tags":{"building":"residential","addr:street":"Calle del Alcalde Sáinz de Baranda","addr:housenumber":"22","addr:postcode":"28009"}}},{"type":"Feature","id":"osm-way-179665300","geometry":{"type":"Polygon","coordinates":[[[-3.676228,40.416161],[-3.675993,40.416154],[-3.675969,40.416232],[-3.675977,40.416276],[-3.676002,40.416278],[-3.675997,40.41636],[-3.676211,40.416367],[-3.676228,40.416161]]]},"properties":{"osmId":179665300,"osmType":"way","tags":{"building":"residential","addr:street":"Calle de Narváez","addr:housenumber":"67","addr:postcode":"28009"}}},{"type":"Feature","id":"osm-way-179665301","geometry":{"type":"Polygon","coordinates":[[[-3.676026,40.41655],[-3.676033,40.416584],[-3.676073,40.41659],[-3.676195,40.416596],[-3.676211,40.416367],[-3.675997,40.41636],[-3.676,40.416388],[-3.676026,40.41639],[-3.676029,40.416367],[-3.676034,40.416367],[-3.676034,40.416396],[-3.676044,40.416397],[-3.676043,40.416414],[-3.676002,40.416415],[-3.676004,40.416454],[-3.676038,40.416456],[-3.676035,40.416502],[-3.676018,40.416504],[-3.676026,40.41655]]]},"properties":{"osmId":179665301,"osmType":"way","tags":{"building":"residential","addr:street":"Calle de Narváez","addr:housenumber":"65","addr:postcode":"28009"}}},{"type":"Feature","id":"osm-way-179665302","geometry":{"type":"Polygon","coordinates":[[[-3.675361,40.416753],[-3.675562,40.416765],[-3.675608,40.416284],[-3.675448,40.416274],[-3.675408,40.416281],[-3.675407,40.416295],[-3.67539,40.416456],[-3.675388,40.416473],[-3.675388,40.416477],[-3.675478,40.416482],[-3.675475,40.416516],[-3.675385,40.416511],[-3.675385,40.416513],[-3.675378,40.416581],[-3.675378,40.416583],[-3.675425,40.416585],[-3.675416,40.416684],[-3.675369,40.416681],[-3.675361,40.416753]]]},"properties":{"osmId":179665302,"osmType":"way","tags":{"building":"residential","addr:street":"Calle del Alcalde Sáinz de Baranda","addr:housenumber":"24","addr:postcode":"28009"}}},{"type":"Feature","id":"osm-way-179665303","geometry":{"type":"Polygon","coordinates":[[[-3.675276,40.41647],[-3.675194,40.416467],[-3.67519,40.416527],[-3.675155,40.416526],[-3.675158,40.416466],[-3.675068,40.416463],[-3.675066,40.41649],[-3.675041,40.416489],[-3.675042,40.416481],[-3.674969,40.416478],[-3.674968,40.416493],[-3.674939,40.416492],[-3.67494,40.416457],[-3.674852,40.416456],[-3.674845,40.41657],[-3.674934,40.416581],[-3.674935,40.416548],[-3.674965,40.416549],[-3.674963,40.416564],[-3.675063,40.416568],[-3.675061,40.416597],[-3.675076,40.416599],[-3.67515,40.416607],[-3.675154,40.416544],[-3.675188,40.416544],[-3.675185,40.416611],[-3.675268,40.41662],[-3.675271,40.416563],[-3.675296,40.416562],[-3.675292,40.416611],[-3.675352,40.416613],[-3.675354,40.416581],[-3.675378,40.416581],[-3.675385,40.416513],[-3.675361,40.416512],[-3.675363,40.416495],[-3.6753,40.416493],[-3.675299,40.41652],[-3.675274,40.416519],[-3.675276,40.41647]]]},"properties":{"osmId":179665303,"osmType":"way","tags":{"building":"residential","addr:street":"Calle de Fernán González","addr:housenumber":"72","addr:postcode":"28009"}}},{"type":"Feature","id":"osm-way-179749163","geometry":{"type":"Polygon","coordinates":[[[-3.677427,40.416207],[-3.677805,40.416142],[-3.677772,40.41605],[-3.677424,40.416106],[-3.677427,40.416207]]]},"properties":{"osmId":179749163,"osmType":"way","tags":{"building":"residential","building:levels":"8","addr:street":"Avenida de Menéndez Pelayo","addr:housenumber":"55","addr:postcode":"28009"}}},{"type":"Feature","id":"osm-way-179749164","geometry":{"type":"Polygon","coordinates":[[[-3.67789,40.416904],[-3.677826,40.416724],[-3.677546,40.416781],[-3.677586,40.416885],[-3.67789,40.416904]]]},"properties":{"osmId":179749164,"osmType":"way","tags":{"building":"residential","building:levels":"9","addr:street":"Calle del Alcalde Sáinz de Baranda","addr:housenumber":"4","addr:postcode":"28009"}}},{"type":"Feature","id":"osm-way-179749165","geometry":{"type":"Polygon","coordinates":[[[-3.677142,40.416598],[-3.677157,40.416711],[-3.677187,40.416709],[-3.677191,40.416734],[-3.677161,40.416737],[-3.677168,40.416791],[-3.677177,40.416861],[-3.677326,40.41687],[-3.677254,40.416538],[-3.677163,40.416558],[-3.677166,40.416595],[-3.677142,40.416598]]]},"properties":{"osmId":179749165,"osmType":"way","tags":{"building":"residential","addr:street":"Calle del Alcalde Sáinz de Baranda","addr:housenumber":"10","addr:postcode":"28009"}}},{"type":"Feature","id":"osm-way-179749166","geometry":{"type":"Polygon","coordinates":[[[-3.677368,40.416514],[-3.677344,40.416519],[-3.677356,40.416551],[-3.677294,40.416565],[-3.677282,40.416532],[-3.677254,40.416538],[-3.677326,40.41687],[-3.677464,40.416878],[-3.677403,40.416648],[-3.677381,40.416651],[-3.677369,40.416607],[-3.677391,40.416604],[-3.677368,40.416514]]]},"properties":{"osmId":179749166,"osmType":"way","tags":{"building":"residential","addr:street":"Calle del Alcalde Sáinz de Baranda","addr:housenumber":"8","addr:postcode":"28009"}}},{"type":"Feature","id":"osm-way-179749169","geometry":{"type":"Polygon","coordinates":[[[-3.677826,40.416724],[-3.67789,40.416904],[-3.678041,40.416913],[-3.678072,40.416886],[-3.678001,40.416689],[-3.677826,40.416724]]]},"properties":{"osmId":179749169,"osmType":"way","tags":{"building":"residential","building:levels":"8","addr:street":"Avenida de Menéndez Pelayo","addr:housenumber":"47","addr:postcode":"28009"}}},{"type":"Feature","id":"osm-way-179749170","geometry":{"type":"Polygon","coordinates":[[[-3.677085,40.41659],[-3.677088,40.416575],[-3.677052,40.416569],[-3.677045,40.416626],[-3.677033,40.416716],[-3.67703,40.416732],[-3.677051,40.416733],[-3.677045,40.416782],[-3.677024,40.41678],[-3.677015,40.416851],[-3.677177,40.416861],[-3.677168,40.416791],[-3.677142,40.416793],[-3.677132,40.416713],[-3.677157,40.416711],[-3.677142,40.416598],[-3.677141,40.416594],[-3.677085,40.41659]]]},"properties":{"osmId":179749170,"osmType":"way","tags":{"building":"residential","addr:street":"Calle del Alcalde Sáinz de Baranda","addr:housenumber":"12","addr:postcode":"28009"}}},{"type":"Feature","id":"osm-way-179749171","geometry":{"type":"Polygon","coordinates":[[[-3.677448,40.416407],[-3.677872,40.416329],[-3.677805,40.416142],[-3.677427,40.416207],[-3.677448,40.416407]]]},"properties":{"osmId":179749171,"osmType":"way","tags":{"building":"residential","building:levels":"9","addr:street":"Avenida de Menéndez Pelayo","addr:housenumber":"53","addr:postcode":"28009"}}},{"type":"Feature","id":"osm-way-179749172","geometry":{"type":"Polygon","coordinates":[[[-3.678001,40.416689],[-3.677938,40.416512],[-3.677487,40.416595],[-3.677546,40.416781],[-3.677826,40.416724],[-3.678001,40.416689]]]},"properties":{"osmId":179749172,"osmType":"way","tags":{"building":"residential","building:levels":"9","addr:street":"Avenida de Menéndez Pelayo","addr:housenumber":"49","addr:postcode":"28009"}}},{"type":"Feature","id":"osm-way-179749174","geometry":{"type":"Polygon","coordinates":[[[-3.677872,40.416329],[-3.677448,40.416407],[-3.677456,40.416496],[-3.677487,40.416595],[-3.677938,40.416512],[-3.677872,40.416329]]]},"properties":{"osmId":179749174,"osmType":"way","tags":{"building":"residential","building:levels":"9","addr:street":"Avenida de Menéndez Pelayo","addr:housenumber":"51","addr:postcode":"28009"}}},{"type":"Feature","id":"osm-way-179749175","geometry":{"type":"Polygon","coordinates":[[[-3.677368,40.416514],[-3.677391,40.416604],[-3.677403,40.416648],[-3.677464,40.416878],[-3.677586,40.416885],[-3.677546,40.416781],[-3.677487,40.416595],[-3.677456,40.416496],[-3.677368,40.416514]]]},"properties":{"osmId":179749175,"osmType":"way","tags":{"building":"residential","addr:street":"Calle del Alcalde Sáinz de Baranda","addr:housenumber":"6","addr:postcode":"28009"}}},{"type":"Feature","id":"osm-way-179749176","geometry":{"type":"Polygon","coordinates":[[[-3.677033,40.416716],[-3.677045,40.416626],[-3.676878,40.416616],[-3.676855,40.416841],[-3.677015,40.416851],[-3.677024,40.41678],[-3.676962,40.416779],[-3.67697,40.416712],[-3.677033,40.416716]]]},"properties":{"osmId":179749176,"osmType":"way","tags":{"building":"residential","addr:street":"Calle del Alcalde Sáinz de Baranda","addr:housenumber":"14","addr:postcode":"28009"}}},{"type":"Feature","id":"osm-way-179819771","geometry":{"type":"Polygon","coordinates":[[[-3.673664,40.414121],[-3.673679,40.413772],[-3.67378,40.413775],[-3.673777,40.41384],[-3.67382,40.413841],[-3.673819,40.413853],[-3.673845,40.413854],[-3.673845,40.413864],[-3.673904,40.413865],[-3.673926,40.413866],[-3.67392,40.41407],[-3.673918,40.414127],[-3.673823,40.414125],[-3.673824,40.414083],[-3.673766,40.414082],[-3.673764,40.414123],[-3.673664,40.414121]]]},"properties":{"osmId":179819771,"osmType":"way","tags":{"building":"residential","building:levels":"6","addr:street":"Calle de Pío Baroja","addr:housenumber":"7","addr:postcode":"28009"}}},{"type":"Feature","id":"osm-way-179819778","geometry":{"type":"Polygon","coordinates":[[[-3.67378,40.413775],[-3.673781,40.413749],[-3.673784,40.41366],[-3.673856,40.413661],[-3.673857,40.413626],[-3.673938,40.413626],[-3.673931,40.413783],[-3.673907,40.413782],[-3.673904,40.413865],[-3.673845,40.413864],[-3.673845,40.413854],[-3.673819,40.413853],[-3.67382,40.413841],[-3.673777,40.41384],[-3.67378,40.413775]]]},"properties":{"osmId":179819778,"osmType":"way","tags":{"building":"residential","addr:street":"Calle de Pío Baroja","addr:housenumber":"9","addr:postcode":"28009"}}},{"type":"Feature","id":"osm-way-179819779","geometry":{"type":"Polygon","coordinates":[[[-3.673918,40.414127],[-3.673907,40.414479],[-3.673809,40.414477],[-3.67381,40.414431],[-3.673753,40.41443],[-3.673752,40.414476],[-3.673656,40.414475],[-3.673664,40.414121],[-3.673764,40.414123],[-3.673763,40.414166],[-3.673821,40.414167],[-3.673823,40.414125],[-3.673918,40.414127]]]},"properties":{"osmId":179819779,"osmType":"way","tags":{"building":"residential","building:levels":"6","addr:street":"Calle de Pío Baroja","addr:housenumber":"5","addr:postcode":"28009"}}},{"type":"Feature","id":"osm-way-181359242","geometry":{"type":"Polygon","coordinates":[[[-3.677628,40.417159],[-3.677829,40.417321],[-3.677689,40.417412],[-3.677484,40.417548],[-3.677379,40.417615],[-3.677274,40.417669],[-3.677213,40.41767],[-3.677122,40.417591],[-3.677118,40.417549],[-3.677192,40.417463],[-3.677471,40.417263],[-3.677628,40.417159]]]},"properties":{"osmId":181359242,"osmType":"way","tags":{"building":"church","addr:street":"Calle del Alcalde Sáinz de Baranda","addr:housenumber":"3","addr:postcode":"28009"}}},{"type":"Feature","id":"osm-way-181359245","geometry":{"type":"Polygon","coordinates":[[[-3.676632,40.418001],[-3.676636,40.417951],[-3.676613,40.41795],[-3.676616,40.417905],[-3.676639,40.417906],[-3.676642,40.417856],[-3.676455,40.417844],[-3.676444,40.41799],[-3.676527,40.417995],[-3.676529,40.417976],[-3.676589,40.41798],[-3.676587,40.417998],[-3.676632,40.418001]]]},"properties":{"osmId":181359245,"osmType":"way","tags":{"building":"apartments"}}},{"type":"Feature","id":"osm-way-181359246","geometry":{"type":"Polygon","coordinates":[[[-3.6737,40.417716],[-3.673694,40.417787],[-3.673723,40.417788],[-3.673714,40.417937],[-3.673685,40.417936],[-3.673678,40.418009],[-3.673892,40.418019],[-3.673897,40.417949],[-3.67387,40.417947],[-3.673881,40.417793],[-3.673908,40.417794],[-3.673911,40.417728],[-3.6737,40.417716]]]},"properties":{"osmId":181359246,"osmType":"way","tags":{"building":"apartments"}}},{"type":"Feature","id":"osm-way-181359250","geometry":{"type":"Polygon","coordinates":[[[-3.67709,40.417131],[-3.677078,40.417243],[-3.677471,40.417263],[-3.677628,40.417159],[-3.677542,40.417155],[-3.677131,40.417133],[-3.67709,40.417131]]]},"properties":{"osmId":181359250,"osmType":"way","tags":{"building":"public","building:levels":"5"}}},{"type":"Feature","id":"osm-way-181359252","geometry":{"type":"Polygon","coordinates":[[[-3.676882,40.417111],[-3.677049,40.417122],[-3.677016,40.417411],[-3.676848,40.417402],[-3.676882,40.417111]]]},"properties":{"osmId":181359252,"osmType":"way","tags":{"building":"apartments","building:levels":"6"}}},{"type":"Feature","id":"osm-way-181359253","geometry":{"type":"Polygon","coordinates":[[[-3.674113,40.416957],[-3.673881,40.416942],[-3.673865,40.417116],[-3.674101,40.417131],[-3.674113,40.416957]]]},"properties":{"osmId":181359253,"osmType":"way","tags":{"building":"apartments"}}},{"type":"Feature","id":"osm-way-181359254","geometry":{"type":"Polygon","coordinates":[[[-3.677484,40.417548],[-3.677589,40.417554],[-3.677584,40.417601],[-3.677656,40.417604],[-3.677661,40.417558],[-3.677807,40.417565],[-3.677793,40.417719],[-3.677663,40.417712],[-3.677644,40.417712],[-3.677647,40.41767],[-3.677578,40.417667],[-3.677574,40.417708],[-3.677469,40.417703],[-3.677484,40.417548]]]},"properties":{"osmId":181359254,"osmType":"way","tags":{"building":"apartments"}}},{"type":"Feature","id":"osm-way-181359256","geometry":{"type":"Polygon","coordinates":[[[-3.673911,40.417728],[-3.674127,40.417733],[-3.674105,40.418028],[-3.673892,40.418019],[-3.673897,40.417949],[-3.673919,40.417949],[-3.67393,40.417795],[-3.673908,40.417794],[-3.673911,40.417728]]]},"properties":{"osmId":181359256,"osmType":"way","tags":{"building":"apartments"}}},{"type":"Feature","id":"osm-way-181359257","geometry":{"type":"Polygon","coordinates":[[[-3.676495,40.417383],[-3.676502,40.417246],[-3.676576,40.417251],[-3.676638,40.417254],[-3.676722,40.417259],[-3.676706,40.417394],[-3.676495,40.417383]]]},"properties":{"osmId":181359257,"osmType":"way","tags":{"building":"apartments","addr:street":"Calle de Narváez","addr:housenumber":"74","addr:postcode":"28009"}}},{"type":"Feature","id":"osm-way-181359258","geometry":{"type":"Polygon","coordinates":[[[-3.674105,40.418028],[-3.674284,40.418036],[-3.674288,40.417963],[-3.674229,40.417961],[-3.67423,40.41794],[-3.674289,40.417942],[-3.674297,40.4178],[-3.674242,40.417798],[-3.674243,40.417776],[-3.674298,40.417778],[-3.674301,40.417739],[-3.674127,40.417733],[-3.674105,40.418028]]]},"properties":{"osmId":181359258,"osmType":"way","tags":{"building":"apartments"}}},{"type":"Feature","id":"osm-way-181359259","geometry":{"type":"Polygon","coordinates":[[[-3.67347,40.417336],[-3.673489,40.417336],[-3.673494,40.417298],[-3.673268,40.417289],[-3.673265,40.417326],[-3.67347,40.417336]]]},"properties":{"osmId":181359259,"osmType":"way","tags":{"building":"apartments"}}},{"type":"Feature","id":"osm-way-181359260","geometry":{"type":"Polygon","coordinates":[[[-3.676811,40.417865],[-3.676852,40.417868],[-3.67685,40.417889],[-3.676929,40.417893],[-3.676931,40.417873],[-3.676977,40.417875],[-3.676971,40.417936],[-3.676911,40.417932],[-3.67691,40.417949],[-3.676969,40.417953],[-3.676965,40.418004],[-3.676924,40.418002],[-3.676922,40.41802],[-3.676963,40.418023],[-3.676957,40.41808],[-3.676907,40.418078],[-3.676905,40.418098],[-3.676955,40.418101],[-3.676949,40.418167],[-3.676857,40.41816],[-3.676782,40.418157],[-3.676789,40.418091],[-3.676834,40.418093],[-3.676836,40.418072],[-3.676791,40.41807],[-3.676797,40.418012],[-3.676858,40.418015],[-3.67686,40.417998],[-3.676798,40.417995],[-3.676804,40.417943],[-3.676859,40.417946],[-3.676861,40.417928],[-3.676805,40.417925],[-3.676811,40.417865]]]},"properties":{"osmId":181359260,"osmType":"way","tags":{"building":"apartments"}}},{"type":"Feature","id":"osm-way-181359263","geometry":{"type":"Polygon","coordinates":[[[-3.674501,40.417311],[-3.674508,40.417271],[-3.674608,40.417276],[-3.674603,40.417356],[-3.674597,40.417433],[-3.674494,40.417429],[-3.674496,40.417412],[-3.674329,40.417404],[-3.674328,40.41742],[-3.674226,40.417416],[-3.67424,40.417256],[-3.674344,40.417263],[-3.67434,40.417303],[-3.674501,40.417311]]]},"properties":{"osmId":181359263,"osmType":"way","tags":{"building":"apartments","building:levels":"7"}}},{"type":"Feature","id":"osm-way-181359264","geometry":{"type":"Polygon","coordinates":[[[-3.676882,40.417111],[-3.676848,40.417402],[-3.676706,40.417394],[-3.676722,40.417259],[-3.676725,40.417227],[-3.676732,40.417168],[-3.676738,40.417106],[-3.676882,40.417111]]]},"properties":{"osmId":181359264,"osmType":"way","tags":{"building":"apartments","building:levels":"5"}}},{"type":"Feature","id":"osm-way-181359265","geometry":{"type":"Polygon","coordinates":[[[-3.674597,40.417433],[-3.674588,40.417591],[-3.674497,40.417585],[-3.674485,40.417585],[-3.674487,40.417559],[-3.674319,40.417549],[-3.674316,40.417575],[-3.674213,40.417572],[-3.674226,40.417416],[-3.674328,40.41742],[-3.674325,40.417446],[-3.674492,40.417455],[-3.674494,40.417429],[-3.674597,40.417433]]]},"properties":{"osmId":181359265,"osmType":"way","tags":{"building":"apartments","building:levels":"7"}}},{"type":"Feature","id":"osm-way-181359268","geometry":{"type":"Polygon","coordinates":[[[-3.676684,40.417858],[-3.676682,40.41788],[-3.67676,40.417884],[-3.676762,40.417863],[-3.676811,40.417865],[-3.676805,40.417925],[-3.676743,40.417921],[-3.676741,40.417939],[-3.676804,40.417943],[-3.676798,40.417995],[-3.676755,40.417992],[-3.676753,40.418009],[-3.676797,40.418012],[-3.676791,40.41807],[-3.676742,40.418067],[-3.67674,40.418088],[-3.676789,40.418091],[-3.676782,40.418157],[-3.676699,40.418151],[-3.676622,40.418146],[-3.676626,40.418081],[-3.676672,40.418083],[-3.676673,40.418061],[-3.676628,40.418059],[-3.676632,40.418001],[-3.676693,40.418003],[-3.676695,40.417987],[-3.676633,40.417985],[-3.676636,40.417951],[-3.676637,40.417934],[-3.676692,40.417936],[-3.676694,40.417918],[-3.676638,40.417916],[-3.676639,40.417906],[-3.676642,40.417856],[-3.676684,40.417858]]]},"properties":{"osmId":181359268,"osmType":"way","tags":{"building":"apartments"}}},{"type":"Feature","id":"osm-way-181359270","geometry":{"type":"Polygon","coordinates":[[[-3.676465,40.417692],[-3.676455,40.417844],[-3.676642,40.417856],[-3.676684,40.417858],[-3.676749,40.417862],[-3.676766,40.417708],[-3.676465,40.417692]]]},"properties":{"osmId":181359270,"osmType":"way","tags":{"building":"apartments","addr:street":"Calle de Narváez","addr:housenumber":"70","addr:postcode":"28009"}}},{"type":"Feature","id":"osm-way-181359272","geometry":{"type":"Polygon","coordinates":[[[-3.674608,40.417276],[-3.674618,40.417141],[-3.674628,40.417006],[-3.674598,40.416981],[-3.674467,40.416974],[-3.674457,40.417065],[-3.674515,40.417069],[-3.674499,40.417223],[-3.674442,40.41722],[-3.674437,40.417267],[-3.674508,40.417271],[-3.674608,40.417276]]]},"properties":{"osmId":181359272,"osmType":"way","tags":{"building":"apartments","building:levels":"7"}}},{"type":"Feature","id":"osm-way-181359273","geometry":{"type":"Polygon","coordinates":[[[-3.673532,40.416915],[-3.673324,40.416905],[-3.673296,40.416927],[-3.673284,40.417087],[-3.673515,40.417102],[-3.673532,40.416915]]]},"properties":{"osmId":181359273,"osmType":"way","tags":{"building":"apartments"}}},{"type":"Feature","id":"osm-way-181359277","geometry":{"type":"Polygon","coordinates":[[[-3.674475,40.417802],[-3.674473,40.417831],[-3.674333,40.417823],[-3.674322,40.41796],[-3.674288,40.417963],[-3.674284,40.418036],[-3.674385,40.418041],[-3.674525,40.418047],[-3.674563,40.418025],[-3.674576,40.417805],[-3.674475,40.417802]]]},"properties":{"osmId":181359277,"osmType":"way","tags":{"building":"apartments","building:levels":"9"}}},{"type":"Feature","id":"osm-way-181359278","geometry":{"type":"Polygon","coordinates":[[[-3.6735,40.417241],[-3.673506,40.417176],[-3.673515,40.417102],[-3.673284,40.417087],[-3.673276,40.417194],[-3.673384,40.417235],[-3.6735,40.417241]]]},"properties":{"osmId":181359278,"osmType":"way","tags":{"building":"apartments"}}},{"type":"Feature","id":"osm-way-181359279","geometry":{"type":"Polygon","coordinates":[[[-3.677793,40.417719],[-3.677785,40.417797],[-3.677779,40.417875],[-3.677649,40.417867],[-3.677653,40.417825],[-3.677593,40.417822],[-3.677589,40.417864],[-3.677453,40.417856],[-3.677469,40.417703],[-3.677574,40.417708],[-3.677604,40.41771],[-3.6776,40.417752],[-3.677659,40.417754],[-3.677663,40.417712],[-3.677793,40.417719]]]},"properties":{"osmId":181359279,"osmType":"way","tags":{"building":"apartments"}}},{"type":"Feature","id":"osm-way-181359281","geometry":{"type":"Polygon","coordinates":[[[-3.673881,40.416942],[-3.673532,40.416915],[-3.673515,40.417102],[-3.673506,40.417176],[-3.673858,40.417196],[-3.673865,40.417116],[-3.673881,40.416942]]]},"properties":{"osmId":181359281,"osmType":"way","tags":{"building":"apartments"}}},{"type":"Feature","id":"osm-way-181359283","geometry":{"type":"Polygon","coordinates":[[[-3.673258,40.417416],[-3.673243,40.417584],[-3.673469,40.417592],[-3.673492,40.417593],[-3.673505,40.417428],[-3.673467,40.417426],[-3.673258,40.417416]]]},"properties":{"osmId":181359283,"osmType":"way","tags":{"building":"apartments","addr:street":"Calle de Máiquez","addr:postcode":"28009"}}},{"type":"Feature","id":"osm-way-181359284","geometry":{"type":"Polygon","coordinates":[[[-3.673356,40.41768],[-3.673466,40.417686],[-3.673469,40.417592],[-3.673243,40.417584],[-3.673234,40.417676],[-3.673356,40.41768]]]},"properties":{"osmId":181359284,"osmType":"way","tags":{"building":"apartments"}}},{"type":"Feature","id":"osm-way-181359285","geometry":{"type":"Polygon","coordinates":[[[-3.674467,40.416974],[-3.674288,40.416965],[-3.674113,40.416957],[-3.674101,40.417131],[-3.674211,40.417137],[-3.674208,40.41721],[-3.674242,40.417214],[-3.67424,40.417256],[-3.674344,40.417263],[-3.674437,40.417267],[-3.674442,40.41722],[-3.674449,40.417146],[-3.674393,40.417143],[-3.6744,40.417078],[-3.674456,40.417082],[-3.674457,40.417065],[-3.674467,40.416974]]]},"properties":{"osmId":181359285,"osmType":"way","tags":{"building":"apartments"}}},{"type":"Feature","id":"osm-way-181359286","geometry":{"type":"Polygon","coordinates":[[[-3.673467,40.417883],[-3.673468,40.417848],[-3.673418,40.417846],[-3.673421,40.417812],[-3.673469,40.417814],[-3.673468,40.417778],[-3.673348,40.417773],[-3.673228,40.417767],[-3.67322,40.417871],[-3.673327,40.417876],[-3.673403,40.417879],[-3.673467,40.417883]]]},"properties":{"osmId":181359286,"osmType":"way","tags":{"building":"apartments"}}},{"type":"Feature","id":"osm-way-181359287","geometry":{"type":"Polygon","coordinates":[[[-3.676465,40.417692],[-3.676766,40.417708],[-3.676854,40.417713],[-3.676869,40.417558],[-3.67689,40.417559],[-3.676875,40.417716],[-3.676951,40.41772],[-3.676953,40.417694],[-3.676987,40.417696],[-3.676984,40.417723],[-3.677053,40.417726],[-3.677083,40.417415],[-3.677016,40.417411],[-3.676848,40.417402],[-3.676706,40.417394],[-3.676495,40.417383],[-3.676465,40.417692]]]},"properties":{"osmId":181359287,"osmType":"way","tags":{"building":"apartments","addr:street":"Calle de Narváez","addr:housenumber":"72","addr:postcode":"28009"}}},{"type":"Feature","id":"osm-way-194853752","geometry":{"type":"Polygon","coordinates":[[[-3.6794,40.416046],[-3.679316,40.415737],[-3.679129,40.415767],[-3.679213,40.416076],[-3.6794,40.416046]]]},"properties":{"osmId":194853752,"osmType":"way","tags":{"building":"civic","building:levels":"1"}}},{"type":"Feature","id":"osm-way-198156015","geometry":{"type":"Polygon","coordinates":[[[-3.665534,40.420978],[-3.665231,40.421025],[-3.6653,40.421307],[-3.665605,40.421263],[-3.665534,40.420978]]]},"properties":{"osmId":198156015,"osmType":"way","tags":{"building":"yes","addr:street":"Calle Elvira","addr:housenumber":"36","addr:postcode":"28028"}}},{"type":"Feature","id":"osm-way-201039148","geometry":{"type":"Polygon","coordinates":[[[-3.678395,40.418524],[-3.678189,40.418512],[-3.678167,40.418732],[-3.678151,40.418909],[-3.67823,40.418913],[-3.678284,40.418917],[-3.67833,40.418914],[-3.678345,40.418787],[-3.67837,40.418788],[-3.678375,40.418704],[-3.678395,40.418524]]]},"properties":{"osmId":201039148,"osmType":"way","tags":{"building":"apartments","building:levels":"8"}}},{"type":"Feature","id":"osm-way-201039149","geometry":{"type":"Polygon","coordinates":[[[-3.678883,40.419127],[-3.678772,40.418821],[-3.678607,40.418857],[-3.67833,40.418914],[-3.678318,40.418933],[-3.678353,40.419035],[-3.678366,40.419077],[-3.678424,40.419223],[-3.678453,40.419217],[-3.678517,40.419203],[-3.678564,40.419194],[-3.678657,40.419174],[-3.678883,40.419127]]]},"properties":{"osmId":201039149,"osmType":"way","tags":{"building":"apartments","building:levels":"8"}}},{"type":"Feature","id":"osm-way-201039150","geometry":{"type":"Polygon","coordinates":[[[-3.669254,40.421336],[-3.669214,40.421362],[-3.669206,40.4215],[-3.669242,40.421502],[-3.669312,40.421505],[-3.669317,40.421441],[-3.669391,40.421445],[-3.669388,40.421509],[-3.669493,40.421515],[-3.669504,40.421383],[-3.669492,40.421383],[-3.669495,40.421347],[-3.669349,40.42134],[-3.669254,40.421336]]]},"properties":{"osmId":201039150,"osmType":"way","tags":{"building":"yes"}}},{"type":"Feature","id":"osm-way-201039153","geometry":{"type":"Polygon","coordinates":[[[-3.677859,40.418891],[-3.677849,40.419],[-3.678219,40.41902],[-3.678205,40.419168],[-3.678063,40.419161],[-3.678059,40.419205],[-3.678107,40.419208],[-3.678182,40.419212],[-3.678232,40.419214],[-3.678263,40.419216],[-3.678288,40.419217],[-3.678343,40.419219],[-3.678348,40.419176],[-3.678323,40.419175],[-3.678334,40.419078],[-3.678366,40.419077],[-3.678353,40.419035],[-3.678275,40.419033],[-3.678284,40.418917],[-3.67823,40.418913],[-3.678151,40.418909],[-3.677859,40.418891]]]},"properties":{"osmId":201039153,"osmType":"way","tags":{"building":"school","addr:street":"Calle Lope de Rueda","addr:housenumber":"48","addr:postcode":"28009"}}},{"type":"Feature","id":"osm-way-201039160","geometry":{"type":"Polygon","coordinates":[[[-3.678034,40.41946],[-3.678209,40.419468],[-3.678215,40.419404],[-3.678217,40.419379],[-3.678219,40.419358],[-3.678192,40.419357],[-3.678199,40.41928],[-3.678226,40.419281],[-3.678227,40.419269],[-3.678232,40.419214],[-3.678182,40.419212],[-3.678179,40.419242],[-3.678105,40.419238],[-3.678107,40.419208],[-3.678059,40.419205],[-3.678052,40.419274],[-3.678077,40.419275],[-3.67807,40.419353],[-3.678045,40.419351],[-3.678034,40.41946]]]},"properties":{"osmId":201039160,"osmType":"way","tags":{"building":"apartments"}}},{"type":"Feature","id":"osm-way-201039163","geometry":{"type":"Polygon","coordinates":[[[-3.67855,40.41948],[-3.678775,40.419491],[-3.67875,40.419425],[-3.678699,40.419423],[-3.678699,40.4194],[-3.678742,40.419402],[-3.678727,40.419363],[-3.678691,40.419361],[-3.678693,40.41933],[-3.678687,40.419327],[-3.678679,40.419327],[-3.67868,40.419304],[-3.678706,40.419305],[-3.678657,40.419174],[-3.678564,40.419194],[-3.678576,40.419222],[-3.67857,40.419287],[-3.678593,40.419288],[-3.678587,40.419351],[-3.678563,40.41935],[-3.678559,40.419395],[-3.678598,40.419396],[-3.678596,40.419421],[-3.678556,40.419418],[-3.67855,40.41948]]]},"properties":{"osmId":201039163,"osmType":"way","tags":{"building":"apartments"}}},{"type":"Feature","id":"osm-way-201039164","geometry":{"type":"Polygon","coordinates":[[[-3.678772,40.418821],[-3.678716,40.418667],[-3.678546,40.418706],[-3.678607,40.418857],[-3.678772,40.418821]]]},"properties":{"osmId":201039164,"osmType":"way","tags":{"building":"apartments","building:levels":"8"}}},{"type":"Feature","id":"osm-way-201039167","geometry":{"type":"Polygon","coordinates":[[[-3.678189,40.418512],[-3.678026,40.4185],[-3.67801,40.418676],[-3.678044,40.418677],[-3.67804,40.4187],[-3.678068,40.418702],[-3.678065,40.418723],[-3.678167,40.418732],[-3.678189,40.418512]]]},"properties":{"osmId":201039167,"osmType":"way","tags":{"building":"apartments","building:levels":"8"}}},{"type":"Feature","id":"osm-way-201039171","geometry":{"type":"Polygon","coordinates":[[[-3.678376,40.419473],[-3.67855,40.41948],[-3.678556,40.419418],[-3.678517,40.419416],[-3.678519,40.419393],[-3.678559,40.419395],[-3.678563,40.41935],[-3.678537,40.419348],[-3.678544,40.419285],[-3.67857,40.419287],[-3.678576,40.419222],[-3.678564,40.419194],[-3.678517,40.419203],[-3.678524,40.419221],[-3.678523,40.419242],[-3.678455,40.41924],[-3.678453,40.419217],[-3.678424,40.419223],[-3.678399,40.419221],[-3.678394,40.419273],[-3.678418,40.419275],[-3.678412,40.419341],[-3.678388,40.41934],[-3.678384,40.419385],[-3.678426,40.419387],[-3.678423,40.419412],[-3.678382,40.41941],[-3.678376,40.419473]]]},"properties":{"osmId":201039171,"osmType":"way","tags":{"building":"apartments"}}},{"type":"Feature","id":"osm-way-201039174","geometry":{"type":"Polygon","coordinates":[[[-3.678743,40.419306],[-3.678746,40.419314],[-3.678712,40.419322],[-3.678727,40.419363],[-3.678742,40.419402],[-3.67875,40.419425],[-3.678775,40.419491],[-3.678975,40.4195],[-3.679008,40.419475],[-3.678933,40.419266],[-3.678743,40.419306]]]},"properties":{"osmId":201039174,"osmType":"way","tags":{"building":"apartments","building:levels":"9"}}},{"type":"Feature","id":"osm-way-201039178","geometry":{"type":"Polygon","coordinates":[[[-3.678399,40.419221],[-3.678343,40.419219],[-3.678341,40.419237],[-3.678286,40.419235],[-3.678288,40.419217],[-3.678263,40.419216],[-3.678232,40.419214],[-3.678227,40.419269],[-3.67825,40.41927],[-3.678244,40.419336],[-3.678221,40.419335],[-3.678219,40.419358],[-3.678217,40.419379],[-3.678253,40.419381],[-3.67825,40.419406],[-3.678215,40.419404],[-3.678209,40.419468],[-3.678376,40.419473],[-3.678382,40.41941],[-3.678338,40.419407],[-3.678341,40.419382],[-3.678384,40.419385],[-3.678388,40.41934],[-3.678363,40.419338],[-3.678369,40.419272],[-3.678394,40.419273],[-3.678399,40.419221]]]},"properties":{"osmId":201039178,"osmType":"way","tags":{"building":"apartments"}}},{"type":"Feature","id":"osm-way-201039181","geometry":{"type":"Polygon","coordinates":[[[-3.677875,40.418712],[-3.677859,40.418891],[-3.678151,40.418909],[-3.678167,40.418732],[-3.678065,40.418723],[-3.678005,40.41872],[-3.677875,40.418712]]]},"properties":{"osmId":201039181,"osmType":"way","tags":{"building":"apartments"}}},{"type":"Feature","id":"osm-way-201039185","geometry":{"type":"Polygon","coordinates":[[[-3.678063,40.419161],[-3.678064,40.419138],[-3.677838,40.419124],[-3.677811,40.419421],[-3.677839,40.419451],[-3.678034,40.41946],[-3.678045,40.419351],[-3.678046,40.419338],[-3.678014,40.419336],[-3.67802,40.419279],[-3.678052,40.419281],[-3.678052,40.419274],[-3.678059,40.419205],[-3.678063,40.419161]]]},"properties":{"osmId":201039185,"osmType":"way","tags":{"building":"apartments"}}},{"type":"Feature","id":"osm-way-201039188","geometry":{"type":"Polygon","coordinates":[[[-3.678716,40.418667],[-3.678678,40.418561],[-3.678643,40.418538],[-3.678395,40.418524],[-3.678375,40.418704],[-3.678418,40.418733],[-3.678546,40.418706],[-3.678716,40.418667]]]},"properties":{"osmId":201039188,"osmType":"way","tags":{"building":"apartments","building:levels":"8"}}},{"type":"Feature","id":"osm-way-201039191","geometry":{"type":"Polygon","coordinates":[[[-3.677929,40.418494],[-3.677896,40.418513],[-3.677875,40.418712],[-3.678005,40.41872],[-3.67801,40.418676],[-3.678026,40.4185],[-3.677929,40.418494]]]},"properties":{"osmId":201039191,"osmType":"way","tags":{"building":"yes"}}},{"type":"Feature","id":"osm-way-204992249","geometry":{"type":"Polygon","coordinates":[[[-3.661554,40.425253],[-3.661239,40.425278],[-3.661259,40.42542],[-3.661574,40.425394],[-3.661554,40.425253]]]},"properties":{"osmId":204992249,"osmType":"way","tags":{"building":"apartments","addr:street":"Calle de Sancho Dávila","addr:housenumber":"35","addr:postcode":"28028"}}},{"type":"Feature","id":"osm-way-204992253","geometry":{"type":"Polygon","coordinates":[[[-3.661276,40.425536],[-3.661296,40.425679],[-3.661611,40.425654],[-3.661591,40.425511],[-3.661276,40.425536]]]},"properties":{"osmId":204992253,"osmType":"way","tags":{"building":"apartments","addr:street":"Calle de Sancho Dávila","addr:housenumber":"31","addr:postcode":"28028"}}},{"type":"Feature","id":"osm-way-204992255","geometry":{"type":"Polygon","coordinates":[[[-3.661259,40.42542],[-3.661276,40.425536],[-3.661591,40.425511],[-3.661574,40.425394],[-3.661259,40.42542]]]},"properties":{"osmId":204992255,"osmType":"way","tags":{"building":"apartments","addr:street":"Calle de Sancho Dávila","addr:housenumber":"33","addr:postcode":"28028"}}},{"type":"Feature","id":"osm-way-207617322","geometry":{"type":"Polygon","coordinates":[[[-3.661071,40.421197],[-3.661069,40.420864],[-3.661155,40.420864],[-3.661155,40.420923],[-3.661198,40.420922],[-3.661202,40.420953],[-3.661204,40.42112],[-3.661158,40.42112],[-3.661159,40.421197],[-3.661071,40.421197]]]},"properties":{"osmId":207617322,"osmType":"way","tags":{"building":"yes"}}},{"type":"Feature","id":"osm-way-207630042","geometry":{"type":"Polygon","coordinates":[[[-3.662964,40.421067],[-3.662762,40.421106],[-3.662738,40.421107],[-3.662716,40.421106],[-3.662701,40.421101],[-3.662676,40.421088],[-3.662666,40.421079],[-3.662657,40.421068],[-3.66265,40.421052],[-3.662646,40.421037],[-3.662899,40.420991],[-3.662956,40.420978],[-3.662972,40.420981],[-3.662975,40.420989],[-3.663091,40.42097],[-3.663092,40.42101],[-3.663087,40.421019],[-3.663072,40.421027],[-3.662962,40.421048],[-3.662964,40.421067]]]},"properties":{"osmId":207630042,"osmType":"way","tags":{"building":"yes","building:levels":"1"}}},{"type":"Feature","id":"osm-way-207630047","geometry":{"type":"Polygon","coordinates":[[[-3.661299,40.420241],[-3.66127,40.41989],[-3.661341,40.419886],[-3.66137,40.420238],[-3.661299,40.420241]]]},"properties":{"osmId":207630047,"osmType":"way","tags":{"building":"yes","building:levels":"1"}}},{"type":"Feature","id":"osm-way-208085068","geometry":{"type":"Polygon","coordinates":[[[-3.661323,40.425878],[-3.661308,40.42577],[-3.661627,40.425744],[-3.661642,40.425851],[-3.661518,40.425861],[-3.661515,40.425833],[-3.661443,40.425839],[-3.661447,40.425868],[-3.661323,40.425878]]]},"properties":{"osmId":208085068,"osmType":"way","tags":{"building":"apartments","addr:street":"Calle de Sancho Dávila","addr:housenumber":"29B","addr:postcode":"28028"}}},{"type":"Feature","id":"osm-way-208085076","geometry":{"type":"Polygon","coordinates":[[[-3.661367,40.426177],[-3.661338,40.425976],[-3.661438,40.425968],[-3.661441,40.425986],[-3.661453,40.425992],[-3.661547,40.425986],[-3.661559,40.425973],[-3.661558,40.425957],[-3.661656,40.425949],[-3.661685,40.42615],[-3.661583,40.426159],[-3.66158,40.426137],[-3.661568,40.426132],[-3.661474,40.426139],[-3.661465,40.426147],[-3.661467,40.426169],[-3.661367,40.426177]]]},"properties":{"osmId":208085076,"osmType":"way","tags":{"building":"apartments","addr:street":"Calle de Sancho Dávila","addr:housenumber":"27","addr:postcode":"28028"}}},{"type":"Feature","id":"osm-way-208085079","geometry":{"type":"Polygon","coordinates":[[[-3.661338,40.425976],[-3.661323,40.425878],[-3.661447,40.425868],[-3.661449,40.42589],[-3.661522,40.425884],[-3.661518,40.425861],[-3.661642,40.425851],[-3.661656,40.425949],[-3.661558,40.425957],[-3.661533,40.42596],[-3.661529,40.425933],[-3.661474,40.425937],[-3.661476,40.425949],[-3.661458,40.425951],[-3.661461,40.425966],[-3.661438,40.425968],[-3.661338,40.425976]]]},"properties":{"osmId":208085079,"osmType":"way","tags":{"building":"apartments","addr:street":"Calle de Sancho Dávila","addr:housenumber":"29","addr:postcode":"28028"}}},{"type":"Feature","id":"osm-way-208614207","geometry":{"type":"Polygon","coordinates":[[[-3.662064,40.425653],[-3.662046,40.425618],[-3.662098,40.425515],[-3.662216,40.42555],[-3.662158,40.425678],[-3.662064,40.425653]]]},"properties":{"osmId":208614207,"osmType":"way","tags":{"building":"yes","addr:street":"Calle del Sol","addr:housenumber":"2","addr:postcode":"28028"}}},{"type":"Feature","id":"osm-way-208614208","geometry":{"type":"Polygon","coordinates":[[[-3.662098,40.425515],[-3.662216,40.42555],[-3.662299,40.425384],[-3.662387,40.42541],[-3.662306,40.425573],[-3.66243,40.425609],[-3.66257,40.425324],[-3.662244,40.425225],[-3.662098,40.425515]]]},"properties":{"osmId":208614208,"osmType":"way","tags":{"building":"yes","addr:street":"Paseo del Marqués de Zafra","addr:housenumber":"53","addr:postcode":"28028"}}},{"type":"Feature","id":"osm-way-208614210","geometry":{"type":"Polygon","coordinates":[[[-3.661713,40.425101],[-3.661737,40.425283],[-3.661879,40.42527],[-3.661875,40.425243],[-3.661871,40.42521],[-3.661933,40.425228],[-3.661976,40.425145],[-3.661753,40.425079],[-3.661713,40.425101]]]},"properties":{"osmId":208614210,"osmType":"way","tags":{"building":"apartments","building:levels":"7","addr:street":"Paseo del Marqués de Zafra","addr:housenumber":"61","addr:postcode":"28028"}}},{"type":"Feature","id":"osm-way-208614211","geometry":{"type":"Polygon","coordinates":[[[-3.662247,40.425701],[-3.662158,40.425678],[-3.662216,40.42555],[-3.662306,40.425573],[-3.662247,40.425701]]]},"properties":{"osmId":208614211,"osmType":"way","tags":{"building":"yes","addr:street":"Calle del Vizconde de Matamala","addr:housenumber":"44","addr:postcode":"28028"}}},{"type":"Feature","id":"osm-way-208614212","geometry":{"type":"Polygon","coordinates":[[[-3.662344,40.425729],[-3.662247,40.425701],[-3.662306,40.425573],[-3.66243,40.425609],[-3.662378,40.425716],[-3.662344,40.425729]]]},"properties":{"osmId":208614212,"osmType":"way","tags":{"building":"yes","addr:street":"Calle del Marqués de Zafra","addr:housenumber":"10","addr:postcode":"28028"}}},{"type":"Feature","id":"osm-way-208614213","geometry":{"type":"Polygon","coordinates":[[[-3.661772,40.425518],[-3.661877,40.425508],[-3.661907,40.425488],[-3.662018,40.42553],[-3.661981,40.425606],[-3.661789,40.42563],[-3.661772,40.425518]]]},"properties":{"osmId":208614213,"osmType":"way","tags":{"building":"apartments","addr:street":"Calle del Vizconde de Matamala","addr:housenumber":"48","addr:postcode":"28028"}}},{"type":"Feature","id":"osm-way-208614216","geometry":{"type":"Polygon","coordinates":[[[-3.661827,40.425938],[-3.661846,40.426071],[-3.662054,40.426052],[-3.662048,40.426027],[-3.662038,40.425985],[-3.661992,40.42599],[-3.661982,40.425924],[-3.66192,40.42593],[-3.661827,40.425938]]]},"properties":{"osmId":208614216,"osmType":"way","tags":{"building":"apartments","addr:street":"Calle de Sancho Dávila","addr:housenumber":"30","addr:postcode":"28028"}}},{"type":"Feature","id":"osm-way-208614217","geometry":{"type":"Polygon","coordinates":[[[-3.661737,40.425283],[-3.66175,40.425367],[-3.661889,40.425355],[-3.661888,40.425338],[-3.66197,40.42536],[-3.662084,40.425392],[-3.66211,40.425339],[-3.661987,40.425305],[-3.661881,40.425275],[-3.661879,40.42527],[-3.661737,40.425283]]]},"properties":{"osmId":208614217,"osmType":"way","tags":{"building":"apartments","addr:street":"Calle de Sancho Dávila","addr:housenumber":"38","addr:postcode":"28028"}}},{"type":"Feature","id":"osm-way-208614219","geometry":{"type":"Polygon","coordinates":[[[-3.661875,40.425243],[-3.661871,40.42521],[-3.661933,40.425228],[-3.661976,40.425145],[-3.662175,40.425203],[-3.66211,40.425339],[-3.661987,40.425305],[-3.661999,40.42528],[-3.661875,40.425243]]]},"properties":{"osmId":208614219,"osmType":"way","tags":{"building":"apartments","addr:street":"Paseo del Marqués de Zafra","addr:housenumber":"57","addr:postcode":"28028"}}},{"type":"Feature","id":"osm-way-208614220","geometry":{"type":"Polygon","coordinates":[[[-3.662127,40.425728],[-3.661998,40.425696],[-3.661967,40.425698],[-3.661998,40.425837],[-3.662066,40.425853],[-3.662127,40.425728]]]},"properties":{"osmId":208614220,"osmType":"way","tags":{"building":"yes","addr:street":"Calle del Vizconde de Matamala","addr:housenumber":"29","addr:postcode":"28028"}}},{"type":"Feature","id":"osm-way-208614221","geometry":{"type":"Polygon","coordinates":[[[-3.66175,40.425367],[-3.661772,40.425518],[-3.661877,40.425508],[-3.661907,40.425488],[-3.662018,40.42553],[-3.662084,40.425392],[-3.66197,40.42536],[-3.661948,40.425402],[-3.661894,40.425397],[-3.661889,40.425355],[-3.66175,40.425367]]]},"properties":{"osmId":208614221,"osmType":"way","tags":{"building":"apartments","addr:street":"Calle de Sancho Dávila","addr:housenumber":"36","addr:postcode":"28028"}}},{"type":"Feature","id":"osm-way-208614222","geometry":{"type":"Polygon","coordinates":[[[-3.662119,40.425912],[-3.662074,40.425996],[-3.662038,40.425985],[-3.662048,40.426027],[-3.6622,40.426068],[-3.662276,40.425911],[-3.662066,40.425853],[-3.662046,40.42589],[-3.662119,40.425912]]]},"properties":{"osmId":208614222,"osmType":"way","tags":{"building":"yes","addr:street":"Calle del Marqués de Zafra","addr:housenumber":"14","addr:postcode":"28028"}}},{"type":"Feature","id":"osm-way-208614223","geometry":{"type":"Polygon","coordinates":[[[-3.661794,40.425724],[-3.661827,40.425938],[-3.66192,40.42593],[-3.661915,40.4259],[-3.662008,40.425886],[-3.661998,40.425837],[-3.661967,40.425698],[-3.661794,40.425724]]]},"properties":{"osmId":208614223,"osmType":"way","tags":{"building":"yes","addr:street":"Calle de Sancho Dávila","addr:housenumber":"32","addr:postcode":"28028"}}},{"type":"Feature","id":"osm-way-208614224","geometry":{"type":"Polygon","coordinates":[[[-3.662311,40.425774],[-3.662127,40.425728],[-3.662066,40.425853],[-3.662276,40.425911],[-3.662331,40.425805],[-3.662311,40.425774]]]},"properties":{"osmId":208614224,"osmType":"way","tags":{"building":"yes","addr:street":"Calle del Marqués de Zafra","addr:housenumber":"12","addr:postcode":"28028"}}},{"type":"Feature","id":"osm-way-210654986","geometry":{"type":"Polygon","coordinates":[[[-3.662578,40.425858],[-3.662531,40.42595],[-3.662758,40.426016],[-3.662804,40.425928],[-3.662578,40.425858]]]},"properties":{"osmId":210654986,"osmType":"way","tags":{"building":"yes","addr:street":"Calle de Bocángel","addr:housenumber":"47","addr:postcode":"28028"}}},{"type":"Feature","id":"osm-way-210654990","geometry":{"type":"Polygon","coordinates":[[[-3.662531,40.42595],[-3.662502,40.426005],[-3.662477,40.426057],[-3.662704,40.426124],[-3.662758,40.426016],[-3.662531,40.42595]]]},"properties":{"osmId":210654990,"osmType":"way","tags":{"building":"yes","addr:street":"Calle de Bocángel","addr:housenumber":"45","addr:postcode":"28028"}}},{"type":"Feature","id":"osm-way-210654992","geometry":{"type":"Polygon","coordinates":[[[-3.662394,40.425825],[-3.662357,40.425899],[-3.662531,40.42595],[-3.662578,40.425858],[-3.662425,40.425813],[-3.662394,40.425825]]]},"properties":{"osmId":210654992,"osmType":"way","tags":{"building":"yes","addr:street":"Calle del Vizconde de Matamala","addr:housenumber":"25","addr:postcode":"28028"}}},{"type":"Feature","id":"osm-way-210654993","geometry":{"type":"Polygon","coordinates":[[[-3.662328,40.425954],[-3.662303,40.426002],[-3.662477,40.426057],[-3.662502,40.426005],[-3.662328,40.425954]]]},"properties":{"osmId":210654993,"osmType":"way","tags":{"building":"yes","addr:street":"Calle del Marqués de Zafra","addr:housenumber":"21","addr:postcode":"28028"}}},{"type":"Feature","id":"osm-way-210654994","geometry":{"type":"Polygon","coordinates":[[[-3.662357,40.425899],[-3.662328,40.425954],[-3.662502,40.426005],[-3.662531,40.42595],[-3.662357,40.425899]]]},"properties":{"osmId":210654994,"osmType":"way","tags":{"building":"yes","addr:street":"Calle del Marqués de Zafra","addr:housenumber":"19","addr:postcode":"28028"}}},{"type":"Feature","id":"osm-way-210813392","geometry":{"type":"Polygon","coordinates":[[[-3.662746,40.425587],[-3.662695,40.425687],[-3.662739,40.425701],[-3.662892,40.425745],[-3.662946,40.425642],[-3.662746,40.425587]]]},"properties":{"osmId":210813392,"osmType":"way","tags":{"building":"yes","addr:street":"Calle de Bocángel","addr:housenumber":"51","addr:postcode":"28028"}}},{"type":"Feature","id":"osm-way-210813394","geometry":{"type":"Polygon","coordinates":[[[-3.663462,40.425594],[-3.663752,40.425679],[-3.663669,40.425845],[-3.663378,40.425759],[-3.663462,40.425594]]]},"properties":{"osmId":210813394,"osmType":"way","tags":{"building":"apartments","addr:street":"Paseo del Marqués de Zafra","addr:housenumber":"39","addr:postcode":"28028"}}},{"type":"Feature","id":"osm-way-210813395","geometry":{"type":"Polygon","coordinates":[[[-3.66314,40.425785],[-3.663219,40.42581],[-3.663139,40.425965],[-3.66306,40.42594],[-3.66314,40.425785]]]},"properties":{"osmId":210813395,"osmType":"way","tags":{"building":"yes","addr:street":"Calle del Vizconde de Matamala","addr:housenumber":"32","addr:postcode":"28028"}}},{"type":"Feature","id":"osm-way-210813396","geometry":{"type":"Polygon","coordinates":[[[-3.663728,40.426139],[-3.663634,40.426112],[-3.663714,40.425955],[-3.663807,40.425982],[-3.663728,40.426139]]]},"properties":{"osmId":210813396,"osmType":"way","tags":{"building":"yes","addr:street":"Calle del Vizconde de Matamala","addr:housenumber":"20","addr:postcode":"28028"}}},{"type":"Feature","id":"osm-way-210813398","geometry":{"type":"Polygon","coordinates":[[[-3.663023,40.42575],[-3.663059,40.425682],[-3.663176,40.425718],[-3.66314,40.425785],[-3.663023,40.42575]]]},"properties":{"osmId":210813398,"osmType":"way","tags":{"building":"yes","addr:street":"Calle de Bocángel","addr:housenumber":"42","addr:postcode":"28028"}}},{"type":"Feature","id":"osm-way-210813400","geometry":{"type":"Polygon","coordinates":[[[-3.663459,40.42606],[-3.663375,40.426035],[-3.663454,40.42588],[-3.663538,40.425905],[-3.663459,40.42606]]]},"properties":{"osmId":210813400,"osmType":"way","tags":{"building":"yes","addr:street":"Calle del Vizconde de Matamala","addr:housenumber":"26","addr:postcode":"28028"}}},{"type":"Feature","id":"osm-way-210813402","geometry":{"type":"Polygon","coordinates":[[[-3.664444,40.425888],[-3.664347,40.425855],[-3.664267,40.426019],[-3.664226,40.426105],[-3.66433,40.426134],[-3.66435,40.426135],[-3.664453,40.42591],[-3.664444,40.425888]]]},"properties":{"osmId":210813402,"osmType":"way","tags":{"building":"yes","addr:street":"Paseo del Marqués de Zafra","addr:housenumber":"33","addr:postcode":"28028"}}},{"type":"Feature","id":"osm-way-210813404","geometry":{"type":"Polygon","coordinates":[[[-3.662793,40.425489],[-3.662756,40.425565],[-3.662746,40.425587],[-3.662946,40.425642],[-3.662993,40.42555],[-3.662921,40.425528],[-3.662842,40.425504],[-3.662793,40.425489]]]},"properties":{"osmId":210813404,"osmType":"way","tags":{"building":"yes","addr:street":"Calle de Bocángel","addr:housenumber":"53","addr:postcode":"28028"}}},{"type":"Feature","id":"osm-way-210813406","geometry":{"type":"Polygon","coordinates":[[[-3.662554,40.425507],[-3.66252,40.425576],[-3.662666,40.425616],[-3.662697,40.425624],[-3.662731,40.425559],[-3.662554,40.425507]]]},"properties":{"osmId":210813406,"osmType":"way","tags":{"building":"yes","addr:street":"Calle del Marqués de Zafra","addr:housenumber":"11","addr:postcode":"28028"}}},{"type":"Feature","id":"osm-way-210813408","geometry":{"type":"Polygon","coordinates":[[[-3.662493,40.425627],[-3.662607,40.425661],[-3.662651,40.425674],[-3.662588,40.425797],[-3.662481,40.425765],[-3.662447,40.425717],[-3.662493,40.425627]]]},"properties":{"osmId":210813408,"osmType":"way","tags":{"building":"yes","addr:street":"Calle del Marqués de Zafra","addr:housenumber":"15","addr:postcode":"28028"}}},{"type":"Feature","id":"osm-way-210813410","geometry":{"type":"Polygon","coordinates":[[[-3.663059,40.425682],[-3.663094,40.425615],[-3.663213,40.42565],[-3.663186,40.425703],[-3.663176,40.425718],[-3.663059,40.425682]]]},"properties":{"osmId":210813410,"osmType":"way","tags":{"building":"yes","addr:street":"Calle de Bocángel","addr:housenumber":"44","addr:postcode":"28028"}}},{"type":"Feature","id":"osm-way-210813413","geometry":{"type":"Polygon","coordinates":[[[-3.663454,40.42588],[-3.663297,40.425834],[-3.663218,40.425989],[-3.663375,40.426035],[-3.663454,40.42588]]]},"properties":{"osmId":210813413,"osmType":"way","tags":{"building":"yes","addr:street":"Calle del Vizconde de Matamala","addr:housenumber":"28","addr:postcode":"28028"}}},{"type":"Feature","id":"osm-way-210813416","geometry":{"type":"Polygon","coordinates":[[[-3.663218,40.425989],[-3.663139,40.425965],[-3.663219,40.42581],[-3.663297,40.425834],[-3.663218,40.425989]]]},"properties":{"osmId":210813416,"osmType":"way","tags":{"building":"yes","addr:street":"Calle del Vizconde de Matamala","addr:housenumber":"30","addr:postcode":"28028"}}},{"type":"Feature","id":"osm-way-210813417","geometry":{"type":"Polygon","coordinates":[[[-3.662884,40.425424],[-3.662794,40.425396],[-3.662752,40.425477],[-3.662793,40.425489],[-3.662842,40.425504],[-3.662884,40.425424]]]},"properties":{"osmId":210813417,"osmType":"way","tags":{"building":"yes","addr:street":"Paseo del Marqués de Zafra","addr:housenumber":"49","addr:postcode":"28028"}}},{"type":"Feature","id":"osm-way-210813418","geometry":{"type":"Polygon","coordinates":[[[-3.662588,40.425797],[-3.662651,40.425674],[-3.662695,40.425687],[-3.662739,40.425701],[-3.662675,40.425823],[-3.662588,40.425797]]]},"properties":{"osmId":210813418,"osmType":"way","tags":{"building":"yes","addr:street":"Calle del Vizconde de Matamala","addr:housenumber":"38","addr:postcode":"28028"}}},{"type":"Feature","id":"osm-way-210813419","geometry":{"type":"Polygon","coordinates":[[[-3.663669,40.425845],[-3.663752,40.425679],[-3.664039,40.425763],[-3.663956,40.425929],[-3.663669,40.425845]]]},"properties":{"osmId":210813419,"osmType":"way","tags":{"building":"apartments","addr:street":"Paseo del Marqués de Zafra","addr:housenumber":"37","addr:postcode":"28028"}}},{"type":"Feature","id":"osm-way-210813420","geometry":{"type":"Polygon","coordinates":[[[-3.662943,40.425906],[-3.663023,40.42575],[-3.66314,40.425785],[-3.66306,40.42594],[-3.662943,40.425906]]]},"properties":{"osmId":210813420,"osmType":"way","tags":{"building":"yes","addr:street":"Calle de Bocángel","addr:housenumber":"40","addr:postcode":"28028"}}},{"type":"Feature","id":"osm-way-210813421","geometry":{"type":"Polygon","coordinates":[[[-3.662592,40.42543],[-3.662554,40.425507],[-3.662731,40.425559],[-3.662756,40.425565],[-3.662793,40.425489],[-3.662752,40.425477],[-3.662592,40.42543]]]},"properties":{"osmId":210813421,"osmType":"way","tags":{"building":"yes","addr:street":"Calle del Marqués de Zafra","addr:housenumber":"9","addr:postcode":"28028"}}},{"type":"Feature","id":"osm-way-210813422","geometry":{"type":"Polygon","coordinates":[[[-3.663094,40.425615],[-3.663152,40.425503],[-3.66327,40.425538],[-3.663213,40.42565],[-3.663094,40.425615]]]},"properties":{"osmId":210813422,"osmType":"way","tags":{"building":"apartments","addr:street":"Paseo del Marqués de Zafra","addr:housenumber":"43","addr:postcode":"28028"}}},{"type":"Feature","id":"osm-way-210813423","geometry":{"type":"Polygon","coordinates":[[[-3.663186,40.425703],[-3.663213,40.42565],[-3.66327,40.425538],[-3.663462,40.425594],[-3.663378,40.425759],[-3.663186,40.425703]]]},"properties":{"osmId":210813423,"osmType":"way","tags":{"building":"apartments","addr:street":"Paseo del Marqués de Zafra","addr:housenumber":"41","addr:postcode":"28028"}}},{"type":"Feature","id":"osm-way-210813424","geometry":{"type":"Polygon","coordinates":[[[-3.663036,40.425467],[-3.662961,40.425445],[-3.662921,40.425528],[-3.662993,40.42555],[-3.663036,40.425467]]]},"properties":{"osmId":210813424,"osmType":"way","tags":{"building":"yes","addr:street":"Paseo del Marqués de Zafra","addr:housenumber":"45","addr:postcode":"28028"}}},{"type":"Feature","id":"osm-way-210813425","geometry":{"type":"Polygon","coordinates":[[[-3.664267,40.426019],[-3.664347,40.425855],[-3.664039,40.425763],[-3.663956,40.425929],[-3.664267,40.426019]]]},"properties":{"osmId":210813425,"osmType":"way","tags":{"building":"apartments","addr:street":"Paseo del Marqués de Zafra","addr:housenumber":"35","addr:postcode":"28028"}}},{"type":"Feature","id":"osm-way-210813426","geometry":{"type":"Polygon","coordinates":[[[-3.663634,40.426112],[-3.663558,40.426089],[-3.663635,40.425934],[-3.663714,40.425955],[-3.663634,40.426112]]]},"properties":{"osmId":210813426,"osmType":"way","tags":{"building":"yes","addr:street":"Calle del Vizconde de Matamala","addr:housenumber":"22","addr:postcode":"28028"}}},{"type":"Feature","id":"osm-way-210813427","geometry":{"type":"Polygon","coordinates":[[[-3.662633,40.425351],[-3.662592,40.42543],[-3.662752,40.425477],[-3.662794,40.425396],[-3.662633,40.425351]]]},"properties":{"osmId":210813427,"osmType":"way","tags":{"building":"yes","addr:street":"Paseo del Marqués de Zafra","addr:housenumber":"51","addr:postcode":"28028"}}},{"type":"Feature","id":"osm-way-210813428","geometry":{"type":"Polygon","coordinates":[[[-3.662961,40.425445],[-3.662884,40.425424],[-3.662842,40.425504],[-3.662921,40.425528],[-3.662961,40.425445]]]},"properties":{"osmId":210813428,"osmType":"way","tags":{"building":"yes","addr:street":"Paseo del Marqués de Zafra","addr:housenumber":"47","addr:postcode":"28028"}}},{"type":"Feature","id":"osm-way-210813429","geometry":{"type":"Polygon","coordinates":[[[-3.663882,40.426004],[-3.663807,40.425982],[-3.663728,40.426139],[-3.663802,40.426161],[-3.663882,40.426004]]]},"properties":{"osmId":210813429,"osmType":"way","tags":{"building":"yes","addr:street":"Calle del Vizconde de Matamala","addr:housenumber":"18","addr:postcode":"28028"}}},{"type":"Feature","id":"osm-way-210813430","geometry":{"type":"Polygon","coordinates":[[[-3.66252,40.425576],[-3.662493,40.425627],[-3.662607,40.425661],[-3.662623,40.42563],[-3.662654,40.42564],[-3.662666,40.425616],[-3.66252,40.425576]]]},"properties":{"osmId":210813430,"osmType":"way","tags":{"building":"yes","addr:street":"Calle del Marqués de Zafra","addr:housenumber":"13","addr:postcode":"28028"}}},{"type":"Feature","id":"osm-way-210813431","geometry":{"type":"Polygon","coordinates":[[[-3.663558,40.426089],[-3.663459,40.42606],[-3.663538,40.425905],[-3.663635,40.425934],[-3.663558,40.426089]]]},"properties":{"osmId":210813431,"osmType":"way","tags":{"building":"yes","addr:street":"Calle del Vizconde de Matamala","addr:housenumber":"24","addr:postcode":"28028"}}},{"type":"Feature","id":"osm-way-210813432","geometry":{"type":"Polygon","coordinates":[[[-3.662829,40.425869],[-3.662675,40.425823],[-3.662739,40.425701],[-3.662892,40.425745],[-3.662829,40.425869]]]},"properties":{"osmId":210813432,"osmType":"way","tags":{"building":"yes","addr:street":"Calle de Bocángel","addr:housenumber":"49","addr:postcode":"28028"}}},{"type":"Feature","id":"osm-way-216880344","geometry":{"type":"Polygon","coordinates":[[[-3.675493,40.425478],[-3.675395,40.425474],[-3.675396,40.425444],[-3.675325,40.425441],[-3.675322,40.42547],[-3.675306,40.425469],[-3.675211,40.425465],[-3.675213,40.425404],[-3.67525,40.425395],[-3.675277,40.425375],[-3.675309,40.425362],[-3.67536,40.425365],[-3.675403,40.425367],[-3.675502,40.425372],[-3.675493,40.425478]]]},"properties":{"osmId":216880344,"osmType":"way","tags":{"building":"yes"}}},{"type":"Feature","id":"osm-way-216880345","geometry":{"type":"Polygon","coordinates":[[[-3.669206,40.42331],[-3.669279,40.423311],[-3.669275,40.423371],[-3.669317,40.423369],[-3.66943,40.423366],[-3.669435,40.42331],[-3.669499,40.423313],[-3.669502,40.423278],[-3.669506,40.423234],[-3.669214,40.423219],[-3.669206,40.42331]]]},"properties":{"osmId":216880345,"osmType":"way","tags":{"building":"apartments","addr:street":"Calle de Jorge Juan","addr:housenumber":"131","addr:postcode":"28009"}}},{"type":"Feature","id":"osm-way-216880346","geometry":{"type":"Polygon","coordinates":[[[-3.674209,40.425039],[-3.674298,40.425044],[-3.674297,40.425071],[-3.674336,40.425077],[-3.674372,40.42509],[-3.674403,40.425109],[-3.674426,40.425134],[-3.674447,40.425126],[-3.674492,40.42518],[-3.674348,40.425243],[-3.674233,40.425297],[-3.674192,40.425275],[-3.674209,40.425039]]]},"properties":{"osmId":216880346,"osmType":"way","tags":{"building":"apartments","building:levels":"9"}}},{"type":"Feature","id":"osm-way-216880347","geometry":{"type":"Polygon","coordinates":[[[-3.670082,40.423442],[-3.670082,40.423477],[-3.670175,40.423482],[-3.67017,40.423543],[-3.670361,40.423551],[-3.670374,40.423419],[-3.670377,40.423382],[-3.670383,40.423275],[-3.670094,40.423262],[-3.670092,40.423306],[-3.670088,40.423367],[-3.670082,40.423442]]]},"properties":{"osmId":216880347,"osmType":"way","tags":{"building":"apartments","addr:street":"Calle de Jorge Juan","addr:housenumber":"127","addr:postcode":"28009"}}},{"type":"Feature","id":"osm-way-216880348","geometry":{"type":"Polygon","coordinates":[[[-3.675484,40.425583],[-3.675481,40.425629],[-3.675441,40.425625],[-3.675434,40.425704],[-3.675472,40.425737],[-3.675481,40.425756],[-3.675482,40.425778],[-3.67547,40.425808],[-3.67544,40.425833],[-3.675407,40.425842],[-3.675065,40.425825],[-3.67496,40.425819],[-3.674967,40.425751],[-3.674973,40.425676],[-3.674982,40.425558],[-3.675197,40.425567],[-3.675484,40.425583]]]},"properties":{"osmId":216880348,"osmType":"way","tags":{"building":"yes"}}},{"type":"Feature","id":"osm-way-216880349","geometry":{"type":"Polygon","coordinates":[[[-3.674422,40.42505],[-3.674474,40.425113],[-3.674447,40.425126],[-3.674492,40.42518],[-3.674556,40.425151],[-3.674628,40.425119],[-3.674584,40.425063],[-3.674557,40.425074],[-3.674526,40.425032],[-3.674552,40.425019],[-3.674536,40.425001],[-3.674467,40.425027],[-3.674422,40.42505]]]},"properties":{"osmId":216880349,"osmType":"way","tags":{"building":"apartments","building:levels":"8"}}},{"type":"Feature","id":"osm-way-216880350","geometry":{"type":"Polygon","coordinates":[[[-3.674615,40.425801],[-3.674172,40.425778],[-3.674158,40.425775],[-3.674141,40.425765],[-3.67413,40.425749],[-3.674126,40.425731],[-3.674131,40.425684],[-3.674143,40.425657],[-3.674156,40.425647],[-3.674333,40.425567],[-3.674499,40.425492],[-3.674609,40.425635],[-3.674588,40.425645],[-3.67458,40.425728],[-3.674623,40.42573],[-3.674615,40.425801]]]},"properties":{"osmId":216880350,"osmType":"way","tags":{"building":"apartments","building:levels":"8"}}},{"type":"Feature","id":"osm-way-216880351","geometry":{"type":"Polygon","coordinates":[[[-3.670623,40.423432],[-3.670621,40.423449],[-3.670617,40.423497],[-3.670615,40.423529],[-3.67061,40.423569],[-3.670506,40.423568],[-3.670503,40.4236],[-3.670608,40.423602],[-3.670606,40.423638],[-3.670597,40.423743],[-3.67035,40.423731],[-3.670358,40.423615],[-3.67036,40.423593],[-3.670361,40.423551],[-3.670374,40.423419],[-3.670623,40.423432]]]},"properties":{"osmId":216880351,"osmType":"way","tags":{"building":"apartments","addr:street":"Calle de la Povedilla","addr:housenumber":"4","addr:postcode":"28009"}}},{"type":"Feature","id":"osm-way-216880352","geometry":{"type":"Polygon","coordinates":[[[-3.670071,40.423618],[-3.669971,40.423613],[-3.669983,40.423426],[-3.670022,40.423427],[-3.670023,40.42344],[-3.670082,40.423442],[-3.670088,40.423367],[-3.669988,40.423363],[-3.669993,40.423301],[-3.670092,40.423306],[-3.670094,40.423262],[-3.669775,40.423247],[-3.669506,40.423234],[-3.669502,40.423278],[-3.669584,40.423292],[-3.66958,40.423354],[-3.669482,40.42335],[-3.669495,40.423364],[-3.669491,40.423414],[-3.669565,40.423431],[-3.669577,40.423594],[-3.669476,40.42359],[-3.669468,40.423689],[-3.669703,40.4237],[-3.669733,40.423312],[-3.669857,40.423318],[-3.66983,40.423702],[-3.669829,40.423706],[-3.670066,40.423717],[-3.670071,40.423618]]]},"properties":{"osmId":216880352,"osmType":"way","tags":{"building":"apartments"}}},{"type":"Feature","id":"osm-way-216880353","geometry":{"type":"Polygon","coordinates":[[[-3.669468,40.423689],[-3.669292,40.42368],[-3.6693,40.423574],[-3.669476,40.42359],[-3.669468,40.423689]]]},"properties":{"osmId":216880353,"osmType":"way","tags":{"building":"apartments","addr:street":"Calle de la Povedilla","addr:housenumber":"10","addr:postcode":"28009"}}},{"type":"Feature","id":"osm-way-216880354","geometry":{"type":"Polygon","coordinates":[[[-3.670624,40.423416],[-3.670623,40.423432],[-3.670621,40.423449],[-3.670643,40.42345],[-3.670639,40.423498],[-3.670617,40.423497],[-3.670615,40.423529],[-3.670926,40.423544],[-3.670929,40.423511],[-3.670935,40.423431],[-3.670853,40.423427],[-3.670823,40.423426],[-3.670758,40.423423],[-3.670756,40.423443],[-3.670696,40.42344],[-3.670697,40.42342],[-3.670624,40.423416]]]},"properties":{"osmId":216880354,"osmType":"way","tags":{"building":"apartments"}}},{"type":"Feature","id":"osm-way-216880355","geometry":{"type":"Polygon","coordinates":[[[-3.669292,40.42368],[-3.669019,40.423667],[-3.66903,40.423523],[-3.669303,40.423536],[-3.6693,40.423574],[-3.669292,40.42368]]]},"properties":{"osmId":216880355,"osmType":"way","tags":{"building":"apartments","addr:street":"Calle del Doctor Esquerdo","addr:housenumber":"30","addr:postcode":"28028"}}},{"type":"Feature","id":"osm-way-216880356","geometry":{"type":"Polygon","coordinates":[[[-3.66931,40.423456],[-3.669488,40.423463],[-3.669491,40.423414],[-3.669495,40.423364],[-3.66943,40.423366],[-3.669317,40.423369],[-3.66931,40.423456]]]},"properties":{"osmId":216880356,"osmType":"way","tags":{"building":"apartments"}}},{"type":"Feature","id":"osm-way-216880357","geometry":{"type":"Polygon","coordinates":[[[-3.670633,40.423311],[-3.67063,40.423341],[-3.67067,40.423343],[-3.670667,40.423385],[-3.670627,40.423383],[-3.670626,40.423394],[-3.670624,40.423416],[-3.670697,40.42342],[-3.670701,40.42342],[-3.670702,40.423407],[-3.670759,40.42341],[-3.670758,40.423423],[-3.670823,40.423426],[-3.670827,40.423386],[-3.670856,40.423388],[-3.670853,40.423427],[-3.670935,40.423431],[-3.670938,40.423392],[-3.670945,40.423304],[-3.670881,40.423299],[-3.670881,40.423306],[-3.670863,40.423306],[-3.67086,40.423339],[-3.670831,40.423339],[-3.670833,40.423307],[-3.670633,40.423311]]]},"properties":{"osmId":216880357,"osmType":"way","tags":{"building":"apartments"}}},{"type":"Feature","id":"osm-way-216880359","geometry":{"type":"Polygon","coordinates":[[[-3.674546,40.42487],[-3.67454,40.424935],[-3.674513,40.424934],[-3.674509,40.424978],[-3.674537,40.424979],[-3.674536,40.425001],[-3.674467,40.425027],[-3.674422,40.42505],[-3.674401,40.425028],[-3.674379,40.425026],[-3.674384,40.424971],[-3.674414,40.424973],[-3.674418,40.424928],[-3.674388,40.424926],[-3.674393,40.424862],[-3.674546,40.42487]]]},"properties":{"osmId":216880359,"osmType":"way","tags":{"building":"yes"}}},{"type":"Feature","id":"osm-way-216880360","geometry":{"type":"Polygon","coordinates":[[[-3.670881,40.423306],[-3.670881,40.423299],[-3.670383,40.423275],[-3.670377,40.423382],[-3.670626,40.423394],[-3.670627,40.423383],[-3.67063,40.423341],[-3.670633,40.423311],[-3.670833,40.423307],[-3.670863,40.423306],[-3.670881,40.423306]]]},"properties":{"osmId":216880360,"osmType":"way","tags":{"building":"apartments","addr:street":"Calle de Jorge Juan","addr:housenumber":"125","addr:postcode":"28009"}}},{"type":"Feature","id":"osm-way-216880362","geometry":{"type":"Polygon","coordinates":[[[-3.669042,40.423378],[-3.669055,40.423212],[-3.669214,40.423219],[-3.669206,40.42331],[-3.669149,40.423308],[-3.669144,40.423375],[-3.669042,40.423378]]]},"properties":{"osmId":216880362,"osmType":"way","tags":{"building":"apartments","addr:street":"Calle del Doctor Esquerdo","addr:housenumber":"34","addr:postcode":"28028"}}},{"type":"Feature","id":"osm-way-216880365","geometry":{"type":"Polygon","coordinates":[[[-3.674393,40.424862],[-3.674388,40.424926],[-3.674384,40.424971],[-3.674379,40.425026],[-3.674308,40.425024],[-3.674307,40.425044],[-3.674298,40.425044],[-3.674209,40.425039],[-3.674221,40.424877],[-3.674257,40.424856],[-3.674393,40.424862]]]},"properties":{"osmId":216880365,"osmType":"way","tags":{"building":"yes"}}},{"type":"Feature","id":"osm-way-216880367","geometry":{"type":"Polygon","coordinates":[[[-3.669303,40.423536],[-3.66931,40.423456],[-3.669317,40.423369],[-3.669275,40.423371],[-3.669144,40.423375],[-3.669042,40.423378],[-3.66903,40.423523],[-3.669303,40.423536]]]},"properties":{"osmId":216880367,"osmType":"way","tags":{"building":"apartments","addr:street":"Calle del Doctor Esquerdo","addr:housenumber":"32","addr:postcode":"28028"}}},{"type":"Feature","id":"osm-way-216880369","geometry":{"type":"Polygon","coordinates":[[[-3.675484,40.425583],[-3.675197,40.425567],[-3.675211,40.425465],[-3.675306,40.425469],[-3.675304,40.425502],[-3.675392,40.425507],[-3.675395,40.425474],[-3.675493,40.425478],[-3.675484,40.425583]]]},"properties":{"osmId":216880369,"osmType":"way","tags":{"building":"yes"}}},{"type":"Feature","id":"osm-way-216880372","geometry":{"type":"Polygon","coordinates":[[[-3.67035,40.423731],[-3.670066,40.423717],[-3.670071,40.423618],[-3.670072,40.423602],[-3.670164,40.423607],[-3.670166,40.423584],[-3.670265,40.423588],[-3.670264,40.423611],[-3.670358,40.423615],[-3.67035,40.423731]]]},"properties":{"osmId":216880372,"osmType":"way","tags":{"building":"apartments","addr:street":"Calle de la Povedilla","addr:housenumber":"6","addr:postcode":"28009"}}},{"type":"Feature","id":"osm-way-216880374","geometry":{"type":"Polygon","coordinates":[[[-3.674628,40.425119],[-3.674584,40.425063],[-3.67462,40.425045],[-3.674603,40.425021],[-3.67456,40.425029],[-3.674552,40.425019],[-3.674536,40.425001],[-3.674675,40.424977],[-3.674683,40.424994],[-3.674713,40.424981],[-3.674724,40.424993],[-3.67477,40.425054],[-3.674694,40.425088],[-3.674628,40.425119]]]},"properties":{"osmId":216880374,"osmType":"way","tags":{"building":"apartments","building:levels":"8"}}},{"type":"Feature","id":"osm-way-216880375","geometry":{"type":"Polygon","coordinates":[[[-3.675248,40.425338],[-3.675255,40.425347],[-3.67522,40.425362],[-3.67525,40.425395],[-3.675213,40.425404],[-3.674987,40.425504],[-3.674964,40.425476],[-3.67493,40.42549],[-3.674822,40.425348],[-3.674996,40.425271],[-3.675146,40.425203],[-3.675248,40.425338]]]},"properties":{"osmId":216880375,"osmType":"way","tags":{"building":"apartments","building:levels":"8"}}},{"type":"Feature","id":"osm-way-216880376","geometry":{"type":"Polygon","coordinates":[[[-3.67493,40.42549],[-3.67491,40.425499],[-3.674939,40.425539],[-3.674839,40.425588],[-3.674822,40.425567],[-3.674749,40.425601],[-3.674735,40.42558],[-3.674714,40.42559],[-3.67467,40.425536],[-3.674644,40.425546],[-3.674686,40.425602],[-3.67463,40.425627],[-3.674609,40.425635],[-3.674499,40.425492],[-3.674621,40.425438],[-3.674822,40.425348],[-3.67493,40.42549]]]},"properties":{"osmId":216880376,"osmType":"way","tags":{"building":"apartments","building:levels":"9"}}},{"type":"Feature","id":"osm-way-216880377","geometry":{"type":"Polygon","coordinates":[[[-3.675502,40.425372],[-3.675403,40.425367],[-3.675405,40.425337],[-3.675363,40.425335],[-3.67536,40.425365],[-3.675309,40.425362],[-3.675297,40.425343],[-3.675279,40.425342],[-3.675273,40.425336],[-3.675268,40.42533],[-3.675248,40.425338],[-3.675146,40.425203],[-3.675271,40.425147],[-3.67547,40.425057],[-3.675492,40.425054],[-3.675513,40.425062],[-3.675524,40.425072],[-3.675525,40.425084],[-3.675502,40.425372]]]},"properties":{"osmId":216880377,"osmType":"way","tags":{"building":"apartments"}}},{"type":"Feature","id":"osm-way-220776352","geometry":{"type":"Polygon","coordinates":[[[-3.678023,40.422654],[-3.678126,40.42266],[-3.678205,40.422664],[-3.678191,40.422846],[-3.678185,40.422921],[-3.678175,40.423045],[-3.678174,40.423064],[-3.678108,40.423059],[-3.677991,40.423049],[-3.678002,40.422913],[-3.678004,40.42289],[-3.678009,40.422838],[-3.678012,40.422803],[-3.678017,40.422751],[-3.678023,40.422654]]]},"properties":{"osmId":220776352,"osmType":"way","tags":{"building":"yes"}}},{"type":"Feature","id":"osm-way-220776353","geometry":{"type":"Polygon","coordinates":[[[-3.677863,40.423402],[-3.677754,40.423395],[-3.677624,40.423389],[-3.677634,40.423298],[-3.677636,40.423273],[-3.677641,40.42314],[-3.677691,40.423143],[-3.677689,40.423195],[-3.67783,40.423199],[-3.677832,40.423172],[-3.677859,40.423156],[-3.677877,40.423158],[-3.677875,40.423194],[-3.677863,40.423402]]]},"properties":{"osmId":220776353,"osmType":"way","tags":{"building":"yes"}}},{"type":"Feature","id":"osm-way-220776355","geometry":{"type":"Polygon","coordinates":[[[-3.677624,40.423389],[-3.677555,40.423386],[-3.67748,40.423384],[-3.677451,40.423358],[-3.677459,40.423247],[-3.677468,40.423126],[-3.677543,40.423133],[-3.677603,40.423137],[-3.677641,40.42314],[-3.677636,40.423273],[-3.677585,40.423271],[-3.677585,40.423294],[-3.677634,40.423298],[-3.677624,40.423389]]]},"properties":{"osmId":220776355,"osmType":"way","tags":{"building":"apartments"}}},{"type":"Feature","id":"osm-way-220776357","geometry":{"type":"Polygon","coordinates":[[[-3.677877,40.423158],[-3.677925,40.423162],[-3.677898,40.423132],[-3.67786,40.42309],[-3.67784,40.423068],[-3.677785,40.42301],[-3.677763,40.42301],[-3.677676,40.423005],[-3.677635,40.423003],[-3.677614,40.423002],[-3.677613,40.42302],[-3.677553,40.423017],[-3.677555,40.422999],[-3.677479,40.422994],[-3.677472,40.423065],[-3.677468,40.423126],[-3.677543,40.423133],[-3.677545,40.423115],[-3.677604,40.423118],[-3.677603,40.423137],[-3.677641,40.42314],[-3.677691,40.423143],[-3.67782,40.423153],[-3.677822,40.42312],[-3.677863,40.423123],[-3.677859,40.423156],[-3.677877,40.423158]]]},"properties":{"osmId":220776357,"osmType":"way","tags":{"building":"yes"}}},{"type":"Feature","id":"osm-way-220776364","geometry":{"type":"Polygon","coordinates":[[[-3.678739,40.422817],[-3.678734,40.422876],[-3.678729,40.422925],[-3.678468,40.422913],[-3.678456,40.422912],[-3.678465,40.422806],[-3.678739,40.422817]]]},"properties":{"osmId":220776364,"osmType":"way","tags":{"building":"yes"}}},{"type":"Feature","id":"osm-way-220776366","geometry":{"type":"Polygon","coordinates":[[[-3.678151,40.423413],[-3.677863,40.423402],[-3.677875,40.423194],[-3.677908,40.423196],[-3.677941,40.423179],[-3.677981,40.423224],[-3.678094,40.423349],[-3.678134,40.423394],[-3.678151,40.423413]]]},"properties":{"osmId":220776366,"osmType":"way","tags":{"building":"yes"}}},{"type":"Feature","id":"osm-way-220776367","geometry":{"type":"Polygon","coordinates":[[[-3.678457,40.422677],[-3.678718,40.422688],[-3.678746,40.422719],[-3.67874,40.42279],[-3.678739,40.422817],[-3.678465,40.422806],[-3.678445,40.422804],[-3.678457,40.422677]]]},"properties":{"osmId":220776367,"osmType":"way","tags":{"building":"yes"}}},{"type":"Feature","id":"osm-way-220776369","geometry":{"type":"Polygon","coordinates":[[[-3.677555,40.422999],[-3.677575,40.423],[-3.677576,40.422978],[-3.677637,40.422981],[-3.677638,40.422969],[-3.677644,40.422893],[-3.677619,40.422892],[-3.677579,40.422889],[-3.677575,40.422889],[-3.677534,40.422887],[-3.677489,40.422885],[-3.677483,40.422944],[-3.677479,40.422994],[-3.677555,40.422999]]]},"properties":{"osmId":220776369,"osmType":"way","tags":{"building":"yes"}}},{"type":"Feature","id":"osm-way-220776370","geometry":{"type":"Polygon","coordinates":[[[-3.678468,40.422913],[-3.678464,40.422946],[-3.678433,40.422945],[-3.678423,40.423058],[-3.678452,40.423061],[-3.678465,40.423095],[-3.678717,40.423106],[-3.678722,40.423025],[-3.678729,40.422925],[-3.678468,40.422913]]]},"properties":{"osmId":220776370,"osmType":"way","tags":{"building":"yes"}}},{"type":"Feature","id":"osm-way-220776371","geometry":{"type":"Polygon","coordinates":[[[-3.678465,40.423095],[-3.678717,40.423106],[-3.678698,40.423303],[-3.678543,40.423372],[-3.678423,40.423426],[-3.678341,40.423422],[-3.678343,40.423384],[-3.678348,40.423326],[-3.678358,40.423201],[-3.678409,40.423203],[-3.678398,40.423324],[-3.678448,40.423327],[-3.678465,40.423095]]]},"properties":{"osmId":220776371,"osmType":"way","tags":{"building":"yes"}}},{"type":"Feature","id":"osm-way-226263554","geometry":{"type":"Polygon","coordinates":[[[-3.6788,40.422066],[-3.678804,40.422001],[-3.678815,40.421889],[-3.678818,40.421846],[-3.678816,40.421834],[-3.678808,40.42182],[-3.6788,40.421814],[-3.678789,40.421809],[-3.67877,40.421805],[-3.678411,40.421784],[-3.678402,40.421897],[-3.678398,40.421943],[-3.678527,40.42195],[-3.678527,40.421945],[-3.678596,40.421948],[-3.678595,40.421963],[-3.678589,40.421963],[-3.678581,40.422058],[-3.678596,40.422058],[-3.678661,40.422061],[-3.678662,40.422061],[-3.678665,40.422024],[-3.678728,40.422027],[-3.678725,40.422063],[-3.678726,40.422063],[-3.6788,40.422066]]]},"properties":{"osmId":226263554,"osmType":"way","tags":{"building":"apartments"}}},{"type":"Feature","id":"osm-way-226263555","geometry":{"type":"Polygon","coordinates":[[[-3.677823,40.421755],[-3.677749,40.421752],[-3.677619,40.421746],[-3.677586,40.421772],[-3.677574,40.421905],[-3.677654,40.421909],[-3.677656,40.421879],[-3.677733,40.421884],[-3.677731,40.421914],[-3.677811,40.421917],[-3.677814,40.421883],[-3.677778,40.421882],[-3.677781,40.421826],[-3.677818,40.421827],[-3.677823,40.421755]]]},"properties":{"osmId":226263555,"osmType":"way","tags":{"building":"apartments"}}},{"type":"Feature","id":"osm-way-226263558","geometry":{"type":"Polygon","coordinates":[[[-3.678136,40.421771],[-3.678045,40.421766],[-3.678046,40.421842],[-3.678059,40.421842],[-3.678054,40.421897],[-3.678046,40.421897],[-3.678046,40.421966],[-3.678046,40.422039],[-3.678135,40.422044],[-3.678134,40.42202],[-3.678133,40.421943],[-3.678109,40.421942],[-3.67811,40.421885],[-3.678133,40.421886],[-3.678136,40.421771]]]},"properties":{"osmId":226263558,"osmType":"way","tags":{"building":"apartments"}}},{"type":"Feature","id":"osm-way-226263562","geometry":{"type":"Polygon","coordinates":[[[-3.678411,40.421784],[-3.678245,40.421776],[-3.678136,40.421771],[-3.678133,40.421886],[-3.678197,40.421887],[-3.678196,40.421946],[-3.678133,40.421943],[-3.678135,40.422044],[-3.678169,40.422048],[-3.678169,40.42206],[-3.678349,40.422067],[-3.678351,40.422055],[-3.678375,40.422034],[-3.67839,40.422035],[-3.678397,40.421953],[-3.678323,40.421949],[-3.678326,40.421893],[-3.678402,40.421897],[-3.678411,40.421784]]]},"properties":{"osmId":226263562,"osmType":"way","tags":{"building":"apartments"}}},{"type":"Feature","id":"osm-way-226263566","geometry":{"type":"Polygon","coordinates":[[[-3.677574,40.421905],[-3.677566,40.422005],[-3.677557,40.422121],[-3.677635,40.422126],[-3.677638,40.422099],[-3.677713,40.422103],[-3.67771,40.42213],[-3.677778,40.422133],[-3.677811,40.422135],[-3.677823,40.421994],[-3.677805,40.421993],[-3.67781,40.421944],[-3.677811,40.421917],[-3.677731,40.421914],[-3.677729,40.421937],[-3.677652,40.421933],[-3.677654,40.421909],[-3.677574,40.421905]]]},"properties":{"osmId":226263566,"osmType":"way","tags":{"building":"apartments"}}},{"type":"Feature","id":"osm-way-226263569","geometry":{"type":"Polygon","coordinates":[[[-3.678368,40.422301],[-3.678375,40.422234],[-3.678349,40.422234],[-3.678355,40.422161],[-3.678275,40.422157],[-3.678273,40.422189],[-3.678206,40.422186],[-3.678209,40.422153],[-3.678128,40.422149],[-3.678121,40.422225],[-3.678059,40.422222],[-3.678066,40.422144],[-3.678045,40.422144],[-3.678045,40.422147],[-3.677993,40.422144],[-3.677991,40.422171],[-3.677924,40.422169],[-3.677925,40.422141],[-3.677843,40.422136],[-3.677838,40.422208],[-3.677814,40.422207],[-3.67781,40.422242],[-3.677808,40.422275],[-3.677915,40.422281],[-3.677916,40.422261],[-3.678051,40.422266],[-3.678051,40.422276],[-3.678077,40.422277],[-3.678085,40.422278],[-3.678126,40.42228],[-3.678126,40.42227],[-3.678255,40.422274],[-3.678256,40.422296],[-3.678368,40.422301]]]},"properties":{"osmId":226263569,"osmType":"way","tags":{"building":"apartments"}}},{"type":"Feature","id":"osm-way-226263571","geometry":{"type":"Polygon","coordinates":[[[-3.678045,40.421766],[-3.677823,40.421755],[-3.677818,40.421827],[-3.677851,40.42183],[-3.677847,40.421885],[-3.677814,40.421883],[-3.677811,40.421917],[-3.67781,40.421944],[-3.678004,40.421953],[-3.678007,40.421962],[-3.678046,40.421966],[-3.678046,40.421897],[-3.67801,40.421897],[-3.678011,40.421842],[-3.678046,40.421842],[-3.678045,40.421766]]]},"properties":{"osmId":226263571,"osmType":"way","tags":{"building":"apartments","addr:street":"Calle de O'Donnell","addr:housenumber":"21","addr:postcode":"28009"}}},{"type":"Feature","id":"osm-way-226263574","geometry":{"type":"Polygon","coordinates":[[[-3.677649,40.422126],[-3.677647,40.422144],[-3.677776,40.422151],[-3.677778,40.422133],[-3.677811,40.422135],[-3.677818,40.422135],[-3.677814,40.422207],[-3.677772,40.422205],[-3.677768,40.42224],[-3.67781,40.422242],[-3.677808,40.422275],[-3.677806,40.422306],[-3.677805,40.422314],[-3.677782,40.422312],[-3.677762,40.422311],[-3.677764,40.422293],[-3.677635,40.422286],[-3.677632,40.422305],[-3.677538,40.4223],[-3.677548,40.422203],[-3.677557,40.422121],[-3.677635,40.422126],[-3.677649,40.422126]]]},"properties":{"osmId":226263574,"osmType":"way","tags":{"building":"apartments"}}},{"type":"Feature","id":"osm-way-226263576","geometry":{"type":"Polygon","coordinates":[[[-3.678345,40.422536],[-3.678426,40.42254],[-3.678523,40.422544],[-3.678533,40.42244],[-3.678455,40.422436],[-3.678449,40.422428],[-3.678437,40.422428],[-3.678432,40.422435],[-3.678357,40.422431],[-3.678345,40.422536]]]},"properties":{"osmId":226263576,"osmType":"way","tags":{"building":"apartments"}}},{"type":"Feature","id":"osm-way-226263578","geometry":{"type":"Polygon","coordinates":[[[-3.677907,40.422516],[-3.677964,40.422518],[-3.678028,40.422522],[-3.678044,40.422326],[-3.677923,40.42232],[-3.677907,40.422516]]]},"properties":{"osmId":226263578,"osmType":"way","tags":{"building":"apartments"}}},{"type":"Feature","id":"osm-way-226263580","geometry":{"type":"Polygon","coordinates":[[[-3.678788,40.422203],[-3.678793,40.422139],[-3.6788,40.422066],[-3.678726,40.422063],[-3.678725,40.422082],[-3.678659,40.42208],[-3.678661,40.422061],[-3.678596,40.422058],[-3.678594,40.422077],[-3.6785,40.422073],[-3.678501,40.422054],[-3.678411,40.422051],[-3.678401,40.422187],[-3.678491,40.422191],[-3.678492,40.422172],[-3.678586,40.422176],[-3.678584,40.422195],[-3.678608,40.422196],[-3.67865,40.422198],[-3.678651,40.422178],[-3.678718,40.42218],[-3.678716,40.4222],[-3.678788,40.422203]]]},"properties":{"osmId":226263580,"osmType":"way","tags":{"building":"apartments"}}},{"type":"Feature","id":"osm-way-226263582","geometry":{"type":"Polygon","coordinates":[[[-3.678523,40.422544],[-3.678727,40.422554],[-3.678763,40.42253],[-3.678766,40.422477],[-3.678775,40.422377],[-3.678662,40.422371],[-3.678601,40.422368],[-3.678559,40.422367],[-3.678554,40.422412],[-3.678537,40.422412],[-3.678533,40.42244],[-3.678523,40.422544]]]},"properties":{"osmId":226263582,"osmType":"way","tags":{"building":"apartments","addr:postcode":"28009"}}},{"type":"Feature","id":"osm-way-226263583","geometry":{"type":"Polygon","coordinates":[[[-3.678242,40.422332],[-3.678223,40.422531],[-3.67828,40.422533],[-3.678345,40.422536],[-3.678357,40.422431],[-3.678366,40.422357],[-3.678367,40.422339],[-3.678242,40.422332]]]},"properties":{"osmId":226263583,"osmType":"way","tags":{"building":"apartments"}}},{"type":"Feature","id":"osm-way-226263585","geometry":{"type":"Polygon","coordinates":[[[-3.678775,40.422377],[-3.678781,40.422295],[-3.678788,40.422203],[-3.678716,40.4222],[-3.678675,40.422199],[-3.678667,40.422199],[-3.678664,40.422243],[-3.678605,40.422241],[-3.678608,40.422196],[-3.678584,40.422195],[-3.6785,40.422191],[-3.678488,40.42233],[-3.678369,40.422324],[-3.678367,40.422339],[-3.678366,40.422357],[-3.678559,40.422367],[-3.678601,40.422368],[-3.678605,40.422322],[-3.678666,40.422325],[-3.678662,40.422371],[-3.678775,40.422377]]]},"properties":{"osmId":226263585,"osmType":"way","tags":{"building":"apartments"}}},{"type":"Feature","id":"osm-way-226263587","geometry":{"type":"Polygon","coordinates":[[[-3.67768,40.422505],[-3.677691,40.422378],[-3.677638,40.422375],[-3.677628,40.422367],[-3.67763,40.422347],[-3.677642,40.422339],[-3.677693,40.422342],[-3.677697,40.422309],[-3.677632,40.422305],[-3.677538,40.4223],[-3.677531,40.422396],[-3.677525,40.422474],[-3.677559,40.4225],[-3.67768,40.422505]]]},"properties":{"osmId":226263587,"osmType":"way","tags":{"building":"apartments"}}},{"type":"Feature","id":"osm-way-229065399","geometry":{"type":"Polygon","coordinates":[[[-3.686261,40.424887],[-3.686339,40.424891],[-3.686306,40.425142],[-3.686514,40.425155],[-3.686585,40.424641],[-3.686511,40.424637],[-3.686516,40.424598],[-3.686454,40.424595],[-3.686449,40.424635],[-3.686376,40.42463],[-3.686347,40.424821],[-3.68632,40.42482],[-3.68629,40.424772],[-3.686242,40.42477],[-3.686247,40.424744],[-3.685863,40.424723],[-3.68586,40.424754],[-3.685813,40.424751],[-3.685775,40.4248],[-3.685741,40.424798],[-3.685764,40.4246],[-3.685713,40.424597],[-3.685716,40.42456],[-3.68564,40.424556],[-3.685637,40.424593],[-3.685553,40.424588],[-3.685497,40.425099],[-3.685707,40.425112],[-3.685731,40.424863],[-3.6858,40.424866],[-3.685767,40.425149],[-3.686239,40.42517],[-3.686261,40.424887]]]},"properties":{"osmId":229065399,"osmType":"way","tags":{"building":"school"}}},{"type":"Feature","id":"osm-way-229129179","geometry":{"type":"Polygon","coordinates":[[[-3.676719,40.424701],[-3.67638,40.424686],[-3.676376,40.424685],[-3.676373,40.424682],[-3.676367,40.424673],[-3.676367,40.424667],[-3.676369,40.424662],[-3.676371,40.42466],[-3.676517,40.424595],[-3.676665,40.424526],[-3.676718,40.424601],[-3.676685,40.424616],[-3.676724,40.424616],[-3.676719,40.424701]]]},"properties":{"osmId":229129179,"osmType":"way","tags":{"building":"apartments","building:levels":"6","addr:street":"Calle de Alcalá","addr:postcode":"28009"}}},{"type":"Feature","id":"osm-way-229129181","geometry":{"type":"Polygon","coordinates":[[[-3.677487,40.424564],[-3.67747,40.424738],[-3.677611,40.424746],[-3.677627,40.42457],[-3.677586,40.424569],[-3.677581,40.424568],[-3.677577,40.424628],[-3.677567,40.424634],[-3.677529,40.424632],[-3.677524,40.424625],[-3.677529,40.424566],[-3.677497,40.424565],[-3.677487,40.424564]]]},"properties":{"osmId":229129181,"osmType":"way","tags":{"building":"apartments"}}},{"type":"Feature","id":"osm-way-229129183","geometry":{"type":"Polygon","coordinates":[[[-3.677864,40.42431],[-3.677857,40.424395],[-3.677643,40.42439],[-3.677653,40.424292],[-3.677864,40.42431]]]},"properties":{"osmId":229129183,"osmType":"way","tags":{"building":"yes"}}},{"type":"Feature","id":"osm-way-229129184","geometry":{"type":"Polygon","coordinates":[[[-3.677654,40.424572],[-3.67768,40.424573],[-3.677712,40.424574],[-3.677713,40.424553],[-3.67776,40.424555],[-3.677759,40.424576],[-3.67784,40.424579],[-3.677857,40.424395],[-3.677668,40.42439],[-3.677664,40.424433],[-3.677639,40.424432],[-3.677636,40.424471],[-3.677632,40.424507],[-3.677631,40.424525],[-3.677657,40.424527],[-3.677654,40.424572]]]},"properties":{"osmId":229129184,"osmType":"way","tags":{"building":"yes"}}},{"type":"Feature","id":"osm-way-229129187","geometry":{"type":"Polygon","coordinates":[[[-3.677611,40.424746],[-3.677824,40.424756],[-3.67784,40.424579],[-3.677759,40.424576],[-3.677754,40.424576],[-3.677751,40.424628],[-3.677676,40.424624],[-3.67768,40.424573],[-3.677654,40.424572],[-3.677627,40.42457],[-3.677611,40.424746]]]},"properties":{"osmId":229129187,"osmType":"way","tags":{"building":"apartments"}}},{"type":"Feature","id":"osm-way-229129188","geometry":{"type":"Polygon","coordinates":[[[-3.677875,40.424197],[-3.677892,40.424017],[-3.677851,40.423995],[-3.677741,40.424042],[-3.677818,40.424197],[-3.677875,40.424197]]]},"properties":{"osmId":229129188,"osmType":"way","tags":{"building":"yes","addr:street":"Calle de Alcalá","addr:housenumber":"139","addr:postcode":"28009"}}},{"type":"Feature","id":"osm-way-229129189","geometry":{"type":"Polygon","coordinates":[[[-3.67764,40.42441],[-3.677636,40.424471],[-3.677595,40.424469],[-3.677592,40.424505],[-3.677632,40.424507],[-3.677631,40.424525],[-3.677628,40.424548],[-3.677588,40.424546],[-3.677586,40.424569],[-3.677581,40.424568],[-3.677529,40.424566],[-3.677536,40.424496],[-3.677502,40.424492],[-3.677497,40.424565],[-3.677487,40.424564],[-3.677438,40.424562],[-3.677401,40.424561],[-3.67735,40.424559],[-3.677365,40.424384],[-3.677513,40.424387],[-3.677507,40.42446],[-3.677539,40.424461],[-3.677545,40.424388],[-3.677576,40.424388],[-3.677603,40.424389],[-3.6776,40.424409],[-3.67764,40.42441]]]},"properties":{"osmId":229129189,"osmType":"way","tags":{"building":"yes","addr:street":"Calle del General Díaz Porlier","addr:housenumber":"3"}}},{"type":"Feature","id":"osm-way-229129190","geometry":{"type":"Polygon","coordinates":[[[-3.677576,40.424388],[-3.677545,40.424388],[-3.677513,40.424387],[-3.677365,40.424384],[-3.677372,40.424288],[-3.677377,40.424221],[-3.677397,40.424195],[-3.677438,40.424177],[-3.677454,40.424198],[-3.67758,40.424355],[-3.677576,40.424388]]]},"properties":{"osmId":229129190,"osmType":"way","tags":{"building":"yes"}}},{"type":"Feature","id":"osm-way-229129191","geometry":{"type":"Polygon","coordinates":[[[-3.677643,40.42439],[-3.677653,40.424292],[-3.677579,40.424114],[-3.677438,40.424177],[-3.677454,40.424198],[-3.67758,40.424355],[-3.677576,40.424388],[-3.677603,40.424389],[-3.677643,40.42439]]]},"properties":{"osmId":229129191,"osmType":"way","tags":{"building":"yes","addr:street":"Calle de Alcalá","addr:housenumber":"143","addr:postcode":"28009"}}},{"type":"Feature","id":"osm-way-229129192","geometry":{"type":"Polygon","coordinates":[[[-3.677579,40.424114],[-3.677741,40.424042],[-3.677818,40.424197],[-3.677875,40.424197],[-3.677864,40.42431],[-3.677653,40.424292],[-3.677579,40.424114]]]},"properties":{"osmId":229129192,"osmType":"way","tags":{"building":"yes","addr:street":"Calle de Alcalá","addr:housenumber":"141","addr:postcode":"28009"}}},{"type":"Feature","id":"osm-way-229129193","geometry":{"type":"Polygon","coordinates":[[[-3.677487,40.424564],[-3.677438,40.424562],[-3.677431,40.424631],[-3.677394,40.424629],[-3.677401,40.424561],[-3.67735,40.424559],[-3.677337,40.424706],[-3.677368,40.424735],[-3.67741,40.424736],[-3.67747,40.424738],[-3.677487,40.424564]]]},"properties":{"osmId":229129193,"osmType":"way","tags":{"building":"apartments"}}},{"type":"Feature","id":"osm-way-229129194","geometry":{"type":"Polygon","coordinates":[[[-3.676957,40.424712],[-3.677052,40.424717],[-3.677119,40.42472],[-3.67716,40.424691],[-3.677165,40.424587],[-3.677002,40.42458],[-3.676964,40.424578],[-3.676957,40.424712]]]},"properties":{"osmId":229129194,"osmType":"way","tags":{"building":"apartments"}}},{"type":"Feature","id":"osm-way-229129195","geometry":{"type":"Polygon","coordinates":[[[-3.676957,40.424712],[-3.676719,40.424701],[-3.676724,40.424616],[-3.676725,40.424611],[-3.676838,40.424611],[-3.676885,40.424589],[-3.676876,40.424578],[-3.676964,40.424578],[-3.676957,40.424712]]]},"properties":{"osmId":229129195,"osmType":"way","tags":{"building":"apartments"}}},{"type":"Feature","id":"osm-way-229129196","geometry":{"type":"Polygon","coordinates":[[[-3.676869,40.424434],[-3.676665,40.424526],[-3.676718,40.424601],[-3.676725,40.424611],[-3.676808,40.424573],[-3.676838,40.424611],[-3.676885,40.424589],[-3.676876,40.424578],[-3.67695,40.424545],[-3.676869,40.424434]]]},"properties":{"osmId":229129196,"osmType":"way","tags":{"building":"yes","addr:street":"Calle de Alcalá","addr:housenumber":"147","addr:postcode":"28009"}}},{"type":"Feature","id":"osm-way-229129197","geometry":{"type":"Polygon","coordinates":[[[-3.677165,40.424587],[-3.677189,40.424316],[-3.677185,40.4243],[-3.67717,40.424295],[-3.67715,40.424304],[-3.676869,40.424434],[-3.67695,40.424545],[-3.677005,40.424517],[-3.677002,40.42458],[-3.677165,40.424587]]]},"properties":{"osmId":229129197,"osmType":"way","tags":{"building":"apartments","addr:street":"Calle de Alcalá","addr:housenumber":"145","addr:postcode":"28009"}}},{"type":"Feature","id":"osm-way-232294364","geometry":{"type":"Polygon","coordinates":[[[-3.679858,40.423382],[-3.679879,40.423384],[-3.679883,40.423356],[-3.679986,40.423361],[-3.679986,40.42338],[-3.680012,40.42338],[-3.680013,40.423362],[-3.680128,40.423367],[-3.68012,40.423483],[-3.68008,40.423507],[-3.679951,40.423501],[-3.679849,40.423496],[-3.679858,40.423382]]]},"properties":{"osmId":232294364,"osmType":"way","tags":{"building":"apartments"}}},{"type":"Feature","id":"osm-way-232294365","geometry":{"type":"Polygon","coordinates":[[[-3.680035,40.423218],[-3.680032,40.42323],[-3.679978,40.423229],[-3.679874,40.423309],[-3.679887,40.423322],[-3.679883,40.423356],[-3.679986,40.423361],[-3.679987,40.423347],[-3.680014,40.423348],[-3.680013,40.423362],[-3.680128,40.423367],[-3.680133,40.423299],[-3.680139,40.423224],[-3.680035,40.423218]]]},"properties":{"osmId":232294365,"osmType":"way","tags":{"building":"apartments"}}},{"type":"Feature","id":"osm-way-232294367","geometry":{"type":"Polygon","coordinates":[[[-3.679567,40.423222],[-3.679408,40.423295],[-3.679456,40.42336],[-3.679479,40.423352],[-3.679497,40.423384],[-3.679624,40.423355],[-3.679654,40.423342],[-3.679624,40.423301],[-3.67961,40.423307],[-3.6796,40.423294],[-3.679615,40.423288],[-3.679567,40.423222]]]},"properties":{"osmId":232294367,"osmType":"way","tags":{"building":"apartments","addr:street":"Calle de Alcalá","addr:housenumber":"129","addr:postcode":"28009"}}},{"type":"Feature","id":"osm-way-232294368","geometry":{"type":"Polygon","coordinates":[[[-3.679723,40.423154],[-3.679887,40.423082],[-3.679959,40.423182],[-3.679949,40.423186],[-3.679978,40.423229],[-3.679874,40.423309],[-3.679842,40.423289],[-3.679826,40.423294],[-3.679786,40.423239],[-3.679798,40.423233],[-3.679781,40.423213],[-3.67977,40.42322],[-3.679723,40.423154]]]},"properties":{"osmId":232294368,"osmType":"way","tags":{"building":"apartments","addr:street":"Calle de Alcalá","addr:housenumber":"125","addr:postcode":"28009"}}},{"type":"Feature","id":"osm-way-232294372","geometry":{"type":"Polygon","coordinates":[[[-3.679654,40.423342],[-3.67969,40.423326],[-3.679701,40.42333],[-3.679755,40.423322],[-3.679771,40.423344],[-3.679818,40.423339],[-3.67981,40.42332],[-3.679834,40.423305],[-3.679826,40.423294],[-3.679786,40.423239],[-3.679769,40.423247],[-3.679754,40.423225],[-3.67977,40.42322],[-3.679723,40.423154],[-3.679567,40.423222],[-3.679615,40.423288],[-3.679632,40.423282],[-3.67964,40.423292],[-3.679624,40.423301],[-3.679654,40.423342]]]},"properties":{"osmId":232294372,"osmType":"way","tags":{"building":"apartments","addr:street":"Calle de Alcalá","addr:housenumber":"127","addr:postcode":"28009"}}},{"type":"Feature","id":"osm-way-232294373","geometry":{"type":"Polygon","coordinates":[[[-3.685374,40.424649],[-3.685403,40.42437],[-3.685249,40.42436],[-3.685219,40.424638],[-3.685374,40.424649]]]},"properties":{"osmId":232294373,"osmType":"way","tags":{"building":"apartments"}}},{"type":"Feature","id":"osm-way-232294376","geometry":{"type":"Polygon","coordinates":[[[-3.6844,40.424078],[-3.684416,40.4239],[-3.684419,40.423881],[-3.68444,40.423863],[-3.684473,40.423852],[-3.684686,40.423862],[-3.684666,40.42409],[-3.6844,40.424078]]]},"properties":{"osmId":232294376,"osmType":"way","tags":{"building":"retail","addr:housenumber":"23"}}},{"type":"Feature","id":"osm-way-232294378","geometry":{"type":"Polygon","coordinates":[[[-3.685121,40.423887],[-3.685417,40.4239],[-3.685448,40.423927],[-3.685431,40.424101],[-3.685278,40.42409],[-3.685286,40.424009],[-3.68511,40.424],[-3.685121,40.423887]]]},"properties":{"osmId":232294378,"osmType":"way","tags":{"building":"hotel","addr:street":"Calle de Jorge Juan","addr:housenumber":"17","addr:postcode":"28001"}}},{"type":"Feature","id":"osm-way-232294379","geometry":{"type":"Polygon","coordinates":[[[-3.679465,40.423479],[-3.679652,40.423487],[-3.679662,40.423381],[-3.679623,40.423377],[-3.679624,40.423355],[-3.679497,40.423384],[-3.679496,40.423405],[-3.679474,40.423405],[-3.679471,40.423411],[-3.679465,40.423479]]]},"properties":{"osmId":232294379,"osmType":"way","tags":{"building":"apartments"}}},{"type":"Feature","id":"osm-way-232294380","geometry":{"type":"Polygon","coordinates":[[[-3.685346,40.424925],[-3.685374,40.424649],[-3.685219,40.424638],[-3.685189,40.424916],[-3.68524,40.424919],[-3.685241,40.424896],[-3.685267,40.424898],[-3.685265,40.42492],[-3.685346,40.424925]]]},"properties":{"osmId":232294380,"osmType":"way","tags":{"building":"apartments"}}},{"type":"Feature","id":"osm-way-232294382","geometry":{"type":"Polygon","coordinates":[[[-3.679408,40.423295],[-3.679111,40.42343],[-3.679123,40.423464],[-3.679465,40.423479],[-3.679471,40.423411],[-3.679416,40.423406],[-3.679404,40.423381],[-3.679456,40.42336],[-3.679408,40.423295]]]},"properties":{"osmId":232294382,"osmType":"way","tags":{"building":"apartments","addr:street":"Calle de Alcalá","addr:housenumber":"131","addr:postcode":"28009"}}},{"type":"Feature","id":"osm-way-232294383","geometry":{"type":"Polygon","coordinates":[[[-3.679887,40.423082],[-3.680117,40.422978],[-3.680156,40.422996],[-3.680141,40.423192],[-3.680139,40.423224],[-3.680035,40.423218],[-3.680037,40.423166],[-3.680024,40.423154],[-3.679959,40.423182],[-3.679887,40.423082]]]},"properties":{"osmId":232294383,"osmType":"way","tags":{"building":"apartments"}}},{"type":"Feature","id":"osm-way-232294385","geometry":{"type":"Polygon","coordinates":[[[-3.679652,40.423487],[-3.679849,40.423496],[-3.679858,40.423382],[-3.679859,40.423357],[-3.679833,40.423356],[-3.679818,40.423339],[-3.679771,40.423344],[-3.679755,40.423322],[-3.679701,40.42333],[-3.679693,40.423381],[-3.679662,40.423381],[-3.679652,40.423487]]]},"properties":{"osmId":232294385,"osmType":"way","tags":{"building":"apartments"}}},{"type":"Feature","id":"osm-way-241920206","geometry":{"type":"Polygon","coordinates":[[[-3.673393,40.413589],[-3.673533,40.413476],[-3.673529,40.4134],[-3.673361,40.41328],[-3.673292,40.413282],[-3.673144,40.413405],[-3.673147,40.41349],[-3.673293,40.413592],[-3.673393,40.413589]]]},"properties":{"osmId":241920206,"osmType":"way","tags":{"building":"church","addr:street":"Calle Reyes Magos","addr:housenumber":"3","addr:postcode":"28009"}}},{"type":"Feature","id":"osm-way-242546776","geometry":{"type":"Polygon","coordinates":[[[-3.67057,40.414374],[-3.670634,40.413619],[-3.67047,40.413611],[-3.670406,40.414336],[-3.670404,40.414364],[-3.67057,40.414374]]]},"properties":{"osmId":242546776,"osmType":"way","tags":{"building":"residential","building:levels":"12","addr:street":"Calle del Doctor Esquerdo","addr:housenumber":"64","addr:postcode":"28007"}}},{"type":"Feature","id":"osm-way-242546777","geometry":{"type":"Polygon","coordinates":[[[-3.670332,40.414335],[-3.669845,40.414312],[-3.669807,40.414278],[-3.669813,40.414173],[-3.669955,40.41418],[-3.66999,40.414182],[-3.669988,40.41421],[-3.670341,40.414226],[-3.670332,40.414335]]]},"properties":{"osmId":242546777,"osmType":"way","tags":{"building":"office","addr:street":"Calle del Doctor Esquerdo","addr:housenumber":"66","addr:postcode":"28007"}}},{"type":"Feature","id":"osm-way-242546778","geometry":{"type":"Polygon","coordinates":[[[-3.669813,40.414173],[-3.669831,40.413958],[-3.669903,40.413961],[-3.669909,40.413887],[-3.669915,40.4138],[-3.669846,40.413797],[-3.669867,40.413582],[-3.67001,40.41359],[-3.669982,40.413892],[-3.669955,40.41418],[-3.669813,40.414173]]]},"properties":{"osmId":242546778,"osmType":"way","tags":{"building":"yes"}}},{"type":"Feature","id":"osm-way-243351604","geometry":{"type":"Polygon","coordinates":[[[-3.68325,40.415816],[-3.683136,40.415842],[-3.683104,40.415759],[-3.683217,40.415733],[-3.68325,40.415816]]]},"properties":{"osmId":243351604,"osmType":"way","tags":{"building":"commercial","building:levels":"1"}}},{"type":"Feature","id":"osm-way-243351605","geometry":{"type":"Polygon","coordinates":[[[-3.683874,40.415678],[-3.683761,40.415702],[-3.683729,40.415617],[-3.683842,40.415592],[-3.683874,40.415678]]]},"properties":{"osmId":243351605,"osmType":"way","tags":{"building":"commercial","building:levels":"1"}}},{"type":"Feature","id":"osm-way-243351606","geometry":{"type":"Polygon","coordinates":[[[-3.680779,40.416385],[-3.680647,40.416408],[-3.680617,40.416307],[-3.680749,40.416284],[-3.680779,40.416385]]]},"properties":{"osmId":243351606,"osmType":"way","tags":{"building":"retail","building:levels":"1"}}},{"type":"Feature","id":"osm-way-243650900","geometry":{"type":"Polygon","coordinates":[[[-3.66853,40.414667],[-3.668532,40.414658],[-3.668376,40.41465],[-3.668243,40.414643],[-3.668234,40.414733],[-3.66833,40.414738],[-3.668329,40.414749],[-3.668428,40.414754],[-3.668429,40.414743],[-3.668524,40.414748],[-3.66853,40.414667]]]},"properties":{"osmId":243650900,"osmType":"way","tags":{"building":"apartments","building:levels":"10","addr:street":"Calle José Martínez de Velasco","addr:housenumber":"26","addr:postcode":"28007"}}},{"type":"Feature","id":"osm-way-243650901","geometry":{"type":"Polygon","coordinates":[[[-3.668763,40.414769],[-3.668692,40.414766],[-3.668691,40.414775],[-3.668594,40.41477],[-3.668595,40.414761],[-3.668523,40.414758],[-3.668524,40.414748],[-3.66853,40.414667],[-3.668648,40.414673],[-3.66877,40.414679],[-3.668763,40.414769]]]},"properties":{"osmId":243650901,"osmType":"way","tags":{"building":"apartments","building:levels":"10","addr:street":"Calle José Martínez de Velasco","addr:housenumber":"28","addr:postcode":"28007"}}},{"type":"Feature","id":"osm-way-243650902","geometry":{"type":"Polygon","coordinates":[[[-3.669004,40.414772],[-3.669003,40.41478],[-3.668932,40.414777],[-3.668932,40.414786],[-3.668833,40.414782],[-3.668834,40.414772],[-3.668763,40.414769],[-3.66877,40.414679],[-3.668884,40.414684],[-3.66901,40.41469],[-3.669004,40.414772]]]},"properties":{"osmId":243650902,"osmType":"way","tags":{"building":"apartments","building:levels":"9","addr:street":"Calle José Martínez de Velasco","addr:housenumber":"30","addr:postcode":"28007"}}},{"type":"Feature","id":"osm-way-243650903","geometry":{"type":"Polygon","coordinates":[[[-3.669293,40.414785],[-3.6693,40.414695],[-3.669149,40.414688],[-3.66901,40.414682],[-3.66901,40.41469],[-3.669004,40.414772],[-3.669099,40.414776],[-3.669098,40.414786],[-3.669196,40.414791],[-3.669197,40.414781],[-3.669293,40.414785]]]},"properties":{"osmId":243650903,"osmType":"way","tags":{"building":"apartments","building:levels":"9","addr:street":"Calle José Martínez de Velasco","addr:housenumber":"32","addr:postcode":"28007"}}},{"type":"Feature","id":"osm-way-243728459","geometry":{"type":"Polygon","coordinates":[[[-3.675345,40.412236],[-3.67546,40.41207],[-3.675338,40.41202],[-3.675278,40.412106],[-3.675194,40.412071],[-3.675254,40.411987],[-3.67516,40.411949],[-3.675142,40.411973],[-3.675116,40.411964],[-3.675054,40.412053],[-3.67526,40.412135],[-3.675222,40.412186],[-3.675345,40.412236]]]},"properties":{"osmId":243728459,"osmType":"way","tags":{"building":"apartments","building:levels":"9","addr:street":"Calle Anunciación","addr:housenumber":"10","addr:postcode":"28009"}}},{"type":"Feature","id":"osm-way-243728461","geometry":{"type":"Polygon","coordinates":[[[-3.675175,40.412197],[-3.675206,40.412209],[-3.675222,40.412186],[-3.675345,40.412236],[-3.675261,40.412358],[-3.675106,40.412296],[-3.675175,40.412197]]]},"properties":{"osmId":243728461,"osmType":"way","tags":{"building":"apartments","building:levels":"9","addr:street":"Calle Anunciación","addr:housenumber":"12","addr:postcode":"28009"}}},{"type":"Feature","id":"osm-way-243728464","geometry":{"type":"Polygon","coordinates":[[[-3.674935,40.412226],[-3.675106,40.412296],[-3.675175,40.412197],[-3.675004,40.412127],[-3.674935,40.412226]]]},"properties":{"osmId":243728464,"osmType":"way","tags":{"building":"apartments","addr:street":"Calle Portal de Belén","addr:housenumber":"2","addr:postcode":"28009"}}},{"type":"Feature","id":"osm-way-243728465","geometry":{"type":"Polygon","coordinates":[[[-3.674512,40.411898],[-3.674634,40.411948],[-3.674619,40.411971],[-3.674648,40.411983],[-3.674579,40.412081],[-3.674427,40.412019],[-3.674512,40.411898]]]},"properties":{"osmId":243728465,"osmType":"way","tags":{"building":"apartments","addr:street":"Calle Reyes Magos","addr:housenumber":"2","addr:postcode":"28009"}}},{"type":"Feature","id":"osm-way-243728469","geometry":{"type":"Polygon","coordinates":[[[-3.674751,40.412151],[-3.674935,40.412226],[-3.675004,40.412127],[-3.674969,40.412114],[-3.675021,40.41204],[-3.675054,40.412053],[-3.675116,40.411964],[-3.674934,40.41189],[-3.674872,40.411979],[-3.674905,40.411993],[-3.674853,40.412067],[-3.67482,40.412053],[-3.674751,40.412151]]]},"properties":{"osmId":243728469,"osmType":"way","tags":{"building":"apartments","addr:street":"Calle Portal de Belén","addr:housenumber":"4","addr:postcode":"28009"}}},{"type":"Feature","id":"osm-way-243728472","geometry":{"type":"Polygon","coordinates":[[[-3.674648,40.411983],[-3.67482,40.412053],[-3.674751,40.412151],[-3.674579,40.412081],[-3.674648,40.411983]]]},"properties":{"osmId":243728472,"osmType":"way","tags":{"building":"apartments","addr:street":"Calle Portal de Belén","addr:housenumber":"6","addr:postcode":"28009"}}},{"type":"Feature","id":"osm-way-243728474","geometry":{"type":"Polygon","coordinates":[[[-3.67546,40.41207],[-3.675539,40.411957],[-3.675239,40.411837],[-3.67516,40.411949],[-3.675254,40.411987],[-3.675275,40.411957],[-3.675358,40.411991],[-3.675338,40.41202],[-3.67546,40.41207]]]},"properties":{"osmId":243728474,"osmType":"way","tags":{"building":"apartments","building:levels":"9","addr:street":"Calle Anunciación","addr:housenumber":"8","addr:postcode":"28009"}}},{"type":"Feature","id":"osm-way-244281962","geometry":{"type":"Polygon","coordinates":[[[-3.67768,40.422505],[-3.677726,40.422508],[-3.677786,40.42251],[-3.6778,40.422363],[-3.677778,40.422362],[-3.677782,40.422312],[-3.677762,40.422311],[-3.677719,40.42231],[-3.677714,40.422359],[-3.677692,40.422358],[-3.677691,40.422378],[-3.67768,40.422505]]]},"properties":{"osmId":244281962,"osmType":"way","tags":{"building":"apartments"}}},{"type":"Feature","id":"osm-way-244281963","geometry":{"type":"Polygon","coordinates":[[[-3.678223,40.422531],[-3.678158,40.422527],[-3.678107,40.422525],[-3.678122,40.422326],[-3.678242,40.422332],[-3.678223,40.422531]]]},"properties":{"osmId":244281963,"osmType":"way","tags":{"building":"apartments"}}},{"type":"Feature","id":"osm-way-244281964","geometry":{"type":"Polygon","coordinates":[[[-3.677923,40.42232],[-3.677924,40.422311],[-3.677806,40.422306],[-3.677805,40.422314],[-3.6778,40.422363],[-3.677786,40.42251],[-3.677838,40.422512],[-3.677907,40.422516],[-3.677923,40.42232]]]},"properties":{"osmId":244281964,"osmType":"way","tags":{"building":"apartments"}}},{"type":"Feature","id":"osm-way-245262899","geometry":{"type":"Polygon","coordinates":[[[-3.675443,40.413307],[-3.675447,40.413176],[-3.675275,40.413173],[-3.675275,40.413177],[-3.675155,40.413175],[-3.675155,40.413169],[-3.674987,40.413166],[-3.674982,40.413297],[-3.675153,40.4133],[-3.675153,40.413298],[-3.67527,40.4133],[-3.67527,40.413304],[-3.675297,40.413304],[-3.675297,40.413317],[-3.675324,40.413325],[-3.675355,40.413328],[-3.675387,40.413327],[-3.675416,40.413319],[-3.675416,40.413307],[-3.675443,40.413307]]]},"properties":{"osmId":245262899,"osmType":"way","tags":{"building":"public","building:levels":"4","start_date":"1991-11","addr:street":"Calle de Pío Baroja","addr:housenumber":"10","addr:postcode":"28009"}}},{"type":"Feature","id":"osm-way-245342901","geometry":{"type":"Polygon","coordinates":[[[-3.662918,40.424933],[-3.663007,40.424952],[-3.663035,40.424875],[-3.662946,40.424856],[-3.662918,40.424933]]]},"properties":{"osmId":245342901,"osmType":"way","tags":{"building":"house","addr:street":"Calle Dolores Romero","addr:housenumber":"29","addr:postcode":"28028"}}},{"type":"Feature","id":"osm-way-245342902","geometry":{"type":"Polygon","coordinates":[[[-3.663007,40.424952],[-3.663095,40.42497],[-3.663123,40.424894],[-3.663035,40.424875],[-3.663007,40.424952]]]},"properties":{"osmId":245342902,"osmType":"way","tags":{"building":"house","addr:street":"Calle Dolores Romero","addr:housenumber":"27","addr:postcode":"28028"}}},{"type":"Feature","id":"osm-way-245342903","geometry":{"type":"Polygon","coordinates":[[[-3.663095,40.42497],[-3.663184,40.424989],[-3.663212,40.424913],[-3.663123,40.424894],[-3.663095,40.42497]]]},"properties":{"osmId":245342903,"osmType":"way","tags":{"building":"house","addr:street":"Calle Dolores Romero","addr:housenumber":"25","addr:postcode":"28028"}}},{"type":"Feature","id":"osm-way-245342904","geometry":{"type":"Polygon","coordinates":[[[-3.663184,40.424989],[-3.663273,40.425008],[-3.663301,40.424932],[-3.663212,40.424913],[-3.663184,40.424989]]]},"properties":{"osmId":245342904,"osmType":"way","tags":{"building":"house","addr:street":"Calle Dolores Romero","addr:housenumber":"23","addr:postcode":"28028"}}},{"type":"Feature","id":"osm-way-249213438","geometry":{"type":"Polygon","coordinates":[[[-3.676773,40.420334],[-3.676895,40.420339],[-3.677038,40.420345],[-3.677043,40.420273],[-3.677044,40.420255],[-3.676973,40.420252],[-3.676974,40.42024],[-3.676949,40.420239],[-3.67695,40.420229],[-3.676975,40.42023],[-3.676977,40.420206],[-3.677047,40.420209],[-3.677048,40.420197],[-3.67705,40.420159],[-3.677052,40.420141],[-3.677053,40.42012],[-3.67679,40.420109],[-3.676789,40.42012],[-3.676788,40.420139],[-3.676784,40.420195],[-3.676855,40.420198],[-3.676852,40.420246],[-3.676779,40.420243],[-3.676773,40.420334]]]},"properties":{"osmId":249213438,"osmType":"way","tags":{"building":"yes"}}},{"type":"Feature","id":"osm-way-249213440","geometry":{"type":"Polygon","coordinates":[[[-3.677038,40.420345],[-3.677146,40.420349],[-3.67727,40.420355],[-3.677276,40.420284],[-3.677187,40.42028],[-3.677188,40.420262],[-3.677277,40.420266],[-3.67728,40.420226],[-3.677234,40.420225],[-3.677235,40.420206],[-3.677282,40.420208],[-3.677285,40.420169],[-3.677188,40.420165],[-3.677189,40.420147],[-3.677286,40.420151],[-3.677289,40.420113],[-3.677224,40.42011],[-3.677226,40.42009],[-3.677118,40.420086],[-3.677117,40.420102],[-3.677055,40.4201],[-3.677053,40.42012],[-3.677052,40.420141],[-3.677156,40.420146],[-3.677154,40.420163],[-3.67705,40.420159],[-3.677048,40.420197],[-3.677098,40.420199],[-3.677097,40.420217],[-3.677047,40.420214],[-3.677044,40.420255],[-3.677136,40.420259],[-3.677135,40.420277],[-3.677043,40.420273],[-3.677038,40.420345]]]},"properties":{"osmId":249213440,"osmType":"way","tags":{"building":"apartments"}}},{"type":"Feature","id":"osm-way-249213442","geometry":{"type":"Polygon","coordinates":[[[-3.676373,40.420314],[-3.676297,40.420309],[-3.676263,40.420283],[-3.676274,40.420156],[-3.676383,40.420159],[-3.67638,40.420218],[-3.676373,40.420314]]]},"properties":{"osmId":249213442,"osmType":"way","tags":{"building":"apartments","addr:street":"Calle de Narváez","addr:housenumber":"40","addr:postcode":"28009"}}},{"type":"Feature","id":"osm-way-251096542","geometry":{"type":"Polygon","coordinates":[[[-3.672084,40.412854],[-3.671712,40.412836],[-3.671723,40.41271],[-3.672095,40.412729],[-3.672084,40.412854]]]},"properties":{"osmId":251096542,"osmType":"way","tags":{"building":"apartments","addr:street":"Calle de Samaria","addr:housenumber":"10","addr:postcode":"28009"}}},{"type":"Feature","id":"osm-way-251096544","geometry":{"type":"Polygon","coordinates":[[[-3.671341,40.412815],[-3.671712,40.412836],[-3.671723,40.41271],[-3.671352,40.412693],[-3.671341,40.412815]]]},"properties":{"osmId":251096544,"osmType":"way","tags":{"building":"apartments","addr:street":"Calle de Samaria","addr:housenumber":"12","addr:postcode":"28009"}}},{"type":"Feature","id":"osm-way-251096546","geometry":{"type":"Polygon","coordinates":[[[-3.671341,40.412815],[-3.670965,40.412796],[-3.670976,40.412674],[-3.671352,40.412693],[-3.671341,40.412815]]]},"properties":{"osmId":251096546,"osmType":"way","tags":{"building":"apartments","addr:street":"Calle de Samaria","addr:housenumber":"14","addr:postcode":"28009"}}},{"type":"Feature","id":"osm-way-251096548","geometry":{"type":"Polygon","coordinates":[[[-3.672701,40.412236],[-3.672607,40.41218],[-3.67255,40.412145],[-3.672784,40.411923],[-3.672885,40.411984],[-3.672934,40.412014],[-3.672701,40.412236]]]},"properties":{"osmId":251096548,"osmType":"way","tags":{"building":"apartments","addr:street":"Calle de Samaria","addr:housenumber":"4","addr:postcode":"28009"}}},{"type":"Feature","id":"osm-way-251096549","geometry":{"type":"Polygon","coordinates":[[[-3.672522,40.412492],[-3.672754,40.412269],[-3.672701,40.412236],[-3.672607,40.41218],[-3.672374,40.412402],[-3.672441,40.412443],[-3.672522,40.412492]]]},"properties":{"osmId":251096549,"osmType":"way","tags":{"building":"apartments","addr:street":"Calle de Samaria","addr:housenumber":"6","addr:postcode":"28009"}}},{"type":"Feature","id":"osm-way-251096550","geometry":{"type":"Polygon","coordinates":[[[-3.672367,40.412727],[-3.672231,40.412644],[-3.672265,40.412611],[-3.672441,40.412443],[-3.672522,40.412492],[-3.672578,40.412526],[-3.672367,40.412727]]]},"properties":{"osmId":251096550,"osmType":"way","tags":{"building":"apartments","addr:street":"Calle de Samaria","addr:housenumber":"8","addr:postcode":"28009"}}},{"type":"Feature","id":"osm-way-251096551","geometry":{"type":"Polygon","coordinates":[[[-3.670568,40.412499],[-3.670591,40.412254],[-3.670732,40.412261],[-3.670729,40.412299],[-3.670746,40.412313],[-3.670726,40.412326],[-3.670744,40.412341],[-3.670724,40.412354],[-3.670721,40.412392],[-3.670738,40.412406],[-3.670718,40.412419],[-3.670711,40.412507],[-3.670568,40.412499]]]},"properties":{"osmId":251096551,"osmType":"way","tags":{"building":"apartments"}}},{"type":"Feature","id":"osm-way-251096552","geometry":{"type":"Polygon","coordinates":[[[-3.670687,40.41276],[-3.670545,40.412753],[-3.670568,40.412499],[-3.670711,40.412507],[-3.670687,40.41276]]]},"properties":{"osmId":251096552,"osmType":"way","tags":{"building":"apartments"}}},{"type":"Feature","id":"osm-way-252078725","geometry":{"type":"Polygon","coordinates":[[[-3.663222,40.415734],[-3.66317,40.415687],[-3.66323,40.41565],[-3.663374,40.4158],[-3.663422,40.415777],[-3.663454,40.415812],[-3.663467,40.415807],[-3.663474,40.415817],[-3.663528,40.415786],[-3.663511,40.415766],[-3.663497,40.415772],[-3.663258,40.415512],[-3.663081,40.415608],[-3.662941,40.415701],[-3.662993,40.415744],[-3.663041,40.415718],[-3.66305,40.415722],[-3.663073,40.41571],[-3.663099,40.41571],[-3.663099,40.415729],[-3.663104,40.415735],[-3.663101,40.415737],[-3.663092,40.415728],[-3.663086,40.415733],[-3.663067,40.415736],[-3.66305,40.415741],[-3.663034,40.415748],[-3.663019,40.415756],[-3.663005,40.415766],[-3.662993,40.415777],[-3.662983,40.415789],[-3.662975,40.415802],[-3.662983,40.415807],[-3.662917,40.415848],[-3.663029,40.415951],[-3.663071,40.41599],[-3.663119,40.415992],[-3.663301,40.415872],[-3.663282,40.415855],[-3.663324,40.415827],[-3.663271,40.415779],[-3.66327,40.415769],[-3.663266,40.415758],[-3.663258,40.415749],[-3.663248,40.415742],[-3.663236,40.415737],[-3.663222,40.415734]]]},"properties":{"osmId":252078725,"osmType":"way","tags":{"building":"church","addr:street":"Calle de Juan Esplandiú","addr:housenumber":"2","addr:postcode":"28007"}}},{"type":"Feature","id":"osm-way-252079019","geometry":{"type":"Polygon","coordinates":[[[-3.669399,40.413527],[-3.669412,40.413366],[-3.66931,40.41336],[-3.669295,40.413522],[-3.669399,40.413527]]]},"properties":{"osmId":252079019,"osmType":"way","tags":{"building":"apartments","building:levels":"4","addr:street":"Calle del Doctor Esquerdo","addr:housenumber":"117","addr:postcode":"28007"}}},{"type":"Feature","id":"osm-way-252079031","geometry":{"type":"Polygon","coordinates":[[[-3.669367,40.413922],[-3.669383,40.413716],[-3.669277,40.41371],[-3.669271,40.413799],[-3.669254,40.413803],[-3.669253,40.413824],[-3.669269,40.413827],[-3.669264,40.413918],[-3.669367,40.413922]]]},"properties":{"osmId":252079031,"osmType":"way","tags":{"building":"apartments","building:levels":"3","addr:street":"Calle del Doctor Esquerdo","addr:housenumber":"115","addr:postcode":"28007"}}},{"type":"Feature","id":"osm-way-252081023","geometry":{"type":"Polygon","coordinates":[[[-3.669036,40.413],[-3.668879,40.412992],[-3.668838,40.41299],[-3.668827,40.413117],[-3.669025,40.413127],[-3.669036,40.413]]]},"properties":{"osmId":252081023,"osmType":"way","tags":{"building":"apartments","building:levels":"11","addr:street":"Calle del Pez Volador","addr:housenumber":"3","addr:postcode":"28007"}}},{"type":"Feature","id":"osm-way-252081095","geometry":{"type":"Polygon","coordinates":[[[-3.668838,40.41299],[-3.668798,40.412988],[-3.668637,40.41298],[-3.668626,40.413107],[-3.668827,40.413117],[-3.668838,40.41299]]]},"properties":{"osmId":252081095,"osmType":"way","tags":{"building":"apartments","building:levels":"11","addr:street":"Calle del Pez Volador","addr:housenumber":"5","addr:postcode":"28007"}}},{"type":"Feature","id":"osm-way-252081109","geometry":{"type":"Polygon","coordinates":[[[-3.668423,40.413097],[-3.668434,40.41297],[-3.668477,40.412972],[-3.668637,40.41298],[-3.668626,40.413107],[-3.668423,40.413097]]]},"properties":{"osmId":252081109,"osmType":"way","tags":{"building":"apartments","building:levels":"11","addr:street":"Calle del Pez Volador","addr:housenumber":"7","addr:postcode":"28007"}}},{"type":"Feature","id":"osm-way-252081131","geometry":{"type":"Polygon","coordinates":[[[-3.668214,40.413087],[-3.668225,40.412962],[-3.668278,40.412964],[-3.668305,40.412965],[-3.668395,40.412968],[-3.668434,40.41297],[-3.668423,40.413097],[-3.668214,40.413087]]]},"properties":{"osmId":252081131,"osmType":"way","tags":{"building":"apartments","addr:street":"Calle del Pez Volador","addr:housenumber":"9","addr:postcode":"28007"}}},{"type":"Feature","id":"osm-way-252081158","geometry":{"type":"Polygon","coordinates":[[[-3.667634,40.413008],[-3.667562,40.412949],[-3.667263,40.41316],[-3.667335,40.413219],[-3.667634,40.413008]]]},"properties":{"osmId":252081158,"osmType":"way","tags":{"building":"apartments","addr:street":"Calle del Pez Volador","addr:housenumber":"14","addr:postcode":"28007"}}},{"type":"Feature","id":"osm-way-252081181","geometry":{"type":"Polygon","coordinates":[[[-3.667182,40.413469],[-3.667108,40.413409],[-3.666886,40.413568],[-3.66696,40.413628],[-3.667182,40.413469]]]},"properties":{"osmId":252081181,"osmType":"way","tags":{"building":"apartments","addr:street":"Calle del Pez Volador","addr:housenumber":"18","addr:postcode":"28007"}}},{"type":"Feature","id":"osm-way-252081197","geometry":{"type":"Polygon","coordinates":[[[-3.6674,40.413313],[-3.667182,40.413469],[-3.667108,40.413409],[-3.667327,40.413253],[-3.6674,40.413313]]]},"properties":{"osmId":252081197,"osmType":"way","tags":{"building":"apartments","addr:street":"Calle del Pez Volador","addr:housenumber":"16","addr:postcode":"28007"}}},{"type":"Feature","id":"osm-way-252081336","geometry":{"type":"Polygon","coordinates":[[[-3.666988,40.413737],[-3.666894,40.413659],[-3.666649,40.413829],[-3.666743,40.413905],[-3.666988,40.413737]]]},"properties":{"osmId":252081336,"osmType":"way","tags":{"building":"apartments","addr:street":"Calle del Pez Volador","addr:housenumber":"20","addr:postcode":"28007"}}},{"type":"Feature","id":"osm-way-252081364","geometry":{"type":"Polygon","coordinates":[[[-3.666369,40.414165],[-3.666272,40.414088],[-3.666649,40.413829],[-3.666743,40.413905],[-3.666369,40.414165]]]},"properties":{"osmId":252081364,"osmType":"way","tags":{"building":"apartments","addr:street":"Calle del Pez Volador","addr:housenumber":"22","addr:postcode":"28007"}}},{"type":"Feature","id":"osm-way-252218095","geometry":{"type":"Polygon","coordinates":[[[-3.667134,40.413089],[-3.667054,40.413024],[-3.666842,40.413175],[-3.666817,40.413193],[-3.666799,40.413205],[-3.666609,40.413341],[-3.666688,40.413406],[-3.667134,40.413089]]]},"properties":{"osmId":252218095,"osmType":"way","tags":{"building":"apartments"}}},{"type":"Feature","id":"osm-way-252218105","geometry":{"type":"Polygon","coordinates":[[[-3.66672,40.413511],[-3.666646,40.413448],[-3.666397,40.41362],[-3.66621,40.413751],[-3.666286,40.413814],[-3.66672,40.413511]]]},"properties":{"osmId":252218105,"osmType":"way","tags":{"building":"apartments","building:levels":"10"}}},{"type":"Feature","id":"osm-way-252223372","geometry":{"type":"Polygon","coordinates":[[[-3.667932,40.412798],[-3.667634,40.413008],[-3.667562,40.412949],[-3.66786,40.412739],[-3.667932,40.412798]]]},"properties":{"osmId":252223372,"osmType":"way","tags":{"building":"apartments"}}},{"type":"Feature","id":"osm-way-252223373","geometry":{"type":"Polygon","coordinates":[[[-3.667656,40.412579],[-3.667071,40.412993],[-3.666995,40.412935],[-3.667576,40.412517],[-3.667656,40.412579]]]},"properties":{"osmId":252223373,"osmType":"way","tags":{"building":"apartments"}}},{"type":"Feature","id":"osm-way-252396287","geometry":{"type":"Polygon","coordinates":[[[-3.669431,40.413163],[-3.669412,40.413366],[-3.66931,40.41336],[-3.669129,40.413352],[-3.669141,40.413209],[-3.669144,40.413152],[-3.669431,40.413163]]]},"properties":{"osmId":252396287,"osmType":"way","tags":{"building":"retail","building:levels":"1"}}},{"type":"Feature","id":"osm-way-252567962","geometry":{"type":"Polygon","coordinates":[[[-3.666753,40.412106],[-3.666462,40.411868],[-3.666444,40.411881],[-3.666413,40.411904],[-3.666443,40.411927],[-3.666364,40.411985],[-3.666581,40.412165],[-3.666548,40.412189],[-3.66657,40.412207],[-3.666637,40.412262],[-3.666481,40.412373],[-3.666607,40.412474],[-3.666826,40.412318],[-3.666655,40.412177],[-3.666753,40.412106]]]},"properties":{"osmId":252567962,"osmType":"way","tags":{"building":"yes"}}},{"type":"Feature","id":"osm-way-252692279","geometry":{"type":"Polygon","coordinates":[[[-3.669472,40.412243],[-3.669508,40.411776],[-3.669305,40.411767],[-3.669292,40.411927],[-3.669266,40.412235],[-3.669435,40.412242],[-3.669472,40.412243]]]},"properties":{"osmId":252692279,"osmType":"way","tags":{"building":"office","building:levels":"6","addr:street":"Calle del Doctor Esquerdo","addr:housenumber":"125","addr:postcode":"28007"}}},{"type":"Feature","id":"osm-way-252692280","geometry":{"type":"Polygon","coordinates":[[[-3.669327,40.412683],[-3.669338,40.412548],[-3.669339,40.41253],[-3.669307,40.412529],[-3.668714,40.4125],[-3.668623,40.412536],[-3.668511,40.412588],[-3.668511,40.412647],[-3.669327,40.412683]]]},"properties":{"osmId":252692280,"osmType":"way","tags":{"building":"office"}}},{"type":"Feature","id":"osm-way-252692428","geometry":{"type":"Polygon","coordinates":[[[-3.669433,40.412552],[-3.669455,40.412293],[-3.669429,40.412291],[-3.669435,40.412242],[-3.669266,40.412235],[-3.668491,40.4122],[-3.668461,40.412586],[-3.668511,40.412588],[-3.668623,40.412536],[-3.668714,40.4125],[-3.668728,40.412327],[-3.669321,40.412359],[-3.669307,40.412529],[-3.669339,40.41253],[-3.669338,40.412548],[-3.669433,40.412552]]]},"properties":{"osmId":252692428,"osmType":"way","tags":{"building":"office","building:levels":"1","addr:street":"Calle del Doctor Esquerdo","addr:housenumber":"123"}}},{"type":"Feature","id":"osm-way-254282031","geometry":{"type":"Polygon","coordinates":[[[-3.662679,40.416136],[-3.662591,40.416216],[-3.662519,40.416289],[-3.662413,40.416403],[-3.662346,40.416489],[-3.662283,40.416581],[-3.662439,40.416641],[-3.662512,40.416541],[-3.662607,40.416424],[-3.662725,40.416304],[-3.662809,40.416225],[-3.662679,40.416136]]]},"properties":{"osmId":254282031,"osmType":"way","tags":{"building":"apartments"}}},{"type":"Feature","id":"osm-way-254282032","geometry":{"type":"Polygon","coordinates":[[[-3.66186,40.417485],[-3.661814,40.417595],[-3.661787,40.417634],[-3.66176,40.417658],[-3.661731,40.417678],[-3.661702,40.417693],[-3.661673,40.417704],[-3.661647,40.417711],[-3.661607,40.417718],[-3.661561,40.417719],[-3.661506,40.417715],[-3.661457,40.417709],[-3.661423,40.417842],[-3.661524,40.417851],[-3.661574,40.417854],[-3.661643,40.417849],[-3.66169,40.417841],[-3.661717,40.417836],[-3.661762,40.41782],[-3.661796,40.417805],[-3.661816,40.417796],[-3.661845,40.41778],[-3.661886,40.417752],[-3.661926,40.417716],[-3.661949,40.417688],[-3.661969,40.417661],[-3.661984,40.417631],[-3.662029,40.417526],[-3.66186,40.417485]]]},"properties":{"osmId":254282032,"osmType":"way","tags":{"building":"apartments"}}},{"type":"Feature","id":"osm-way-254282033","geometry":{"type":"Polygon","coordinates":[[[-3.662157,40.41679],[-3.662098,40.416904],[-3.662048,40.41702],[-3.661999,40.417137],[-3.66193,40.417306],[-3.662099,40.417345],[-3.662133,40.417266],[-3.662206,40.417079],[-3.662243,40.41699],[-3.662278,40.416914],[-3.662324,40.416836],[-3.662157,40.41679]]]},"properties":{"osmId":254282033,"osmType":"way","tags":{"building":"apartments"}}},{"type":"Feature","id":"osm-way-254282119","geometry":{"type":"Polygon","coordinates":[[[-3.662737,40.41748],[-3.662581,40.417436],[-3.662509,40.41762],[-3.662451,40.417757],[-3.662419,40.417824],[-3.66234,40.417929],[-3.662475,40.418011],[-3.662532,40.41794],[-3.662576,40.417871],[-3.662635,40.417748],[-3.662674,40.417655],[-3.662737,40.41748]]]},"properties":{"osmId":254282119,"osmType":"way","tags":{"building":"apartments"}}},{"type":"Feature","id":"osm-way-254282760","geometry":{"type":"Polygon","coordinates":[[[-3.668892,40.413852],[-3.668706,40.413844],[-3.668706,40.413859],[-3.668702,40.413888],[-3.668699,40.413918],[-3.6687,40.413933],[-3.668886,40.413942],[-3.668892,40.413852]]]},"properties":{"osmId":254282760,"osmType":"way","tags":{"building":"apartments"}}},{"type":"Feature","id":"osm-way-254282762","geometry":{"type":"Polygon","coordinates":[[[-3.667983,40.414783],[-3.667999,40.414626],[-3.667827,40.414617],[-3.667823,40.414657],[-3.667803,40.414646],[-3.667773,40.414638],[-3.667742,40.414642],[-3.667722,40.414651],[-3.667725,40.414611],[-3.667552,40.414603],[-3.667538,40.41476],[-3.66771,40.414769],[-3.667713,40.414727],[-3.667729,40.414738],[-3.667761,40.414748],[-3.667787,40.414745],[-3.667815,40.414736],[-3.667812,40.414774],[-3.667869,40.414777],[-3.667983,40.414783]]]},"properties":{"osmId":254282762,"osmType":"way","tags":{"building":"public","addr:street":"Calle José Martínez de Velasco","addr:housenumber":"22","addr:postcode":"28007"}}},{"type":"Feature","id":"osm-way-254282763","geometry":{"type":"Polygon","coordinates":[[[-3.669172,40.413565],[-3.669237,40.413568],[-3.669238,40.41356],[-3.66933,40.413564],[-3.669329,40.413572],[-3.669394,40.413576],[-3.669388,40.413664],[-3.669167,40.413654],[-3.669172,40.413565]]]},"properties":{"osmId":254282763,"osmType":"way","tags":{"building":"apartments"}}},{"type":"Feature","id":"osm-way-254282765","geometry":{"type":"Polygon","coordinates":[[[-3.669234,40.414108],[-3.669239,40.414054],[-3.669218,40.414053],[-3.669223,40.413997],[-3.669243,40.413998],[-3.669247,40.413958],[-3.669364,40.413963],[-3.669351,40.414114],[-3.669337,40.414113],[-3.669234,40.414108]]]},"properties":{"osmId":254282765,"osmType":"way","tags":{"building":"apartments","building:levels":"12","addr:street":"Calle del Doctor Esquerdo","addr:housenumber":"113"}}},{"type":"Feature","id":"osm-way-254287883","geometry":{"type":"Polygon","coordinates":[[[-3.666813,40.417028],[-3.666721,40.41691],[-3.66634,40.417094],[-3.666278,40.417115],[-3.666217,40.417126],[-3.666119,40.417112],[-3.665784,40.416952],[-3.665687,40.417062],[-3.665974,40.4172],[-3.666067,40.417239],[-3.66614,40.41725],[-3.666219,40.417261],[-3.666286,40.417253],[-3.666378,40.417232],[-3.666608,40.417124],[-3.666813,40.417028]]]},"properties":{"osmId":254287883,"osmType":"way","tags":{"building":"apartments","addr:street":"Calle del Marqués de Lozoya","addr:housenumber":"2;4;6;8;10","addr:postcode":"28007"}}},{"type":"Feature","id":"osm-way-254292609","geometry":{"type":"Polygon","coordinates":[[[-3.664611,40.416979],[-3.664549,40.416881],[-3.664663,40.416844],[-3.664782,40.416818],[-3.664921,40.416796],[-3.665096,40.416787],[-3.665251,40.416799],[-3.66523,40.416908],[-3.665048,40.416899],[-3.664886,40.416907],[-3.664745,40.416937],[-3.664611,40.416979]]]},"properties":{"osmId":254292609,"osmType":"way","tags":{"building":"apartments","addr:street":"Calle del Marqués de Lozoya","addr:housenumber":"3","addr:postcode":"28007"}}},{"type":"Feature","id":"osm-way-254292610","geometry":{"type":"Polygon","coordinates":[[[-3.663967,40.417761],[-3.663806,40.417723],[-3.663713,40.417955],[-3.663649,40.41811],[-3.663571,40.418246],[-3.663477,40.418381],[-3.663626,40.418443],[-3.66371,40.41833],[-3.663788,40.418188],[-3.663857,40.418031],[-3.663967,40.417761]]]},"properties":{"osmId":254292610,"osmType":"way","tags":{"building":"apartments","addr:street":"Calle del Marqués de Lozoya","addr:housenumber":"11;13;15;17","addr:postcode":"28007"}}},{"type":"Feature","id":"osm-way-255626577","geometry":{"type":"Polygon","coordinates":[[[-3.667768,40.417046],[-3.667659,40.417098],[-3.667566,40.417144],[-3.667507,40.417075],[-3.66756,40.41705],[-3.667513,40.416988],[-3.667604,40.416944],[-3.667654,40.417003],[-3.667711,40.416977],[-3.667768,40.417046]]]},"properties":{"osmId":255626577,"osmType":"way","tags":{"building":"apartments"}}},{"type":"Feature","id":"osm-way-255626578","geometry":{"type":"Polygon","coordinates":[[[-3.666354,40.417729],[-3.666447,40.417685],[-3.66656,40.417632],[-3.666498,40.417562],[-3.666444,40.417587],[-3.666394,40.417528],[-3.666303,40.417575],[-3.666352,40.417632],[-3.666298,40.417661],[-3.666354,40.417729]]]},"properties":{"osmId":255626578,"osmType":"way","tags":{"building":"apartments"}}},{"type":"Feature","id":"osm-way-255626579","geometry":{"type":"Polygon","coordinates":[[[-3.66696,40.417438],[-3.667057,40.41739],[-3.667163,40.417338],[-3.667104,40.41727],[-3.667048,40.417297],[-3.667,40.417235],[-3.666906,40.417279],[-3.666956,40.417341],[-3.666904,40.417367],[-3.66696,40.417438]]]},"properties":{"osmId":255626579,"osmType":"way","tags":{"building":"apartments"}}},{"type":"Feature","id":"osm-way-255626580","geometry":{"type":"Polygon","coordinates":[[[-3.667364,40.417241],[-3.667305,40.417173],[-3.66736,40.417146],[-3.667311,40.417086],[-3.667399,40.41704],[-3.66745,40.417101],[-3.667507,40.417075],[-3.667566,40.417144],[-3.667456,40.417197],[-3.667364,40.417241]]]},"properties":{"osmId":255626580,"osmType":"way","tags":{"building":"apartments"}}},{"type":"Feature","id":"osm-way-255626581","geometry":{"type":"Polygon","coordinates":[[[-3.666152,40.417827],[-3.666253,40.417778],[-3.666354,40.417729],[-3.666298,40.417661],[-3.666242,40.417687],[-3.666193,40.417627],[-3.6661,40.417671],[-3.666151,40.417731],[-3.666095,40.417758],[-3.666152,40.417827]]]},"properties":{"osmId":255626581,"osmType":"way","tags":{"building":"apartments"}}},{"type":"Feature","id":"osm-way-255626582","geometry":{"type":"Polygon","coordinates":[[[-3.66656,40.417632],[-3.666653,40.417586],[-3.666758,40.417534],[-3.666701,40.417465],[-3.666646,40.417492],[-3.666596,40.417433],[-3.666505,40.417476],[-3.666555,40.417536],[-3.666498,40.417562],[-3.66656,40.417632]]]},"properties":{"osmId":255626582,"osmType":"way","tags":{"building":"apartments"}}},{"type":"Feature","id":"osm-way-255626583","geometry":{"type":"Polygon","coordinates":[[[-3.666758,40.417534],[-3.666855,40.417488],[-3.66696,40.417438],[-3.666904,40.417367],[-3.666848,40.417394],[-3.666797,40.417333],[-3.666707,40.417377],[-3.666756,40.417438],[-3.666701,40.417465],[-3.666758,40.417534]]]},"properties":{"osmId":255626583,"osmType":"way","tags":{"building":"apartments"}}},{"type":"Feature","id":"osm-way-255626584","geometry":{"type":"Polygon","coordinates":[[[-3.667163,40.417338],[-3.667257,40.417292],[-3.667364,40.417241],[-3.667305,40.417173],[-3.667251,40.417198],[-3.6672,40.417138],[-3.66711,40.417183],[-3.66716,40.417242],[-3.667104,40.41727],[-3.667163,40.417338]]]},"properties":{"osmId":255626584,"osmType":"way","tags":{"building":"apartments"}}},{"type":"Feature","id":"osm-way-255627345","geometry":{"type":"Polygon","coordinates":[[[-3.664796,40.417766],[-3.664343,40.417662],[-3.664356,40.417593],[-3.664405,40.417474],[-3.664485,40.417388],[-3.664579,40.417303],[-3.664668,40.417253],[-3.6647,40.417235],[-3.664973,40.417294],[-3.664903,40.41745],[-3.664992,40.41747],[-3.66485,40.417776],[-3.664796,40.417766]]]},"properties":{"osmId":255627345,"osmType":"way","tags":{"building":"office"}}},{"type":"Feature","id":"osm-way-255627352","geometry":{"type":"Polygon","coordinates":[[[-3.664807,40.417916],[-3.664279,40.417794],[-3.664254,40.417855],[-3.664203,40.417842],[-3.664157,40.417956],[-3.664207,40.417969],[-3.664139,40.41813],[-3.664087,40.418246],[-3.664045,40.418329],[-3.663999,40.418313],[-3.663935,40.418419],[-3.663981,40.418437],[-3.663926,40.418516],[-3.663901,40.41856],[-3.663893,40.418611],[-3.663897,40.418636],[-3.663906,40.418669],[-3.663924,40.418702],[-3.663945,40.418726],[-3.663972,40.418751],[-3.66401,40.418774],[-3.664048,40.418789],[-3.664098,40.418801],[-3.664145,40.418805],[-3.664191,40.418803],[-3.664233,40.418795],[-3.664288,40.418775],[-3.664329,40.41875],[-3.664365,40.418778],[-3.664405,40.418741],[-3.664433,40.418703],[-3.664331,40.418661],[-3.664418,40.418533],[-3.664468,40.418553],[-3.66452,40.418573],[-3.664583,40.418445],[-3.66467,40.418259],[-3.66474,40.418084],[-3.664762,40.418029],[-3.66478,40.417987],[-3.664807,40.417916]]]},"properties":{"osmId":255627352,"osmType":"way","tags":{"building":"commercial","building:levels":"17","addr:postcode":"28007"}}},{"type":"Feature","id":"osm-way-255628094","geometry":{"type":"Polygon","coordinates":[[[-3.66678,40.417933],[-3.666751,40.417946],[-3.666816,40.418028],[-3.666733,40.418067],[-3.666663,40.417987],[-3.666604,40.418017],[-3.66652,40.418056],[-3.666506,40.418074],[-3.666563,40.418095],[-3.666714,40.418146],[-3.666803,40.418176],[-3.666858,40.418094],[-3.666947,40.418123],[-3.666895,40.41821],[-3.666971,40.418236],[-3.66693,40.418312],[-3.666794,40.418264],[-3.666678,40.418223],[-3.666578,40.418189],[-3.666514,40.418167],[-3.6663,40.41809],[-3.666319,40.418056],[-3.666441,40.417998],[-3.666539,40.417951],[-3.666639,40.417903],[-3.666717,40.417865],[-3.666799,40.417825],[-3.666888,40.417782],[-3.666943,40.417851],[-3.666905,40.417869],[-3.666974,40.417951],[-3.666891,40.417992],[-3.666824,40.417913],[-3.66678,40.417933]]]},"properties":{"osmId":255628094,"osmType":"way","tags":{"building":"apartments","building:levels":"6"}}},{"type":"Feature","id":"osm-way-255628098","geometry":{"type":"Polygon","coordinates":[[[-3.667033,40.417711],[-3.66712,40.417669],[-3.667205,40.417627],[-3.667263,40.417695],[-3.667092,40.417777],[-3.667033,40.417711]]]},"properties":{"osmId":255628098,"osmType":"way","tags":{"building":"apartments","building:levels":"6"}}},{"type":"Feature","id":"osm-way-255628099","geometry":{"type":"Polygon","coordinates":[[[-3.666888,40.417782],[-3.666943,40.417851],[-3.666982,40.417833],[-3.667048,40.417914],[-3.667133,40.417875],[-3.667068,40.417794],[-3.667092,40.417777],[-3.667033,40.417711],[-3.666963,40.417746],[-3.666888,40.417782]]]},"properties":{"osmId":255628099,"osmType":"way","tags":{"building":"apartments","building:levels":"6"}}},{"type":"Feature","id":"osm-way-255628411","geometry":{"type":"Polygon","coordinates":[[[-3.667937,40.417279],[-3.667856,40.417317],[-3.667914,40.417385],[-3.667979,40.417475],[-3.668064,40.417431],[-3.667937,40.417279]]]},"properties":{"osmId":255628411,"osmType":"way","tags":{"building":"apartments","addr:street":"Calle del Alcalde Sáinz de Baranda","addr:housenumber":"89","addr:postcode":"28007"}}},{"type":"Feature","id":"osm-way-255628412","geometry":{"type":"Polygon","coordinates":[[[-3.667856,40.417317],[-3.667698,40.4174],[-3.667751,40.417464],[-3.667914,40.417385],[-3.667856,40.417317]]]},"properties":{"osmId":255628412,"osmType":"way","tags":{"building":"apartments","addr:street":"Calle del Alcalde Sáinz de Baranda","addr:housenumber":"91","addr:postcode":"28007"}}},{"type":"Feature","id":"osm-way-255628878","geometry":{"type":"Polygon","coordinates":[[[-3.668305,40.417102],[-3.66842,40.417046],[-3.668518,40.416999],[-3.668652,40.417058],[-3.668642,40.417212],[-3.668634,40.417293],[-3.668628,40.417353],[-3.668623,40.417438],[-3.668619,40.417501],[-3.668489,40.417495],[-3.668506,40.417303],[-3.668492,40.417301],[-3.668497,40.417224],[-3.668503,40.417135],[-3.668392,40.417189],[-3.668226,40.417268],[-3.668373,40.417447],[-3.668298,40.417486],[-3.668236,40.417483],[-3.668171,40.417404],[-3.668107,40.417326],[-3.668033,40.417234],[-3.668167,40.417169],[-3.668305,40.417102]]]},"properties":{"osmId":255628878,"osmType":"way","tags":{"building":"apartments"}}},{"type":"Feature","id":"osm-way-255629377","geometry":{"type":"Polygon","coordinates":[[[-3.669065,40.417524],[-3.668947,40.417518],[-3.668951,40.417471],[-3.66888,40.417468],[-3.668876,40.417514],[-3.668759,40.417508],[-3.668775,40.417324],[-3.668892,40.417329],[-3.668888,40.417376],[-3.668958,40.41738],[-3.668963,40.417333],[-3.669081,40.417338],[-3.669073,40.417432],[-3.669065,40.417524]]]},"properties":{"osmId":255629377,"osmType":"way","tags":{"building":"apartments","addr:street":"Calle del Doctor Esquerdo","addr:housenumber":"87","addr:postcode":"28007"}}},{"type":"Feature","id":"osm-way-255629381","geometry":{"type":"Polygon","coordinates":[[[-3.669096,40.417151],[-3.668979,40.417145],[-3.668983,40.417097],[-3.668913,40.417093],[-3.668909,40.417141],[-3.66879,40.417136],[-3.668806,40.416949],[-3.668923,40.416955],[-3.668919,40.417004],[-3.668992,40.417007],[-3.668996,40.416959],[-3.669112,40.416964],[-3.669104,40.417062],[-3.669096,40.417151]]]},"properties":{"osmId":255629381,"osmType":"way","tags":{"building":"apartments","addr:street":"Calle del Doctor Esquerdo","addr:housenumber":"91","addr:postcode":"28007"}}},{"type":"Feature","id":"osm-way-255629384","geometry":{"type":"Polygon","coordinates":[[[-3.669081,40.417338],[-3.668963,40.417333],[-3.668892,40.417329],[-3.668775,40.417324],[-3.66879,40.417136],[-3.668909,40.417141],[-3.668906,40.417189],[-3.668974,40.417192],[-3.668979,40.417145],[-3.669096,40.417151],[-3.669089,40.417248],[-3.669081,40.417338]]]},"properties":{"osmId":255629384,"osmType":"way","tags":{"building":"apartments","addr:street":"Calle del Doctor Esquerdo","addr:housenumber":"89","addr:postcode":"28007"}}},{"type":"Feature","id":"osm-way-255629385","geometry":{"type":"Polygon","coordinates":[[[-3.669128,40.416763],[-3.669112,40.416964],[-3.668996,40.416959],[-3.669,40.41691],[-3.668927,40.416908],[-3.668923,40.416955],[-3.668806,40.416949],[-3.668814,40.41686],[-3.669064,40.416738],[-3.669073,40.416734],[-3.669085,40.416732],[-3.669097,40.416733],[-3.669109,40.416737],[-3.669118,40.416742],[-3.669126,40.416752],[-3.669128,40.416763]]]},"properties":{"osmId":255629385,"osmType":"way","tags":{"building":"apartments","building:levels":"9","addr:street":"Calle del Doctor Esquerdo","addr:housenumber":"93","addr:postcode":"28007"}}},{"type":"Feature","id":"osm-way-255720229","geometry":{"type":"Polygon","coordinates":[[[-3.666824,40.418491],[-3.666604,40.418418],[-3.666336,40.418926],[-3.666569,40.418993],[-3.666824,40.418491]]]},"properties":{"osmId":255720229,"osmType":"way","tags":{"building":"apartments"}}},{"type":"Feature","id":"osm-way-255720230","geometry":{"type":"Polygon","coordinates":[[[-3.666341,40.419428],[-3.666424,40.419263],[-3.665779,40.419074],[-3.665691,40.419252],[-3.666341,40.419428]]]},"properties":{"osmId":255720230,"osmType":"way","tags":{"building":"apartments"}}},{"type":"Feature","id":"osm-way-255720232","geometry":{"type":"Polygon","coordinates":[[[-3.666397,40.418365],[-3.666176,40.418294],[-3.665899,40.418793],[-3.666135,40.418859],[-3.666397,40.418365]]]},"properties":{"osmId":255720232,"osmType":"way","tags":{"building":"apartments"}}},{"type":"Feature","id":"osm-way-255735596","geometry":{"type":"Polygon","coordinates":[[[-3.668921,40.415768],[-3.669015,40.415773],[-3.669014,40.415782],[-3.669113,40.415787],[-3.669114,40.415777],[-3.669207,40.415782],[-3.669215,40.415693],[-3.669073,40.415686],[-3.668927,40.415679],[-3.668921,40.415768]]]},"properties":{"osmId":255735596,"osmType":"way","tags":{"building":"apartments"}}},{"type":"Feature","id":"osm-way-255736026","geometry":{"type":"Polygon","coordinates":[[[-3.667938,40.415904],[-3.667837,40.415899],[-3.667747,40.415894],[-3.66774,40.415984],[-3.667931,40.415993],[-3.667938,40.415904]]]},"properties":{"osmId":255736026,"osmType":"way","tags":{"building":"apartments","addr:street":"Calle Rafael Salazar Alonso","addr:housenumber":"9","addr:postcode":"28007"}}},{"type":"Feature","id":"osm-way-255736027","geometry":{"type":"Polygon","coordinates":[[[-3.668958,40.415319],[-3.669099,40.415326],[-3.669245,40.415333],[-3.66925,40.415245],[-3.669158,40.41524],[-3.669159,40.41523],[-3.66906,40.415225],[-3.669059,40.415236],[-3.668966,40.415231],[-3.668958,40.415319]]]},"properties":{"osmId":255736027,"osmType":"way","tags":{"building":"apartments"}}},{"type":"Feature","id":"osm-way-255839196","geometry":{"type":"Polygon","coordinates":[[[-3.684476,40.42575],[-3.684474,40.425792],[-3.684391,40.425789],[-3.684392,40.425753],[-3.68426,40.425753],[-3.684248,40.425912],[-3.684533,40.425925],[-3.684598,40.425927],[-3.684614,40.425735],[-3.68456,40.42574],[-3.684476,40.42575]]]},"properties":{"osmId":255839196,"osmType":"way","tags":{"building":"apartments"}}},{"type":"Feature","id":"osm-way-255839198","geometry":{"type":"Polygon","coordinates":[[[-3.686848,40.426096],[-3.686802,40.426093],[-3.686807,40.426018],[-3.686829,40.426007],[-3.686951,40.426012],[-3.686962,40.425947],[-3.686829,40.425935],[-3.686839,40.425848],[-3.686876,40.425851],[-3.686876,40.425872],[-3.686962,40.425878],[-3.686964,40.425862],[-3.686997,40.425864],[-3.687026,40.425868],[-3.687025,40.425886],[-3.687075,40.425891],[-3.687055,40.426],[-3.687032,40.426059],[-3.687023,40.426086],[-3.686969,40.426083],[-3.686963,40.426101],[-3.686904,40.426097],[-3.686905,40.426081],[-3.686848,40.426076],[-3.686848,40.426096]]]},"properties":{"osmId":255839198,"osmType":"way","tags":{"building":"apartments"}}},{"type":"Feature","id":"osm-way-255839199","geometry":{"type":"Polygon","coordinates":[[[-3.686972,40.425471],[-3.687314,40.425491],[-3.687291,40.425686],[-3.687182,40.425681],[-3.687167,40.425845],[-3.687093,40.425838],[-3.68709,40.425873],[-3.687079,40.425872],[-3.687026,40.425868],[-3.686997,40.425864],[-3.687021,40.425671],[-3.686955,40.425668],[-3.686972,40.425471]]]},"properties":{"osmId":255839199,"osmType":"way","tags":{"building":"apartments","addr:street":"Calle de Goya","addr:housenumber":"17"}}},{"type":"Feature","id":"osm-way-255839200","geometry":{"type":"Polygon","coordinates":[[[-3.684808,40.425683],[-3.684617,40.425713],[-3.684614,40.425735],[-3.684598,40.425927],[-3.684533,40.425925],[-3.684524,40.426025],[-3.684524,40.426041],[-3.684563,40.42605],[-3.684796,40.42606],[-3.68481,40.425895],[-3.68495,40.425901],[-3.684944,40.425875],[-3.684954,40.425817],[-3.684807,40.425814],[-3.684808,40.425683]]]},"properties":{"osmId":255839200,"osmType":"way","tags":{"building":"apartments"}}},{"type":"Feature","id":"osm-way-255839201","geometry":{"type":"Polygon","coordinates":[[[-3.685709,40.426039],[-3.686033,40.426052],[-3.686023,40.426134],[-3.686063,40.426135],[-3.68608,40.426024],[-3.686127,40.426031],[-3.686107,40.42615],[-3.686205,40.426159],[-3.686222,40.425905],[-3.68612,40.4259],[-3.686124,40.425857],[-3.686091,40.425855],[-3.685756,40.425836],[-3.685759,40.425809],[-3.685705,40.425806],[-3.685683,40.426038],[-3.685709,40.426039]]]},"properties":{"osmId":255839201,"osmType":"way","tags":{"building":"apartments"}}},{"type":"Feature","id":"osm-way-255839203","geometry":{"type":"Polygon","coordinates":[[[-3.686573,40.425912],[-3.686611,40.42564],[-3.686765,40.425653],[-3.686728,40.425926],[-3.686573,40.425912]]]},"properties":{"osmId":255839203,"osmType":"way","tags":{"building":"apartments"}}},{"type":"Feature","id":"osm-way-255839204","geometry":{"type":"Polygon","coordinates":[[[-3.684239,40.426012],[-3.684248,40.425912],[-3.684533,40.425925],[-3.684524,40.426025],[-3.684239,40.426012]]]},"properties":{"osmId":255839204,"osmType":"way","tags":{"building":"apartments"}}},{"type":"Feature","id":"osm-way-255839205","geometry":{"type":"Polygon","coordinates":[[[-3.685425,40.42579],[-3.685403,40.426021],[-3.685683,40.426038],[-3.685705,40.425806],[-3.685425,40.42579]]]},"properties":{"osmId":255839205,"osmType":"way","tags":{"building":"apartments"}}},{"type":"Feature","id":"osm-way-255839206","geometry":{"type":"Polygon","coordinates":[[[-3.685795,40.425414],[-3.686135,40.425431],[-3.686111,40.425651],[-3.685776,40.425632],[-3.685795,40.425414]]]},"properties":{"osmId":255839206,"osmType":"way","tags":{"building":"apartments"}}},{"type":"Feature","id":"osm-way-255839208","geometry":{"type":"Polygon","coordinates":[[[-3.686358,40.426174],[-3.686398,40.425915],[-3.686222,40.425905],[-3.686205,40.426159],[-3.686358,40.426174]]]},"properties":{"osmId":255839208,"osmType":"way","tags":{"building":"apartments"}}},{"type":"Feature","id":"osm-way-255839209","geometry":{"type":"Polygon","coordinates":[[[-3.68607,40.420888],[-3.686074,40.420938],[-3.68609,40.420943],[-3.686097,40.420948],[-3.686074,40.420966],[-3.686098,40.420982],[-3.686091,40.420989],[-3.686127,40.421012],[-3.686136,40.421006],[-3.686157,40.42102],[-3.686181,40.421],[-3.686188,40.421002],[-3.686196,40.421016],[-3.686252,40.421014],[-3.686251,40.420995],[-3.686278,40.421014],[-3.686294,40.421022],[-3.686314,40.421026],[-3.686334,40.421026],[-3.686357,40.42102],[-3.686371,40.421012],[-3.686383,40.420999],[-3.686389,40.420986],[-3.68639,40.420972],[-3.686386,40.420958],[-3.686378,40.420946],[-3.686365,40.420936],[-3.686349,40.420925],[-3.686359,40.420919],[-3.686359,40.420912],[-3.686439,40.420908],[-3.686441,40.420887],[-3.686442,40.42087],[-3.686352,40.420876],[-3.686352,40.42087],[-3.686345,40.420865],[-3.686333,40.420868],[-3.686326,40.420864],[-3.686351,40.420844],[-3.686345,40.420807],[-3.686312,40.420787],[-3.686264,40.420792],[-3.686248,40.420808],[-3.686237,40.420803],[-3.686232,40.420793],[-3.686167,40.420796],[-3.686164,40.420799],[-3.686091,40.420753],[-3.686039,40.420763],[-3.686004,40.420742],[-3.685984,40.420761],[-3.685964,40.420779],[-3.685997,40.4208],[-3.685992,40.420841],[-3.68607,40.420888]]]},"properties":{"osmId":255839209,"osmType":"way","tags":{"building":"church","addr:street":"Calle de Alcalá","addr:housenumber":"83","addr:postcode":"28009"}}},{"type":"Feature","id":"osm-way-255839210","geometry":{"type":"Polygon","coordinates":[[[-3.686111,40.425651],[-3.686436,40.425667],[-3.686467,40.425477],[-3.686436,40.425446],[-3.686135,40.425431],[-3.686111,40.425651]]]},"properties":{"osmId":255839210,"osmType":"way","tags":{"building":"apartments"}}},{"type":"Feature","id":"osm-way-255839212","geometry":{"type":"Polygon","coordinates":[[[-3.685443,40.425612],[-3.685425,40.42579],[-3.685705,40.425806],[-3.685759,40.425809],[-3.685776,40.425632],[-3.685443,40.425612]]]},"properties":{"osmId":255839212,"osmType":"way","tags":{"building":"apartments"}}},{"type":"Feature","id":"osm-way-255839213","geometry":{"type":"Polygon","coordinates":[[[-3.685795,40.425414],[-3.685637,40.425406],[-3.685501,40.425399],[-3.685462,40.425422],[-3.685443,40.425612],[-3.685776,40.425632],[-3.685795,40.425414]]]},"properties":{"osmId":255839213,"osmType":"way","tags":{"building":"apartments"}}},{"type":"Feature","id":"osm-way-255839219","geometry":{"type":"Polygon","coordinates":[[[-3.685114,40.425876],[-3.685114,40.42589],[-3.684998,40.425883],[-3.684996,40.425933],[-3.685012,40.425934],[-3.685,40.426065],[-3.685096,40.426071],[-3.685096,40.426086],[-3.685218,40.426091],[-3.685238,40.425882],[-3.685114,40.425876]]]},"properties":{"osmId":255839219,"osmType":"way","tags":{"building":"apartments"}}},{"type":"Feature","id":"osm-way-255839220","geometry":{"type":"Polygon","coordinates":[[[-3.686091,40.425855],[-3.685756,40.425836],[-3.685759,40.425809],[-3.685776,40.425632],[-3.686111,40.425651],[-3.686091,40.425855]]]},"properties":{"osmId":255839220,"osmType":"way","tags":{"building":"apartments"}}},{"type":"Feature","id":"osm-way-255839221","geometry":{"type":"Polygon","coordinates":[[[-3.684627,40.425352],[-3.684615,40.425482],[-3.684606,40.425577],[-3.684937,40.425591],[-3.684948,40.425487],[-3.684958,40.425366],[-3.684742,40.425357],[-3.684627,40.425352]]]},"properties":{"osmId":255839221,"osmType":"way","tags":{"building":"apartments"}}},{"type":"Feature","id":"osm-way-255839222","geometry":{"type":"Polygon","coordinates":[[[-3.684958,40.425366],[-3.685264,40.42538],[-3.685289,40.425411],[-3.685265,40.425662],[-3.685116,40.425677],[-3.685128,40.425495],[-3.684948,40.425487],[-3.684958,40.425366]]]},"properties":{"osmId":255839222,"osmType":"way","tags":{"building":"apartments"}}},{"type":"Feature","id":"osm-way-255839223","geometry":{"type":"Polygon","coordinates":[[[-3.684276,40.425536],[-3.68426,40.425753],[-3.684392,40.425753],[-3.684476,40.42575],[-3.68456,40.42574],[-3.684573,40.425548],[-3.684465,40.425544],[-3.684276,40.425536]]]},"properties":{"osmId":255839223,"osmType":"way","tags":{"building":"apartments"}}},{"type":"Feature","id":"osm-way-255839224","geometry":{"type":"Polygon","coordinates":[[[-3.686533,40.426184],[-3.686573,40.425912],[-3.686728,40.425926],[-3.686829,40.425935],[-3.686827,40.425957],[-3.6868,40.425977],[-3.686749,40.425972],[-3.686721,40.426158],[-3.686789,40.426163],[-3.686783,40.426204],[-3.686533,40.426184]]]},"properties":{"osmId":255839224,"osmType":"way","tags":{"building":"apartments"}}},{"type":"Feature","id":"osm-way-255839225","geometry":{"type":"Polygon","coordinates":[[[-3.686398,40.425915],[-3.686436,40.425667],[-3.686111,40.425651],[-3.686091,40.425855],[-3.686124,40.425857],[-3.68612,40.4259],[-3.686222,40.425905],[-3.686398,40.425915]]]},"properties":{"osmId":255839225,"osmType":"way","tags":{"building":"apartments"}}},{"type":"Feature","id":"osm-way-255839226","geometry":{"type":"Polygon","coordinates":[[[-3.684627,40.425352],[-3.684318,40.425338],[-3.684288,40.425359],[-3.684276,40.425536],[-3.684465,40.425544],[-3.684472,40.425474],[-3.684615,40.425482],[-3.684627,40.425352]]]},"properties":{"osmId":255839226,"osmType":"way","tags":{"building":"apartments"}}},{"type":"Feature","id":"osm-way-255839228","geometry":{"type":"Polygon","coordinates":[[[-3.686972,40.425471],[-3.686827,40.425464],[-3.686676,40.425456],[-3.686631,40.425482],[-3.686611,40.42564],[-3.686765,40.425653],[-3.686865,40.425662],[-3.686955,40.425668],[-3.686972,40.425471]]]},"properties":{"osmId":255839228,"osmType":"way","tags":{"building":"apartments"}}},{"type":"Feature","id":"osm-way-255839230","geometry":{"type":"Polygon","coordinates":[[[-3.684954,40.425817],[-3.684964,40.425694],[-3.685116,40.425677],[-3.685265,40.425662],[-3.685238,40.425882],[-3.685114,40.425876],[-3.685113,40.425859],[-3.684997,40.425853],[-3.684988,40.42588],[-3.684944,40.425875],[-3.684954,40.425817]]]},"properties":{"osmId":255839230,"osmType":"way","tags":{"building":"apartments"}}},{"type":"Feature","id":"osm-way-255839234","geometry":{"type":"Polygon","coordinates":[[[-3.686865,40.425662],[-3.686839,40.425848],[-3.686876,40.425851],[-3.686918,40.425857],[-3.686921,40.425833],[-3.68694,40.425835],[-3.686945,40.42582],[-3.686969,40.425823],[-3.686964,40.425862],[-3.686997,40.425864],[-3.687021,40.425671],[-3.686955,40.425668],[-3.686865,40.425662]]]},"properties":{"osmId":255839234,"osmType":"way","tags":{"building":"apartments"}}},{"type":"Feature","id":"osm-way-255867421","geometry":{"type":"Polygon","coordinates":[[[-3.669162,40.41633],[-3.66917,40.41624],[-3.669074,40.416236],[-3.669075,40.416227],[-3.668976,40.416222],[-3.668975,40.416231],[-3.668881,40.416227],[-3.668872,40.416308],[-3.66887,40.416316],[-3.669162,40.41633]]]},"properties":{"osmId":255867421,"osmType":"way","tags":{"building":"apartments","building:levels":"10"}}},{"type":"Feature","id":"osm-way-255867422","geometry":{"type":"Polygon","coordinates":[[[-3.668633,40.416296],[-3.668872,40.416308],[-3.668881,40.416227],[-3.668883,40.416219],[-3.668809,40.416214],[-3.66881,40.416205],[-3.668713,40.4162],[-3.668712,40.416209],[-3.668641,40.416205],[-3.668633,40.416296]]]},"properties":{"osmId":255867422,"osmType":"way","tags":{"building":"apartments"}}},{"type":"Feature","id":"osm-way-255867423","geometry":{"type":"Polygon","coordinates":[[[-3.668393,40.416284],[-3.668633,40.416296],[-3.668641,40.416205],[-3.66857,40.416202],[-3.668571,40.416193],[-3.668472,40.416188],[-3.668471,40.416197],[-3.668398,40.416194],[-3.668398,40.416203],[-3.668393,40.416284]]]},"properties":{"osmId":255867423,"osmType":"way","tags":{"building":"apartments"}}},{"type":"Feature","id":"osm-way-255867424","geometry":{"type":"Polygon","coordinates":[[[-3.668112,40.41619],[-3.668208,40.416194],[-3.668209,40.416185],[-3.668306,40.416189],[-3.668305,40.416198],[-3.668398,40.416203],[-3.668393,40.416284],[-3.668393,40.416294],[-3.668104,40.416279],[-3.668112,40.41619]]]},"properties":{"osmId":255867424,"osmType":"way","tags":{"building":"apartments","building:levels":"10"}}},{"type":"Feature","id":"osm-way-255869145","geometry":{"type":"Polygon","coordinates":[[[-3.668023,40.414908],[-3.66783,40.414899],[-3.667822,40.41499],[-3.667908,40.414994],[-3.668015,40.414999],[-3.668023,40.414908]]]},"properties":{"osmId":255869145,"osmType":"way","tags":{"building":"apartments","addr:street":"Calle Rafael Salazar Alonso","addr:housenumber":"18","addr:postcode":"28007"}}},{"type":"Feature","id":"osm-way-255974781","geometry":{"type":"Polygon","coordinates":[[[-3.667497,40.41515],[-3.667485,40.415298],[-3.667602,40.415303],[-3.667605,40.415259],[-3.667616,40.415259],[-3.667619,40.41523],[-3.667621,40.415199],[-3.66761,40.415198],[-3.667614,40.415155],[-3.667497,40.41515]]]},"properties":{"osmId":255974781,"osmType":"way","tags":{"building":"apartments","addr:street":"Calle Rafael Salazar Alonso","addr:housenumber":"24","addr:postcode":"28007"}}},{"type":"Feature","id":"osm-way-255974916","geometry":{"type":"Polygon","coordinates":[[[-3.669092,40.416192],[-3.669122,40.415823],[-3.669001,40.415815],[-3.668975,40.416111],[-3.668958,40.41611],[-3.668902,40.416092],[-3.668895,40.4161],[-3.66889,40.416114],[-3.668893,40.416125],[-3.668899,40.416134],[-3.668937,40.416134],[-3.668934,40.416183],[-3.669092,40.416192]]]},"properties":{"osmId":255974916,"osmType":"way","tags":{"building":"church","addr:street":"Calle del Doctor Esquerdo","addr:housenumber":"97","addr:postcode":"28007"}}},{"type":"Feature","id":"osm-way-255974917","geometry":{"type":"Polygon","coordinates":[[[-3.669175,40.415197],[-3.669057,40.415191],[-3.669086,40.414819],[-3.669205,40.414824],[-3.669175,40.415197]]]},"properties":{"osmId":255974917,"osmType":"way","tags":{"building":"yes"}}},{"type":"Feature","id":"osm-way-256373323","geometry":{"type":"Polygon","coordinates":[[[-3.682533,40.424432],[-3.682539,40.42435],[-3.682501,40.424314],[-3.682451,40.424312],[-3.682399,40.424336],[-3.682393,40.424423],[-3.682389,40.424436],[-3.682313,40.424435],[-3.682293,40.424893],[-3.682436,40.424898],[-3.682579,40.424903],[-3.682604,40.424572],[-3.682608,40.424521],[-3.682614,40.424435],[-3.682533,40.424432]]]},"properties":{"osmId":256373323,"osmType":"way","tags":{"building":"church","addr:street":"Calle de Goya","addr:housenumber":"26","addr:postcode":"28001"}}},{"type":"Feature","id":"osm-way-256373324","geometry":{"type":"Polygon","coordinates":[[[-3.682873,40.424967],[-3.682908,40.424997],[-3.682942,40.424999],[-3.682945,40.424965],[-3.682949,40.424867],[-3.682969,40.424868],[-3.682984,40.42485],[-3.682898,40.424809],[-3.682884,40.424837],[-3.682876,40.424934],[-3.682873,40.424967]]]},"properties":{"osmId":256373324,"osmType":"way","tags":{"building":"commercial"}}},{"type":"Feature","id":"osm-way-256373325","geometry":{"type":"Polygon","coordinates":[[[-3.682439,40.425575],[-3.682506,40.425578],[-3.682554,40.42558],[-3.682659,40.425584],[-3.682662,40.425548],[-3.682679,40.425293],[-3.682635,40.425259],[-3.682524,40.425254],[-3.682463,40.425252],[-3.682452,40.425402],[-3.682531,40.425405],[-3.682528,40.425463],[-3.682448,40.42546],[-3.682441,40.425552],[-3.682439,40.425575]]]},"properties":{"osmId":256373325,"osmType":"way","tags":{"building":"apartments"}}},{"type":"Feature","id":"osm-way-256373326","geometry":{"type":"Polygon","coordinates":[[[-3.682274,40.426176],[-3.68244,40.426184],[-3.682443,40.426121],[-3.682446,40.426088],[-3.68242,40.426087],[-3.682424,40.426048],[-3.682449,40.426049],[-3.682456,40.425969],[-3.682289,40.425963],[-3.682274,40.426176]]]},"properties":{"osmId":256373326,"osmType":"way","tags":{"building":"apartments"}}},{"type":"Feature","id":"osm-way-256373327","geometry":{"type":"Polygon","coordinates":[[[-3.682241,40.425241],[-3.682012,40.425231],[-3.681989,40.425544],[-3.682226,40.42555],[-3.682241,40.425241]]]},"properties":{"osmId":256373327,"osmType":"way","tags":{"building":"apartments"}}},{"type":"Feature","id":"osm-way-256373328","geometry":{"type":"Polygon","coordinates":[[[-3.682913,40.424511],[-3.68321,40.424525],[-3.683231,40.424264],[-3.682937,40.424252],[-3.682913,40.424511]]]},"properties":{"osmId":256373328,"osmType":"way","tags":{"building":"apartments","addr:street":"Calle de Núñez de Balboa","addr:housenumber":"29"}}},{"type":"Feature","id":"osm-way-256373329","geometry":{"type":"Polygon","coordinates":[[[-3.683664,40.423819],[-3.683521,40.423813],[-3.68351,40.423948],[-3.683505,40.424004],[-3.683499,40.42407],[-3.683644,40.424077],[-3.683664,40.423819]]]},"properties":{"osmId":256373329,"osmType":"way","tags":{"building":"apartments"}}},{"type":"Feature","id":"osm-way-256373330","geometry":{"type":"Polygon","coordinates":[[[-3.681634,40.424701],[-3.681614,40.424918],[-3.681639,40.42495],[-3.68188,40.424957],[-3.681899,40.42471],[-3.681634,40.424701]]]},"properties":{"osmId":256373330,"osmType":"way","tags":{"building":"apartments","addr:street":"Calle de Goya","addr:housenumber":"32","addr:postcode":"28001"}}},{"type":"Feature","id":"osm-way-256373331","geometry":{"type":"Polygon","coordinates":[[[-3.682614,40.424435],[-3.682747,40.42444],[-3.682757,40.42429],[-3.682618,40.424284],[-3.682614,40.424435]]]},"properties":{"osmId":256373331,"osmType":"way","tags":{"building":"yes"}}},{"type":"Feature","id":"osm-way-256373332","geometry":{"type":"Polygon","coordinates":[[[-3.682959,40.423958],[-3.682946,40.42413],[-3.683201,40.424157],[-3.683213,40.423989],[-3.683198,40.423988],[-3.683198,40.42397],[-3.683172,40.423968],[-3.683095,40.423965],[-3.683053,40.423963],[-3.682959,40.423958]]]},"properties":{"osmId":256373332,"osmType":"way","tags":{"building":"apartments","addr:street":"Calle de Núñez de Balboa","addr:housenumber":"25"}}},{"type":"Feature","id":"osm-way-256373333","geometry":{"type":"Polygon","coordinates":[[[-3.683804,40.423826],[-3.683664,40.423819],[-3.683644,40.424077],[-3.68378,40.424083],[-3.683804,40.423826]]]},"properties":{"osmId":256373333,"osmType":"way","tags":{"building":"apartments"}}},{"type":"Feature","id":"osm-way-256373334","geometry":{"type":"Polygon","coordinates":[[[-3.681695,40.423924],[-3.681687,40.424026],[-3.681681,40.424104],[-3.681826,40.424111],[-3.681838,40.423931],[-3.681695,40.423924]]]},"properties":{"osmId":256373334,"osmType":"way","tags":{"building":"apartments"}}},{"type":"Feature","id":"osm-way-256373335","geometry":{"type":"Polygon","coordinates":[[[-3.683989,40.424691],[-3.683638,40.424676],[-3.683623,40.424836],[-3.683975,40.424852],[-3.683983,40.424787],[-3.683989,40.424691]]]},"properties":{"osmId":256373335,"osmType":"way","tags":{"building":"apartments"}}},{"type":"Feature","id":"osm-way-256373336","geometry":{"type":"Polygon","coordinates":[[[-3.681768,40.424246],[-3.681755,40.424379],[-3.682019,40.424391],[-3.68203,40.424258],[-3.681768,40.424246]]]},"properties":{"osmId":256373336,"osmType":"way","tags":{"building":"yes"}}},{"type":"Feature","id":"osm-way-256373337","geometry":{"type":"Polygon","coordinates":[[[-3.682524,40.423765],[-3.682254,40.423752],[-3.682235,40.423966],[-3.682504,40.423979],[-3.682524,40.423765]]]},"properties":{"osmId":256373337,"osmType":"way","tags":{"building":"apartments","addr:street":"Calle de Jorge Juan","addr:housenumber":"37","addr:postcode":"28001"}}},{"type":"Feature","id":"osm-way-256373338","geometry":{"type":"Polygon","coordinates":[[[-3.681645,40.424537],[-3.681996,40.424555],[-3.682019,40.424391],[-3.681659,40.424376],[-3.681657,40.424402],[-3.681645,40.424537]]]},"properties":{"osmId":256373338,"osmType":"way","tags":{"building":"apartments","building:levels":"7"}}},{"type":"Feature","id":"osm-way-256373340","geometry":{"type":"Polygon","coordinates":[[[-3.682254,40.423752],[-3.682121,40.423747],[-3.682116,40.423942],[-3.682235,40.423966],[-3.682254,40.423752]]]},"properties":{"osmId":256373340,"osmType":"way","tags":{"building":"apartments","addr:street":"Calle de Jorge Juan","addr:housenumber":"39","addr:postcode":"28001"}}},{"type":"Feature","id":"osm-way-256373341","geometry":{"type":"Polygon","coordinates":[[[-3.683386,40.42623],[-3.683401,40.426003],[-3.683225,40.425995],[-3.683209,40.426222],[-3.683386,40.42623]]]},"properties":{"osmId":256373341,"osmType":"way","tags":{"building":"apartments","addr:street":"Calle de Hermosilla"}}},{"type":"Feature","id":"osm-way-256373342","geometry":{"type":"Polygon","coordinates":[[[-3.682015,40.424961],[-3.682152,40.424965],[-3.682171,40.424742],[-3.682033,40.424739],[-3.682015,40.424961]]]},"properties":{"osmId":256373342,"osmType":"way","tags":{"building":"apartments","addr:street":"Calle de Goya","addr:housenumber":"28"}}},{"type":"Feature","id":"osm-way-256373343","geometry":{"type":"Polygon","coordinates":[[[-3.684007,40.424485],[-3.683654,40.424468],[-3.683638,40.424676],[-3.683989,40.424691],[-3.683997,40.42459],[-3.684007,40.424485]]]},"properties":{"osmId":256373343,"osmType":"way","tags":{"building":"apartments"}}},{"type":"Feature","id":"osm-way-256373344","geometry":{"type":"Polygon","coordinates":[[[-3.682769,40.424134],[-3.682781,40.423991],[-3.682504,40.423979],[-3.682486,40.424122],[-3.682769,40.424134]]]},"properties":{"osmId":256373344,"osmType":"way","tags":{"building":"apartments","addr:street":"Calle de Núñez de Balboa","addr:housenumber":"22"}}},{"type":"Feature","id":"osm-way-256373345","geometry":{"type":"Polygon","coordinates":[[[-3.682313,40.424435],[-3.682329,40.424273],[-3.682208,40.424265],[-3.682199,40.424427],[-3.682313,40.424435]]]},"properties":{"osmId":256373345,"osmType":"way","tags":{"building":"yes"}}},{"type":"Feature","id":"osm-way-256373346","geometry":{"type":"Polygon","coordinates":[[[-3.68203,40.424258],[-3.682208,40.424265],[-3.682221,40.424133],[-3.682104,40.424127],[-3.68204,40.424122],[-3.68203,40.424258]]]},"properties":{"osmId":256373346,"osmType":"way","tags":{"building":"yes"}}},{"type":"Feature","id":"osm-way-256373347","geometry":{"type":"Polygon","coordinates":[[[-3.68188,40.424957],[-3.682015,40.424961],[-3.682033,40.424739],[-3.682034,40.424716],[-3.681983,40.424713],[-3.681899,40.42471],[-3.68188,40.424957]]]},"properties":{"osmId":256373347,"osmType":"way","tags":{"building":"apartments","addr:street":"Calle de Goya","addr:housenumber":"30"}}},{"type":"Feature","id":"osm-way-256373348","geometry":{"type":"Polygon","coordinates":[[[-3.684021,40.424295],[-3.683484,40.424267],[-3.683467,40.424457],[-3.683654,40.424468],[-3.684007,40.424485],[-3.684014,40.424392],[-3.684021,40.424295]]]},"properties":{"osmId":256373348,"osmType":"way","tags":{"building":"apartments"}}},{"type":"Feature","id":"osm-way-256373349","geometry":{"type":"Polygon","coordinates":[[[-3.682781,40.423991],[-3.682795,40.423802],[-3.682763,40.423775],[-3.682524,40.423765],[-3.682504,40.423979],[-3.682781,40.423991]]]},"properties":{"osmId":256373349,"osmType":"way","tags":{"building":"apartments"}}},{"type":"Feature","id":"osm-way-256373350","geometry":{"type":"Polygon","coordinates":[[[-3.681645,40.424537],[-3.68164,40.424615],[-3.681634,40.424701],[-3.681899,40.42471],[-3.681983,40.424713],[-3.681996,40.424555],[-3.681645,40.424537]]]},"properties":{"osmId":256373350,"osmType":"way","tags":{"building":"apartments"}}},{"type":"Feature","id":"osm-way-256373351","geometry":{"type":"Polygon","coordinates":[[[-3.683903,40.425837],[-3.683921,40.425624],[-3.683749,40.425617],[-3.683748,40.425634],[-3.683698,40.425632],[-3.683699,40.425614],[-3.683612,40.42561],[-3.683582,40.425609],[-3.683583,40.425588],[-3.683509,40.425585],[-3.683507,40.425605],[-3.683487,40.425837],[-3.6835,40.425837],[-3.683499,40.425855],[-3.683903,40.425837]]]},"properties":{"osmId":256373351,"osmType":"way","tags":{"building":"apartments"}}},{"type":"Feature","id":"osm-way-256373352","geometry":{"type":"Polygon","coordinates":[[[-3.681681,40.424104],[-3.681675,40.424179],[-3.681671,40.42424],[-3.68203,40.424258],[-3.68204,40.424122],[-3.681826,40.424111],[-3.681681,40.424104]]]},"properties":{"osmId":256373352,"osmType":"way","tags":{"building":"apartments"}}},{"type":"Feature","id":"osm-way-256373353","geometry":{"type":"Polygon","coordinates":[[[-3.683017,40.42476],[-3.683105,40.424747],[-3.683109,40.424692],[-3.6829,40.424683],[-3.682892,40.424753],[-3.683017,40.42476]]]},"properties":{"osmId":256373353,"osmType":"way","tags":{"building":"apartments"}}},{"type":"Feature","id":"osm-way-256373354","geometry":{"type":"Polygon","coordinates":[[[-3.683442,40.425296],[-3.683367,40.425293],[-3.683344,40.425292],[-3.683343,40.425335],[-3.683328,40.42538],[-3.683321,40.425402],[-3.683341,40.425402],[-3.683339,40.425416],[-3.683374,40.425418],[-3.68337,40.425482],[-3.683312,40.425479],[-3.683289,40.425519],[-3.683286,40.425557],[-3.683392,40.425562],[-3.683395,40.425524],[-3.683423,40.425527],[-3.683442,40.425296]]]},"properties":{"osmId":256373354,"osmType":"way","tags":{"building":"apartments"}}},{"type":"Feature","id":"osm-way-256373356","geometry":{"type":"Polygon","coordinates":[[[-3.68281,40.425892],[-3.683048,40.425879],[-3.683049,40.42585],[-3.683087,40.42585],[-3.683093,40.425769],[-3.683138,40.425763],[-3.683145,40.425708],[-3.683093,40.425706],[-3.683092,40.425724],[-3.68293,40.425718],[-3.682931,40.425701],[-3.682827,40.425697],[-3.68281,40.425892]]]},"properties":{"osmId":256373356,"osmType":"way","tags":{"building":"apartments"}}},{"type":"Feature","id":"osm-way-256373357","geometry":{"type":"Polygon","coordinates":[[[-3.681802,40.425221],[-3.681668,40.425216],[-3.681622,40.425213],[-3.681593,40.425236],[-3.681582,40.42539],[-3.68179,40.425398],[-3.681792,40.425359],[-3.681669,40.425354],[-3.681671,40.425311],[-3.681692,40.425311],[-3.681691,40.425328],[-3.681743,40.42533],[-3.681745,40.425317],[-3.681795,40.425319],[-3.681802,40.425221]]]},"properties":{"osmId":256373357,"osmType":"way","tags":{"building":"apartments","building:levels":"5"}}},{"type":"Feature","id":"osm-way-256373358","geometry":{"type":"Polygon","coordinates":[[[-3.683654,40.424468],[-3.683467,40.424457],[-3.683449,40.424667],[-3.683638,40.424676],[-3.683654,40.424468]]]},"properties":{"osmId":256373358,"osmType":"way","tags":{"building":"yes"}}},{"type":"Feature","id":"osm-way-256373359","geometry":{"type":"Polygon","coordinates":[[[-3.683017,40.42476],[-3.683014,40.425003],[-3.683155,40.42501],[-3.683176,40.424748],[-3.683105,40.424747],[-3.683017,40.42476]]]},"properties":{"osmId":256373359,"osmType":"way","tags":{"building":"apartments","addr:street":"Calle de Goya","addr:housenumber":"24"}}},{"type":"Feature","id":"osm-way-256373360","geometry":{"type":"Polygon","coordinates":[[[-3.684042,40.424095],[-3.684052,40.423974],[-3.684064,40.423864],[-3.684036,40.423836],[-3.683804,40.423826],[-3.68378,40.424083],[-3.683959,40.424092],[-3.684042,40.424095]]]},"properties":{"osmId":256373360,"osmType":"way","tags":{"building":"apartments"}}},{"type":"Feature","id":"osm-way-256373361","geometry":{"type":"Polygon","coordinates":[[[-3.681582,40.42539],[-3.681572,40.425483],[-3.681782,40.425492],[-3.68179,40.425398],[-3.681582,40.42539]]]},"properties":{"osmId":256373361,"osmType":"way","tags":{"building":"apartments"}}},{"type":"Feature","id":"osm-way-256373362","geometry":{"type":"Polygon","coordinates":[[[-3.681766,40.426152],[-3.682016,40.426164],[-3.682031,40.425963],[-3.681988,40.425962],[-3.68199,40.42592],[-3.681891,40.425918],[-3.681782,40.425916],[-3.681766,40.426152]]]},"properties":{"osmId":256373362,"osmType":"way","tags":{"building":"apartments"}}},{"type":"Feature","id":"osm-way-256373363","geometry":{"type":"Polygon","coordinates":[[[-3.681539,40.42591],[-3.681782,40.425916],[-3.681891,40.425918],[-3.681903,40.425754],[-3.681552,40.425748],[-3.681539,40.42591]]]},"properties":{"osmId":256373363,"osmType":"way","tags":{"building":"apartments"}}},{"type":"Feature","id":"osm-way-256373364","geometry":{"type":"Polygon","coordinates":[[[-3.683891,40.425986],[-3.683903,40.425837],[-3.683499,40.425855],[-3.683491,40.425941],[-3.683587,40.425971],[-3.683891,40.425986]]]},"properties":{"osmId":256373364,"osmType":"way","tags":{"building":"apartments"}}},{"type":"Feature","id":"osm-way-256373365","geometry":{"type":"Polygon","coordinates":[[[-3.682012,40.425231],[-3.681802,40.425221],[-3.681795,40.425319],[-3.681792,40.425359],[-3.68179,40.425398],[-3.681782,40.425492],[-3.68178,40.425536],[-3.681989,40.425544],[-3.682012,40.425231]]]},"properties":{"osmId":256373365,"osmType":"way","tags":{"building":"apartments"}}},{"type":"Feature","id":"osm-way-256373366","geometry":{"type":"Polygon","coordinates":[[[-3.681539,40.42591],[-3.681522,40.426116],[-3.681553,40.426142],[-3.681766,40.426152],[-3.681782,40.425916],[-3.681539,40.42591]]]},"properties":{"osmId":256373366,"osmType":"way","tags":{"building":"apartments"}}},{"type":"Feature","id":"osm-way-256373367","geometry":{"type":"Polygon","coordinates":[[[-3.683209,40.426222],[-3.683225,40.425995],[-3.683061,40.425988],[-3.683036,40.426047],[-3.682968,40.42621],[-3.683209,40.426222]]]},"properties":{"osmId":256373367,"osmType":"way","tags":{"building":"apartments"}}},{"type":"Feature","id":"osm-way-256373370","geometry":{"type":"Polygon","coordinates":[[[-3.683975,40.424852],[-3.683623,40.424836],[-3.683604,40.425036],[-3.683925,40.425056],[-3.683963,40.42503],[-3.683975,40.424852]]]},"properties":{"osmId":256373370,"osmType":"way","tags":{"building":"apartments","addr:street":"Calle de Goya","addr:housenumber":"18"}}},{"type":"Feature","id":"osm-way-256373371","geometry":{"type":"Polygon","coordinates":[[[-3.682637,40.425883],[-3.682645,40.42576],[-3.682543,40.425757],[-3.682541,40.425795],[-3.682506,40.425794],[-3.682493,40.425786],[-3.682495,40.425755],[-3.68241,40.425752],[-3.682408,40.425785],[-3.682373,40.425783],[-3.682374,40.42577],[-3.682325,40.425769],[-3.682326,40.42575],[-3.682247,40.425747],[-3.682243,40.425856],[-3.682355,40.425859],[-3.682355,40.425871],[-3.682637,40.425883]]]},"properties":{"osmId":256373371,"osmType":"way","tags":{"building":"apartments"}}},{"type":"Feature","id":"osm-way-256373372","geometry":{"type":"Polygon","coordinates":[[[-3.682016,40.426164],[-3.682274,40.426176],[-3.682289,40.425963],[-3.682289,40.425946],[-3.682032,40.425941],[-3.682031,40.425963],[-3.682016,40.426164]]]},"properties":{"osmId":256373372,"osmType":"way","tags":{"building":"apartments"}}},{"type":"Feature","id":"osm-way-256373373","geometry":{"type":"Polygon","coordinates":[[[-3.68281,40.425892],[-3.682797,40.426031],[-3.683036,40.426047],[-3.683061,40.425988],[-3.68307,40.425916],[-3.683074,40.425878],[-3.683048,40.425879],[-3.68281,40.425892]]]},"properties":{"osmId":256373373,"osmType":"way","tags":{"building":"apartments"}}},{"type":"Feature","id":"osm-way-256373374","geometry":{"type":"Polygon","coordinates":[[[-3.683521,40.423813],[-3.683317,40.423804],[-3.683303,40.423994],[-3.683296,40.424085],[-3.683498,40.424096],[-3.683499,40.42407],[-3.683505,40.424004],[-3.683476,40.424003],[-3.683481,40.423946],[-3.68351,40.423948],[-3.683521,40.423813]]]},"properties":{"osmId":256373374,"osmType":"way","tags":{"building":"apartments"}}},{"type":"Feature","id":"osm-way-256373377","geometry":{"type":"Polygon","coordinates":[[[-3.682116,40.423942],[-3.682008,40.423936],[-3.681838,40.423931],[-3.681826,40.424111],[-3.68204,40.424122],[-3.682104,40.424127],[-3.682116,40.423942]]]},"properties":{"osmId":256373377,"osmType":"way","tags":{"building":"yes"}}},{"type":"Feature","id":"osm-way-256373378","geometry":{"type":"Polygon","coordinates":[[[-3.683604,40.425036],[-3.683623,40.424836],[-3.683638,40.424676],[-3.683401,40.424707],[-3.683392,40.424799],[-3.68337,40.425023],[-3.683604,40.425036]]]},"properties":{"osmId":256373378,"osmType":"way","tags":{"building":"apartments","addr:street":"Calle de Goya","addr:housenumber":"20"}}},{"type":"Feature","id":"osm-way-256373380","geometry":{"type":"Polygon","coordinates":[[[-3.6832,40.42395],[-3.683198,40.42397],[-3.683198,40.423988],[-3.683213,40.423989],[-3.683303,40.423994],[-3.683317,40.423804],[-3.683215,40.423799],[-3.6832,40.42395]]]},"properties":{"osmId":256373380,"osmType":"way","tags":{"building":"apartments"}}},{"type":"Feature","id":"osm-way-256373381","geometry":{"type":"Polygon","coordinates":[[[-3.682619,40.42606],[-3.68263,40.425919],[-3.682561,40.42592],[-3.682558,40.425939],[-3.682487,40.425938],[-3.682487,40.42592],[-3.682457,40.42592],[-3.682456,40.425969],[-3.682449,40.426049],[-3.682478,40.426051],[-3.68248,40.426034],[-3.682551,40.426035],[-3.682549,40.426055],[-3.682619,40.42606]]]},"properties":{"osmId":256373381,"osmType":"way","tags":{"building":"apartments"}}},{"type":"Feature","id":"osm-way-256373382","geometry":{"type":"Polygon","coordinates":[[[-3.682659,40.425584],[-3.682554,40.42558],[-3.682551,40.425621],[-3.682503,40.425619],[-3.682506,40.425578],[-3.682439,40.425575],[-3.682423,40.425575],[-3.682422,40.425616],[-3.682396,40.425614],[-3.682398,40.425596],[-3.682365,40.425594],[-3.682363,40.425612],[-3.682337,40.425611],[-3.682339,40.425575],[-3.682256,40.425575],[-3.682247,40.425747],[-3.682326,40.42575],[-3.682328,40.425712],[-3.682354,40.425713],[-3.682353,40.425731],[-3.682387,40.425732],[-3.682388,40.425714],[-3.682412,40.425715],[-3.68241,40.425752],[-3.682495,40.425755],[-3.682497,40.42572],[-3.682545,40.425721],[-3.682543,40.425757],[-3.682645,40.42576],[-3.682659,40.425584]]]},"properties":{"osmId":256373382,"osmType":"way","tags":{"building":"apartments"}}},{"type":"Feature","id":"osm-way-256373383","geometry":{"type":"Polygon","coordinates":[[[-3.683891,40.425986],[-3.683587,40.425971],[-3.68358,40.426011],[-3.683576,40.426099],[-3.683616,40.426114],[-3.683876,40.426128],[-3.683891,40.425986]]]},"properties":{"osmId":256373383,"osmType":"way","tags":{"building":"apartments"}}},{"type":"Feature","id":"osm-way-256373384","geometry":{"type":"Polygon","coordinates":[[[-3.682937,40.424252],[-3.683231,40.424264],[-3.683286,40.424267],[-3.683295,40.424162],[-3.683201,40.424157],[-3.682946,40.42413],[-3.682937,40.424252]]]},"properties":{"osmId":256373384,"osmType":"way","tags":{"building":"apartments","addr:street":"Calle de Núñez de Balboa","addr:housenumber":"27"}}},{"type":"Feature","id":"osm-way-256373385","geometry":{"type":"Polygon","coordinates":[[[-3.682008,40.423936],[-3.682024,40.423743],[-3.68175,40.423728],[-3.68171,40.423749],[-3.681695,40.423924],[-3.681838,40.423931],[-3.682008,40.423936]]]},"properties":{"osmId":256373385,"osmType":"way","tags":{"building":"apartments","addr:street":"Calle de Jorge Juan","addr:housenumber":"41","addr:postcode":"28001"}}},{"type":"Feature","id":"osm-way-256373386","geometry":{"type":"Polygon","coordinates":[[[-3.681566,40.42558],[-3.681552,40.425748],[-3.681903,40.425754],[-3.681947,40.425754],[-3.681953,40.425596],[-3.68189,40.425596],[-3.681887,40.425618],[-3.68179,40.42561],[-3.681793,40.425589],[-3.681777,40.425587],[-3.681566,40.42558]]]},"properties":{"osmId":256373386,"osmType":"way","tags":{"building":"apartments"}}},{"type":"Feature","id":"osm-way-256373387","geometry":{"type":"Polygon","coordinates":[[[-3.68361,40.425304],[-3.683592,40.425533],[-3.683584,40.425575],[-3.683613,40.425578],[-3.683612,40.42561],[-3.683699,40.425614],[-3.683749,40.425617],[-3.683921,40.425624],[-3.683923,40.42559],[-3.683944,40.42536],[-3.683891,40.425315],[-3.68361,40.425304]]]},"properties":{"osmId":256373387,"osmType":"way","tags":{"building":"apartments"}}},{"type":"Feature","id":"osm-way-256373388","geometry":{"type":"Polygon","coordinates":[[[-3.682152,40.424965],[-3.682284,40.424972],[-3.682293,40.424893],[-3.682313,40.424435],[-3.682199,40.424427],[-3.682171,40.424742],[-3.682152,40.424965]]]},"properties":{"osmId":256373388,"osmType":"way","tags":{"building":"apartments","addr:street":"Calle de Goya","addr:housenumber":"26"}}},{"type":"Feature","id":"osm-way-256373389","geometry":{"type":"Polygon","coordinates":[[[-3.682757,40.42429],[-3.682769,40.424134],[-3.682486,40.424122],[-3.682456,40.424123],[-3.682443,40.424277],[-3.682618,40.424284],[-3.682757,40.42429]]]},"properties":{"osmId":256373389,"osmType":"way","tags":{"building":"apartments","addr:street":"Calle de Núñez de Balboa","addr:housenumber":"24"}}},{"type":"Feature","id":"osm-way-256373391","geometry":{"type":"Polygon","coordinates":[[[-3.682913,40.424511],[-3.6829,40.424683],[-3.683109,40.424692],[-3.68318,40.424697],[-3.683251,40.4247],[-3.683267,40.424527],[-3.68321,40.424525],[-3.682913,40.424511]]]},"properties":{"osmId":256373391,"osmType":"way","tags":{"building":"apartments","addr:street":"Calle de Núñez de Balboa","addr:housenumber":"31"}}},{"type":"Feature","id":"osm-way-256373393","geometry":{"type":"Polygon","coordinates":[[[-3.682463,40.425252],[-3.682241,40.425241],[-3.682226,40.42555],[-3.682226,40.425574],[-3.682256,40.425575],[-3.682339,40.425575],[-3.682423,40.425575],[-3.682424,40.425553],[-3.682441,40.425552],[-3.682448,40.42546],[-3.682452,40.425402],[-3.682463,40.425252]]]},"properties":{"osmId":256373393,"osmType":"way","tags":{"building":"apartments"}}},{"type":"Feature","id":"osm-way-256373394","geometry":{"type":"Polygon","coordinates":[[[-3.683643,40.424096],[-3.68364,40.424134],[-3.683495,40.424128],[-3.683491,40.424186],[-3.683584,40.42419],[-3.683583,40.424211],[-3.683489,40.424206],[-3.683484,40.424267],[-3.684021,40.424295],[-3.684032,40.424203],[-3.684042,40.424095],[-3.683959,40.424092],[-3.683956,40.424113],[-3.683643,40.424096]]]},"properties":{"osmId":256373394,"osmType":"way","tags":{"building":"apartments"}}},{"type":"Feature","id":"osm-way-256373396","geometry":{"type":"Polygon","coordinates":[[[-3.682235,40.423966],[-3.682221,40.424133],[-3.682208,40.424265],[-3.682329,40.424273],[-3.682443,40.424277],[-3.682456,40.424123],[-3.682486,40.424122],[-3.682504,40.423979],[-3.682235,40.423966]]]},"properties":{"osmId":256373396,"osmType":"way","tags":{"building":"yes"}}},{"type":"Feature","id":"osm-way-256373397","geometry":{"type":"Polygon","coordinates":[[[-3.682033,40.424739],[-3.682171,40.424742],[-3.682199,40.424427],[-3.682208,40.424265],[-3.68203,40.424258],[-3.682019,40.424391],[-3.681996,40.424555],[-3.681983,40.424713],[-3.682034,40.424716],[-3.682033,40.424739]]]},"properties":{"osmId":256373397,"osmType":"way","tags":{"building":"yes"}}},{"type":"Feature","id":"osm-way-256373398","geometry":{"type":"Polygon","coordinates":[[[-3.683155,40.42501],[-3.68337,40.425023],[-3.683392,40.424799],[-3.683337,40.424797],[-3.683346,40.424704],[-3.683251,40.4247],[-3.68318,40.424697],[-3.683176,40.424748],[-3.683155,40.42501]]]},"properties":{"osmId":256373398,"osmType":"way","tags":{"building":"apartments","addr:street":"Calle de Goya","addr:housenumber":"22"}}},{"type":"Feature","id":"osm-way-256506955","geometry":{"type":"Polygon","coordinates":[[[-3.679432,40.424835],[-3.679908,40.424856],[-3.679969,40.42486],[-3.680007,40.424834],[-3.680014,40.424741],[-3.679924,40.424737],[-3.679852,40.424734],[-3.679812,40.424732],[-3.679754,40.42473],[-3.679688,40.424726],[-3.679567,40.424721],[-3.679564,40.424721],[-3.679537,40.424745],[-3.679474,40.424797],[-3.679432,40.424835]]]},"properties":{"osmId":256506955,"osmType":"way","tags":{"building":"apartments","building:levels":"5"}}},{"type":"Feature","id":"osm-way-256506956","geometry":{"type":"Polygon","coordinates":[[[-3.680932,40.424537],[-3.680923,40.424602],[-3.680918,40.42466],[-3.680916,40.424679],[-3.680915,40.424692],[-3.680973,40.424693],[-3.680968,40.424755],[-3.68103,40.424757],[-3.681027,40.424815],[-3.681202,40.424826],[-3.681214,40.424699],[-3.681224,40.424549],[-3.680932,40.424537]]]},"properties":{"osmId":256506956,"osmType":"way","tags":{"building":"yes"}}},{"type":"Feature","id":"osm-way-256506957","geometry":{"type":"Polygon","coordinates":[[[-3.678706,40.425403],[-3.678999,40.425414],[-3.679007,40.425307],[-3.679208,40.425314],[-3.679213,40.425254],[-3.679166,40.425252],[-3.679171,40.425166],[-3.679218,40.425167],[-3.679223,40.425099],[-3.678782,40.42508],[-3.678727,40.425109],[-3.678706,40.425403]]]},"properties":{"osmId":256506957,"osmType":"way","tags":{"building":"yes"}}},{"type":"Feature","id":"osm-way-256506958","geometry":{"type":"Polygon","coordinates":[[[-3.676363,40.42529],[-3.676354,40.425389],[-3.676337,40.425571],[-3.676371,40.425578],[-3.676581,40.425615],[-3.676703,40.425619],[-3.6767,40.425687],[-3.676797,40.425693],[-3.676813,40.425313],[-3.676747,40.425309],[-3.676363,40.42529]]]},"properties":{"osmId":256506958,"osmType":"way","tags":{"building":"yes"}}},{"type":"Feature","id":"osm-way-256506959","geometry":{"type":"Polygon","coordinates":[[[-3.681369,40.42582],[-3.681381,40.425645],[-3.681055,40.425628],[-3.68104,40.425803],[-3.681067,40.425804],[-3.681369,40.42582]]]},"properties":{"osmId":256506959,"osmType":"way","tags":{"building":"yes"}}},{"type":"Feature","id":"osm-way-256506960","geometry":{"type":"Polygon","coordinates":[[[-3.679944,40.425653],[-3.679946,40.425613],[-3.679951,40.425536],[-3.679668,40.425525],[-3.67966,40.425641],[-3.679944,40.425653]]]},"properties":{"osmId":256506960,"osmType":"way","tags":{"building":"apartments","addr:street":"Calle del Príncipe de Vergara","addr:housenumber":"24"}}},{"type":"Feature","id":"osm-way-256506961","geometry":{"type":"Polygon","coordinates":[[[-3.675873,40.425191],[-3.675863,40.425281],[-3.675855,40.425363],[-3.676354,40.425389],[-3.676363,40.42529],[-3.676364,40.425274],[-3.676288,40.42527],[-3.67629,40.425247],[-3.676366,40.425251],[-3.676366,40.425243],[-3.676367,40.425227],[-3.676368,40.425216],[-3.676339,40.425214],[-3.676292,40.425212],[-3.676261,40.42521],[-3.676229,40.425209],[-3.675873,40.425191]]]},"properties":{"osmId":256506961,"osmType":"way","tags":{"building":"yes"}}},{"type":"Feature","id":"osm-way-256506962","geometry":{"type":"Polygon","coordinates":[[[-3.679386,40.42414],[-3.679359,40.424182],[-3.679207,40.424127],[-3.679233,40.424083],[-3.679386,40.42414]]]},"properties":{"osmId":256506962,"osmType":"way","tags":{"building":"yes"}}},{"type":"Feature","id":"osm-way-256506964","geometry":{"type":"Polygon","coordinates":[[[-3.680809,40.426107],[-3.681009,40.426117],[-3.681022,40.425959],[-3.680822,40.425951],[-3.680809,40.426107]]]},"properties":{"osmId":256506964,"osmType":"way","tags":{"building":"yes"}}},{"type":"Feature","id":"osm-way-256506965","geometry":{"type":"Polygon","coordinates":[[[-3.675838,40.425548],[-3.675833,40.425612],[-3.675818,40.425842],[-3.675845,40.425867],[-3.675996,40.425874],[-3.67613,40.42588],[-3.676159,40.42556],[-3.675838,40.425548]]]},"properties":{"osmId":256506965,"osmType":"way","tags":{"building":"yes"}}},{"type":"Feature","id":"osm-way-256506966","geometry":{"type":"Polygon","coordinates":[[[-3.679312,40.426035],[-3.679323,40.42585],[-3.679116,40.425844],[-3.679104,40.426026],[-3.679195,40.42603],[-3.679312,40.426035]]]},"properties":{"osmId":256506966,"osmType":"way","tags":{"building":"yes","addr:street":"Calle de Hermosilla","addr:housenumber":"66"}}},{"type":"Feature","id":"osm-way-256506969","geometry":{"type":"Polygon","coordinates":[[[-3.679953,40.423912],[-3.679956,40.423878],[-3.679927,40.423877],[-3.679923,40.42391],[-3.679868,40.423907],[-3.679846,40.423905],[-3.679857,40.423764],[-3.679899,40.423766],[-3.679901,40.423745],[-3.679858,40.423742],[-3.679867,40.423633],[-3.680105,40.423645],[-3.680093,40.423781],[-3.68008,40.423919],[-3.679953,40.423912]]]},"properties":{"osmId":256506969,"osmType":"way","tags":{"building":"apartments"}}},{"type":"Feature","id":"osm-way-256506970","geometry":{"type":"Polygon","coordinates":[[[-3.681214,40.424699],[-3.681455,40.42471],[-3.681464,40.424598],[-3.68127,40.424589],[-3.681272,40.424552],[-3.681224,40.424549],[-3.681214,40.424699]]]},"properties":{"osmId":256506970,"osmType":"way","tags":{"building":"apartments"}}},{"type":"Feature","id":"osm-way-256506971","geometry":{"type":"Polygon","coordinates":[[[-3.680065,40.424108],[-3.680072,40.424025],[-3.68008,40.423919],[-3.679953,40.423912],[-3.679923,40.42391],[-3.679868,40.423907],[-3.67985,40.424096],[-3.679889,40.424098],[-3.679892,40.424072],[-3.679923,40.424074],[-3.67992,40.4241],[-3.680065,40.424108]]]},"properties":{"osmId":256506971,"osmType":"way","tags":{"building":"apartments"}}},{"type":"Feature","id":"osm-way-256506973","geometry":{"type":"Polygon","coordinates":[[[-3.678535,40.425375],[-3.678545,40.425253],[-3.678197,40.425236],[-3.678135,40.425233],[-3.678119,40.425266],[-3.678149,40.425267],[-3.678143,40.425328],[-3.678089,40.425325],[-3.678075,40.425352],[-3.678535,40.425375]]]},"properties":{"osmId":256506973,"osmType":"way","tags":{"building":"yes"}}},{"type":"Feature","id":"osm-way-256506974","geometry":{"type":"Polygon","coordinates":[[[-3.679607,40.424434],[-3.679698,40.424467],[-3.679816,40.424509],[-3.679888,40.424403],[-3.679676,40.424329],[-3.679607,40.424434]]]},"properties":{"osmId":256506974,"osmType":"way","tags":{"building":"apartments"}}},{"type":"Feature","id":"osm-way-256506975","geometry":{"type":"Polygon","coordinates":[[[-3.681009,40.426117],[-3.681156,40.426125],[-3.681168,40.425957],[-3.681023,40.425951],[-3.681022,40.425959],[-3.681009,40.426117]]]},"properties":{"osmId":256506975,"osmType":"way","tags":{"building":"yes"}}},{"type":"Feature","id":"osm-way-256506976","geometry":{"type":"Polygon","coordinates":[[[-3.681395,40.425465],[-3.681403,40.42535],[-3.681145,40.425338],[-3.681136,40.425452],[-3.681395,40.425465]]]},"properties":{"osmId":256506976,"osmType":"way","tags":{"building":"yes"}}},{"type":"Feature","id":"osm-way-256506977","geometry":{"type":"Polygon","coordinates":[[[-3.679204,40.424276],[-3.679332,40.424328],[-3.67942,40.424364],[-3.679486,40.424263],[-3.679277,40.424174],[-3.679245,40.424219],[-3.679229,40.424241],[-3.679204,40.424276]]]},"properties":{"osmId":256506977,"osmType":"way","tags":{"building":"apartments"}}},{"type":"Feature","id":"osm-way-256506979","geometry":{"type":"Polygon","coordinates":[[[-3.677528,40.425719],[-3.677508,40.425949],[-3.677374,40.425942],[-3.677232,40.425935],[-3.677252,40.425705],[-3.677528,40.425719]]]},"properties":{"osmId":256506979,"osmType":"way","tags":{"building":"yes"}}},{"type":"Feature","id":"osm-way-256506980","geometry":{"type":"Polygon","coordinates":[[[-3.681122,40.424393],[-3.681207,40.424397],[-3.681208,40.42438],[-3.681393,40.424388],[-3.681392,40.424405],[-3.681479,40.424408],[-3.681485,40.424329],[-3.681491,40.424249],[-3.681408,40.424244],[-3.681407,40.424266],[-3.681219,40.424256],[-3.681221,40.424235],[-3.681137,40.424231],[-3.681122,40.424393]]]},"properties":{"osmId":256506980,"osmType":"way","tags":{"building":"apartments"}}},{"type":"Feature","id":"osm-way-256506981","geometry":{"type":"Polygon","coordinates":[[[-3.679639,40.424545],[-3.679509,40.424501],[-3.6794,40.424464],[-3.679316,40.424595],[-3.679587,40.424673],[-3.679608,40.42464],[-3.679585,40.424632],[-3.679639,40.424545]]]},"properties":{"osmId":256506981,"osmType":"way","tags":{"building":"apartments"}}},{"type":"Feature","id":"osm-way-256506982","geometry":{"type":"Polygon","coordinates":[[[-3.679531,40.425855],[-3.679323,40.42585],[-3.679312,40.426035],[-3.679407,40.426039],[-3.679517,40.426043],[-3.679521,40.425997],[-3.679531,40.425855]]]},"properties":{"osmId":256506982,"osmType":"way","tags":{"building":"apartments","addr:street":"Calle de Hermosilla","addr:housenumber":"64"}}},{"type":"Feature","id":"osm-way-256506983","geometry":{"type":"Polygon","coordinates":[[[-3.679537,40.423853],[-3.67954,40.423812],[-3.679543,40.423769],[-3.679553,40.423618],[-3.679664,40.423623],[-3.679645,40.423894],[-3.679713,40.423898],[-3.679773,40.423901],[-3.679846,40.423905],[-3.679831,40.424095],[-3.67963,40.424086],[-3.67963,40.424061],[-3.679523,40.424043],[-3.679526,40.424004],[-3.67955,40.424006],[-3.679557,40.423906],[-3.679533,40.423904],[-3.679534,40.423885],[-3.679537,40.423853]]]},"properties":{"osmId":256506983,"osmType":"way","tags":{"building":"yes"}}},{"type":"Feature","id":"osm-way-256506984","geometry":{"type":"Polygon","coordinates":[[[-3.677508,40.425949],[-3.677558,40.425952],[-3.677634,40.425956],[-3.677712,40.425773],[-3.677718,40.425729],[-3.677692,40.425728],[-3.677534,40.425719],[-3.677528,40.425719],[-3.677508,40.425949]]]},"properties":{"osmId":256506984,"osmType":"way","tags":{"building":"yes"}}},{"type":"Feature","id":"osm-way-256506986","geometry":{"type":"Polygon","coordinates":[[[-3.676346,40.42589],[-3.676464,40.425896],[-3.676559,40.4259],[-3.676562,40.425868],[-3.676545,40.425869],[-3.676564,40.425649],[-3.676578,40.42565],[-3.676581,40.425615],[-3.676371,40.425578],[-3.676346,40.42589]]]},"properties":{"osmId":256506986,"osmType":"way","tags":{"building":"yes"}}},{"type":"Feature","id":"osm-way-256506987","geometry":{"type":"Polygon","coordinates":[[[-3.680371,40.42473],[-3.680379,40.424655],[-3.680388,40.424559],[-3.680677,40.424574],[-3.680673,40.424622],[-3.680647,40.424621],[-3.680642,40.424698],[-3.680668,40.4247],[-3.680665,40.424745],[-3.680516,40.424737],[-3.680371,40.42473]]]},"properties":{"osmId":256506987,"osmType":"way","tags":{"building":"apartments"}}},{"type":"Feature","id":"osm-way-256506988","geometry":{"type":"Polygon","coordinates":[[[-3.67942,40.424364],[-3.679526,40.424404],[-3.679607,40.424434],[-3.679676,40.424329],[-3.679486,40.424263],[-3.67942,40.424364]]]},"properties":{"osmId":256506988,"osmType":"way","tags":{"building":"apartments"}}},{"type":"Feature","id":"osm-way-256506989","geometry":{"type":"Polygon","coordinates":[[[-3.678458,40.423945],[-3.678446,40.423922],[-3.678417,40.423863],[-3.678349,40.423776],[-3.678203,40.423843],[-3.678302,40.423997],[-3.678391,40.423967],[-3.678458,40.423945]]]},"properties":{"osmId":256506989,"osmType":"way","tags":{"building":"yes","addr:street":"Calle de Alcalá","addr:housenumber":"135","addr:postcode":"28009"}}},{"type":"Feature","id":"osm-way-256506990","geometry":{"type":"Polygon","coordinates":[[[-3.681138,40.423958],[-3.68116,40.423699],[-3.681001,40.423692],[-3.680995,40.423765],[-3.681018,40.423767],[-3.681009,40.423873],[-3.680986,40.423872],[-3.68098,40.42395],[-3.681138,40.423958]]]},"properties":{"osmId":256506990,"osmType":"way","tags":{"building":"apartments","addr:street":"Calle de Jorge Juan","addr:housenumber":"45","addr:postcode":"28001"}}},{"type":"Feature","id":"osm-way-256506991","geometry":{"type":"Polygon","coordinates":[[[-3.680275,40.425919],[-3.680273,40.425947],[-3.680262,40.426057],[-3.680269,40.426071],[-3.680286,40.426081],[-3.680611,40.426097],[-3.680622,40.425935],[-3.68056,40.425933],[-3.680534,40.425931],[-3.680275,40.425919]]]},"properties":{"osmId":256506991,"osmType":"way","tags":{"building":"apartments"}}},{"type":"Feature","id":"osm-way-256506992","geometry":{"type":"Polygon","coordinates":[[[-3.681358,40.425965],[-3.681168,40.425957],[-3.681156,40.426125],[-3.68131,40.426133],[-3.681347,40.42611],[-3.681358,40.425965]]]},"properties":{"osmId":256506992,"osmType":"way","tags":{"building":"yes"}}},{"type":"Feature","id":"osm-way-256506994","geometry":{"type":"Polygon","coordinates":[[[-3.677889,40.42503],[-3.677863,40.425348],[-3.678075,40.425352],[-3.678089,40.425325],[-3.67809,40.425323],[-3.678095,40.425265],[-3.678119,40.425266],[-3.678135,40.425233],[-3.678147,40.42521],[-3.678173,40.425162],[-3.678174,40.425158],[-3.678165,40.425158],[-3.678168,40.425116],[-3.678195,40.425118],[-3.678208,40.425092],[-3.678231,40.425048],[-3.677889,40.42503]]]},"properties":{"osmId":256506994,"osmType":"way","tags":{"building":"yes","building:levels":"9","addr:street":"Calle de Goya","addr:housenumber":"79","addr:postcode":"28001"}}},{"type":"Feature","id":"osm-way-256506995","geometry":{"type":"Polygon","coordinates":[[[-3.677634,40.425956],[-3.677753,40.425962],[-3.677806,40.425964],[-3.67781,40.425908],[-3.677811,40.425898],[-3.677793,40.425897],[-3.677795,40.42585],[-3.677819,40.425852],[-3.677849,40.425794],[-3.677873,40.425748],[-3.677718,40.425729],[-3.677712,40.425773],[-3.677634,40.425956]]]},"properties":{"osmId":256506995,"osmType":"way","tags":{"building":"yes"}}},{"type":"Feature","id":"osm-way-256506996","geometry":{"type":"Polygon","coordinates":[[[-3.680761,40.424503],[-3.680769,40.424418],[-3.680744,40.424418],[-3.68075,40.424344],[-3.680666,40.424339],[-3.680618,40.424337],[-3.680615,40.424361],[-3.680565,40.424359],[-3.680567,40.424334],[-3.680561,40.424334],[-3.680409,40.424326],[-3.680399,40.424446],[-3.680388,40.424559],[-3.680677,40.424574],[-3.680728,40.424576],[-3.680735,40.424503],[-3.680761,40.424503]]]},"properties":{"osmId":256506996,"osmType":"way","tags":{"building":"apartments"}}},{"type":"Feature","id":"osm-way-256506997","geometry":{"type":"Polygon","coordinates":[[[-3.678513,40.425617],[-3.678236,40.425604],[-3.67823,40.425674],[-3.678182,40.425671],[-3.678188,40.425601],[-3.677979,40.425591],[-3.677964,40.425752],[-3.678039,40.425756],[-3.678069,40.425758],[-3.678149,40.425762],[-3.678175,40.425763],[-3.678179,40.425707],[-3.678227,40.42571],[-3.678222,40.425765],[-3.6785,40.42578],[-3.678513,40.425617]]]},"properties":{"osmId":256506997,"osmType":"way","tags":{"building":"yes"}}},{"type":"Feature","id":"osm-way-256506998","geometry":{"type":"Polygon","coordinates":[[[-3.6794,40.424464],[-3.679291,40.424424],[-3.67917,40.42438],[-3.679088,40.424507],[-3.679281,40.424582],[-3.679316,40.424595],[-3.6794,40.424464]]]},"properties":{"osmId":256506998,"osmType":"way","tags":{"building":"apartments"}}},{"type":"Feature","id":"osm-way-256507000","geometry":{"type":"Polygon","coordinates":[[[-3.680776,40.424345],[-3.680823,40.424347],[-3.680837,40.424184],[-3.68072,40.424179],[-3.68068,40.424177],[-3.680677,40.424213],[-3.680571,40.424209],[-3.680573,40.424173],[-3.680569,40.424173],[-3.680544,40.424172],[-3.680421,40.424167],[-3.680415,40.424246],[-3.680413,40.424279],[-3.680409,40.424326],[-3.680561,40.424334],[-3.680565,40.424297],[-3.680671,40.424301],[-3.680666,40.424339],[-3.68075,40.424344],[-3.680776,40.424345]]]},"properties":{"osmId":256507000,"osmType":"way","tags":{"building":"apartments"}}},{"type":"Feature","id":"osm-way-256507002","geometry":{"type":"Polygon","coordinates":[[[-3.681491,40.424249],[-3.681497,40.424175],[-3.681504,40.424105],[-3.681147,40.424087],[-3.681137,40.424231],[-3.681221,40.424235],[-3.681222,40.424217],[-3.68141,40.424226],[-3.681408,40.424244],[-3.681491,40.424249]]]},"properties":{"osmId":256507002,"osmType":"way","tags":{"building":"apartments"}}},{"type":"Feature","id":"osm-way-256507003","geometry":{"type":"Polygon","coordinates":[[[-3.679816,40.424509],[-3.680016,40.424586],[-3.680067,40.424568],[-3.680068,40.424517],[-3.68007,40.424472],[-3.679888,40.424403],[-3.679816,40.424509]]]},"properties":{"osmId":256507003,"osmType":"way","tags":{"building":"apartments"}}},{"type":"Feature","id":"osm-way-256507004","geometry":{"type":"Polygon","coordinates":[[[-3.6785,40.42578],[-3.678222,40.425765],[-3.678175,40.425763],[-3.678149,40.425762],[-3.678146,40.425793],[-3.678253,40.425798],[-3.67825,40.42583],[-3.678143,40.425825],[-3.678138,40.425879],[-3.678138,40.425887],[-3.678265,40.425893],[-3.678263,40.42592],[-3.678135,40.425914],[-3.678134,40.425926],[-3.678129,40.42598],[-3.678443,40.425996],[-3.678483,40.425975],[-3.6785,40.42578]]]},"properties":{"osmId":256507004,"osmType":"way","tags":{"building":"yes"}}},{"type":"Feature","id":"osm-way-256507005","geometry":{"type":"Polygon","coordinates":[[[-3.675855,40.425363],[-3.675846,40.425456],[-3.675838,40.425548],[-3.676159,40.42556],[-3.676337,40.425571],[-3.676354,40.425389],[-3.675855,40.425363]]]},"properties":{"osmId":256507005,"osmType":"way","tags":{"building":"yes"}}},{"type":"Feature","id":"osm-way-256507006","geometry":{"type":"Polygon","coordinates":[[[-3.678936,40.423814],[-3.678835,40.423808],[-3.678824,40.423959],[-3.678901,40.423963],[-3.679026,40.423968],[-3.679106,40.423971],[-3.679165,40.423974],[-3.679202,40.423976],[-3.679217,40.423831],[-3.679011,40.423819],[-3.679009,40.423837],[-3.678933,40.423832],[-3.678936,40.423814]]]},"properties":{"osmId":256507006,"osmType":"way","tags":{"building":"apartments"}}},{"type":"Feature","id":"osm-way-256507008","geometry":{"type":"Polygon","coordinates":[[[-3.678706,40.425403],[-3.678696,40.425605],[-3.67888,40.425611],[-3.678987,40.425615],[-3.678999,40.425414],[-3.678706,40.425403]]]},"properties":{"osmId":256507008,"osmType":"way","tags":{"building":"yes"}}},{"type":"Feature","id":"osm-way-256507009","geometry":{"type":"Polygon","coordinates":[[[-3.678349,40.423776],[-3.678417,40.423863],[-3.678446,40.423922],[-3.678474,40.423923],[-3.678472,40.423945],[-3.678649,40.423954],[-3.678668,40.4237],[-3.678586,40.423666],[-3.678349,40.423776]]]},"properties":{"osmId":256507009,"osmType":"way","tags":{"building":"yes","addr:street":"Calle de Alcalá","addr:housenumber":"133","addr:postcode":"28009"}}},{"type":"Feature","id":"osm-way-256507010","geometry":{"type":"Polygon","coordinates":[[[-3.678197,40.425236],[-3.678545,40.425253],[-3.678557,40.425087],[-3.678524,40.425063],[-3.678231,40.425048],[-3.678208,40.425092],[-3.678202,40.425163],[-3.678173,40.425162],[-3.678147,40.42521],[-3.678199,40.425213],[-3.678197,40.425236]]]},"properties":{"osmId":256507010,"osmType":"way","tags":{"building":"apartments"}}},{"type":"Feature","id":"osm-way-256507011","geometry":{"type":"Polygon","coordinates":[[[-3.679631,40.424106],[-3.679823,40.424177],[-3.679818,40.424231],[-3.679808,40.424296],[-3.679753,40.424276],[-3.679565,40.424206],[-3.679631,40.424106]]]},"properties":{"osmId":256507011,"osmType":"way","tags":{"building":"apartments"}}},{"type":"Feature","id":"osm-way-256507012","geometry":{"type":"Polygon","coordinates":[[[-3.679962,40.425371],[-3.679679,40.42536],[-3.679677,40.425393],[-3.679668,40.425525],[-3.679951,40.425536],[-3.679955,40.425469],[-3.679962,40.425371]]]},"properties":{"osmId":256507012,"osmType":"way","tags":{"building":"apartments","addr:street":"Calle del Príncipe de Vergara","addr:housenumber":"22"}}},{"type":"Feature","id":"osm-way-256507013","geometry":{"type":"Polygon","coordinates":[[[-3.679063,40.424817],[-3.679154,40.424821],[-3.679261,40.424827],[-3.67928,40.424597],[-3.679068,40.424586],[-3.679064,40.424632],[-3.679063,40.424817]]]},"properties":{"osmId":256507013,"osmType":"way","tags":{"building":"apartments"}}},{"type":"Feature","id":"osm-way-256507014","geometry":{"type":"Polygon","coordinates":[[[-3.676337,40.425571],[-3.676371,40.425578],[-3.676346,40.42589],[-3.676243,40.425885],[-3.67613,40.42588],[-3.676159,40.42556],[-3.676337,40.425571]]]},"properties":{"osmId":256507014,"osmType":"way","tags":{"building":"yes"}}},{"type":"Feature","id":"osm-way-256507015","geometry":{"type":"Polygon","coordinates":[[[-3.679645,40.423894],[-3.679664,40.423623],[-3.67977,40.423628],[-3.679867,40.423633],[-3.679858,40.423742],[-3.679857,40.423764],[-3.679846,40.423905],[-3.679773,40.423901],[-3.679776,40.423871],[-3.679714,40.423868],[-3.679713,40.423898],[-3.679645,40.423894]]]},"properties":{"osmId":256507015,"osmType":"way","tags":{"building":"apartments"}}},{"type":"Feature","id":"osm-way-256507016","geometry":{"type":"Polygon","coordinates":[[[-3.678964,40.423816],[-3.678968,40.423785],[-3.679191,40.423799],[-3.679211,40.423601],[-3.679021,40.423593],[-3.678899,40.423587],[-3.678848,40.423623],[-3.678835,40.423808],[-3.678936,40.423814],[-3.678964,40.423816]]]},"properties":{"osmId":256507016,"osmType":"way","tags":{"building":"public","building:levels":"7"}}},{"type":"Feature","id":"osm-way-256507017","geometry":{"type":"Polygon","coordinates":[[[-3.67993,40.425855],[-3.679935,40.425775],[-3.679944,40.425653],[-3.67966,40.425641],[-3.67956,40.425638],[-3.679547,40.425839],[-3.679562,40.425839],[-3.679632,40.425842],[-3.679738,40.425847],[-3.67993,40.425855]]]},"properties":{"osmId":256507017,"osmType":"way","tags":{"building":"apartments","addr:street":"Calle del Príncipe de Vergara","addr:housenumber":"26"}}},{"type":"Feature","id":"osm-way-256507019","geometry":{"type":"Polygon","coordinates":[[[-3.679695,40.425117],[-3.679496,40.42511],[-3.679477,40.425386],[-3.679677,40.425393],[-3.679679,40.42536],[-3.679695,40.425117]]]},"properties":{"osmId":256507019,"osmType":"way","tags":{"building":"apartments"}}},{"type":"Feature","id":"osm-way-256507021","geometry":{"type":"Polygon","coordinates":[[[-3.680837,40.424184],[-3.680847,40.423951],[-3.680778,40.423948],[-3.68044,40.423936],[-3.68043,40.42406],[-3.680421,40.424167],[-3.680544,40.424172],[-3.680546,40.424136],[-3.680571,40.424137],[-3.680569,40.424173],[-3.680573,40.424173],[-3.680639,40.424176],[-3.68064,40.424156],[-3.680721,40.42416],[-3.68072,40.424179],[-3.680837,40.424184]]]},"properties":{"osmId":256507021,"osmType":"way","tags":{"building":"apartments"}}},{"type":"Feature","id":"osm-way-256507022","geometry":{"type":"Polygon","coordinates":[[[-3.675884,40.425055],[-3.675892,40.424957],[-3.675929,40.424935],[-3.67639,40.424957],[-3.676387,40.424984],[-3.676369,40.425199],[-3.676368,40.425216],[-3.676339,40.425214],[-3.676341,40.425191],[-3.676294,40.425188],[-3.676292,40.425212],[-3.676261,40.42521],[-3.676271,40.425073],[-3.67624,40.425072],[-3.675884,40.425055]]]},"properties":{"osmId":256507022,"osmType":"way","tags":{"building":"apartments"}}},{"type":"Feature","id":"osm-way-256507023","geometry":{"type":"Polygon","coordinates":[[[-3.677743,40.425627],[-3.677759,40.425525],[-3.677669,40.42552],[-3.677667,40.42554],[-3.677549,40.425535],[-3.677551,40.425515],[-3.677269,40.425501],[-3.677261,40.425603],[-3.677541,40.425617],[-3.677543,40.425597],[-3.677663,40.425603],[-3.677661,40.425623],[-3.677743,40.425627]]]},"properties":{"osmId":256507023,"osmType":"way","tags":{"building":"yes","addr:street":"Calle del General Díaz Porlier","addr:housenumber":"13"}}},{"type":"Feature","id":"osm-way-256507024","geometry":{"type":"Polygon","coordinates":[[[-3.677952,40.424571],[-3.677934,40.424738],[-3.677965,40.424764],[-3.678074,40.424769],[-3.678091,40.424578],[-3.678057,40.424577],[-3.677952,40.424571]]]},"properties":{"osmId":256507024,"osmType":"way","tags":{"building":"apartments"}}},{"type":"Feature","id":"osm-way-256507025","geometry":{"type":"Polygon","coordinates":[[[-3.678962,40.424297],[-3.67885,40.424259],[-3.678799,40.424281],[-3.678794,40.424336],[-3.678785,40.424439],[-3.678877,40.424442],[-3.678886,40.424428],[-3.678962,40.424297]]]},"properties":{"osmId":256507025,"osmType":"way","tags":{"building":"apartments"}}},{"type":"Feature","id":"osm-way-256507027","geometry":{"type":"Polygon","coordinates":[[[-3.678599,40.424568],[-3.67853,40.424565],[-3.678487,40.424625],[-3.678483,40.42463],[-3.678479,40.424678],[-3.678448,40.424677],[-3.678428,40.424704],[-3.678369,40.424784],[-3.678547,40.424792],[-3.678584,40.424768],[-3.678599,40.424568]]]},"properties":{"osmId":256507027,"osmType":"way","tags":{"building":"apartments"}}},{"type":"Feature","id":"osm-way-256507028","geometry":{"type":"Polygon","coordinates":[[[-3.680014,40.424741],[-3.680015,40.424725],[-3.680019,40.424685],[-3.679848,40.424623],[-3.679806,40.42469],[-3.679832,40.424701],[-3.679812,40.424732],[-3.679852,40.424734],[-3.679872,40.424703],[-3.679904,40.424716],[-3.67992,40.424715],[-3.679924,40.424737],[-3.680014,40.424741]]]},"properties":{"osmId":256507028,"osmType":"way","tags":{"building":"apartments"}}},{"type":"Feature","id":"osm-way-256507030","geometry":{"type":"Polygon","coordinates":[[[-3.677668,40.425338],[-3.677833,40.425346],[-3.677843,40.425249],[-3.677871,40.425249],[-3.677889,40.42503],[-3.677665,40.425021],[-3.677647,40.425238],[-3.677676,40.425239],[-3.677668,40.425338]]]},"properties":{"osmId":256507030,"osmType":"way","tags":{"building":"yes"}}},{"type":"Feature","id":"osm-way-256507032","geometry":{"type":"Polygon","coordinates":[[[-3.679104,40.426026],[-3.679116,40.425844],[-3.679116,40.425827],[-3.679079,40.425828],[-3.678926,40.425845],[-3.678921,40.425896],[-3.678893,40.426018],[-3.679013,40.426023],[-3.679104,40.426026]]]},"properties":{"osmId":256507032,"osmType":"way","tags":{"building":"apartments","addr:street":"Calle de Hermosilla","addr:housenumber":"68"}}},{"type":"Feature","id":"osm-way-256507034","geometry":{"type":"Polygon","coordinates":[[[-3.678317,40.424403],[-3.67831,40.424492],[-3.678293,40.424494],[-3.678202,40.424462],[-3.678158,40.424446],[-3.678175,40.424407],[-3.678188,40.424393],[-3.67823,40.424396],[-3.678317,40.424403]]]},"properties":{"osmId":256507034,"osmType":"way","tags":{"building":"yes","building:levels":"2"}}},{"type":"Feature","id":"osm-way-256507036","geometry":{"type":"Polygon","coordinates":[[[-3.680653,40.424898],[-3.680392,40.424887],[-3.680359,40.424859],[-3.680371,40.42473],[-3.680516,40.424737],[-3.680515,40.424755],[-3.680637,40.424761],[-3.680632,40.424817],[-3.680658,40.424819],[-3.680658,40.424828],[-3.680653,40.424898]]]},"properties":{"osmId":256507036,"osmType":"way","tags":{"building":"apartments","building:levels":"6","addr:street":"Calle de Goya","addr:housenumber":"40"}}},{"type":"Feature","id":"osm-way-256507038","geometry":{"type":"Polygon","coordinates":[[[-3.678962,40.424297],[-3.678886,40.424428],[-3.678926,40.424443],[-3.679035,40.424483],[-3.679088,40.424507],[-3.67917,40.42438],[-3.679076,40.424343],[-3.678962,40.424297]]]},"properties":{"osmId":256507038,"osmType":"way","tags":{"building":"apartments"}}},{"type":"Feature","id":"osm-way-256507045","geometry":{"type":"Polygon","coordinates":[[[-3.681381,40.425645],[-3.681395,40.425465],[-3.681136,40.425452],[-3.681067,40.425449],[-3.681055,40.425628],[-3.681381,40.425645]]]},"properties":{"osmId":256507045,"osmType":"way","tags":{"building":"yes"}}},{"type":"Feature","id":"osm-way-256507046","geometry":{"type":"Polygon","coordinates":[[[-3.678901,40.423963],[-3.678899,40.423988],[-3.678992,40.423993],[-3.679131,40.424044],[-3.679089,40.424104],[-3.679058,40.424151],[-3.679045,40.42417],[-3.679021,40.424208],[-3.678836,40.424138],[-3.678813,40.424106],[-3.678824,40.423959],[-3.678901,40.423963]]]},"properties":{"osmId":256507046,"osmType":"way","tags":{"building":"public"}}},{"type":"Feature","id":"osm-way-256507047","geometry":{"type":"Polygon","coordinates":[[[-3.678785,40.424439],[-3.678778,40.424528],[-3.678771,40.424616],[-3.679017,40.424625],[-3.679035,40.424483],[-3.678926,40.424443],[-3.678877,40.424442],[-3.678785,40.424439]]]},"properties":{"osmId":256507047,"osmType":"way","tags":{"building":"apartments"}}},{"type":"Feature","id":"osm-way-256507050","geometry":{"type":"Polygon","coordinates":[[[-3.678074,40.424769],[-3.678184,40.424774],[-3.67823,40.424704],[-3.67826,40.42466],[-3.678306,40.42459],[-3.678323,40.424563],[-3.678272,40.424555],[-3.678095,40.424524],[-3.678091,40.424578],[-3.678074,40.424769]]]},"properties":{"osmId":256507050,"osmType":"way","tags":{"building":"yes"}}},{"type":"Feature","id":"osm-way-256507051","geometry":{"type":"Polygon","coordinates":[[[-3.677806,40.425964],[-3.677965,40.425972],[-3.678129,40.42598],[-3.678134,40.425926],[-3.678103,40.425924],[-3.678107,40.425877],[-3.678138,40.425879],[-3.678143,40.425825],[-3.678111,40.425823],[-3.678114,40.425791],[-3.678146,40.425793],[-3.678149,40.425762],[-3.678069,40.425758],[-3.678061,40.425847],[-3.678031,40.425846],[-3.678039,40.425756],[-3.677964,40.425752],[-3.677959,40.425824],[-3.677925,40.425823],[-3.67793,40.425751],[-3.677873,40.425748],[-3.677849,40.425794],[-3.677869,40.425799],[-3.677837,40.425863],[-3.677834,40.425908],[-3.67781,40.425908],[-3.677806,40.425964]]]},"properties":{"osmId":256507051,"osmType":"way","tags":{"building":"yes"}}},{"type":"Feature","id":"osm-way-256507056","geometry":{"type":"Polygon","coordinates":[[[-3.681455,40.42471],[-3.681439,40.424899],[-3.681387,40.424931],[-3.681198,40.424924],[-3.681202,40.424826],[-3.681214,40.424699],[-3.681455,40.42471]]]},"properties":{"osmId":256507056,"osmType":"way","tags":{"building":"apartments","building:levels":"8","addr:street":"Calle de Goya","addr:housenumber":"34","addr:postcode":"28001"}}},{"type":"Feature","id":"osm-way-256507058","geometry":{"type":"Polygon","coordinates":[[[-3.681126,40.424065],[-3.681131,40.423988],[-3.680972,40.423982],[-3.680942,40.424385],[-3.681098,40.424389],[-3.681126,40.424065]]]},"properties":{"osmId":256507058,"osmType":"way","tags":{"building":"yes","addr:street":"Calle de Castelló","addr:housenumber":"18","addr:postcode":"28001"}}},{"type":"Feature","id":"osm-way-256507059","geometry":{"type":"Polygon","coordinates":[[[-3.680337,40.425187],[-3.680315,40.425458],[-3.680574,40.425472],[-3.680578,40.425437],[-3.6806,40.425165],[-3.68054,40.425162],[-3.680508,40.425161],[-3.680386,40.425155],[-3.680374,40.425155],[-3.680364,40.425157],[-3.680353,40.425163],[-3.680346,40.425168],[-3.680339,40.425177],[-3.680337,40.425187]]]},"properties":{"osmId":256507059,"osmType":"way","tags":{"building":"apartments"}}},{"type":"Feature","id":"osm-way-256507060","geometry":{"type":"Polygon","coordinates":[[[-3.677279,40.425398],[-3.677493,40.425409],[-3.677495,40.425389],[-3.677597,40.425394],[-3.677595,40.425415],[-3.677632,40.425417],[-3.677636,40.425363],[-3.677603,40.425362],[-3.677605,40.425327],[-3.677639,40.425329],[-3.677644,40.425278],[-3.677607,40.425276],[-3.677605,40.425295],[-3.677502,40.425289],[-3.677504,40.42527],[-3.677291,40.425259],[-3.677279,40.425398]]]},"properties":{"osmId":256507060,"osmType":"way","tags":{"building":"yes","addr:street":"Calle del General Díaz Porlier","addr:housenumber":"9"}}},{"type":"Feature","id":"osm-way-256507061","geometry":{"type":"Polygon","coordinates":[[[-3.680611,40.426097],[-3.680809,40.426107],[-3.680822,40.425951],[-3.680828,40.425874],[-3.680774,40.425872],[-3.680774,40.425862],[-3.680679,40.425857],[-3.680679,40.425868],[-3.680628,40.425866],[-3.680626,40.42589],[-3.680622,40.425935],[-3.680611,40.426097]]]},"properties":{"osmId":256507061,"osmType":"way","tags":{"building":"yes"}}},{"type":"Feature","id":"osm-way-256507062","geometry":{"type":"Polygon","coordinates":[[[-3.678771,40.424616],[-3.678763,40.424778],[-3.67879,40.424804],[-3.678892,40.424809],[-3.679063,40.424817],[-3.679064,40.424632],[-3.679017,40.424625],[-3.678771,40.424616]]]},"properties":{"osmId":256507062,"osmType":"way","tags":{"building":"apartments"}}},{"type":"Feature","id":"osm-way-256507063","geometry":{"type":"Polygon","coordinates":[[[-3.679695,40.425117],[-3.679679,40.42536],[-3.679962,40.425371],[-3.679977,40.425154],[-3.67996,40.42514],[-3.679943,40.425127],[-3.679695,40.425117]]]},"properties":{"osmId":256507063,"osmType":"way","tags":{"building":"apartments"}}},{"type":"Feature","id":"osm-way-256507064","geometry":{"type":"Polygon","coordinates":[[[-3.680778,40.423948],[-3.680791,40.423752],[-3.680793,40.423742],[-3.680758,40.423744],[-3.680761,40.423679],[-3.68049,40.423667],[-3.680455,40.423691],[-3.680447,40.423812],[-3.68044,40.423936],[-3.680778,40.423948]]]},"properties":{"osmId":256507064,"osmType":"way","tags":{"building":"apartments"}}},{"type":"Feature","id":"osm-way-256507065","geometry":{"type":"Polygon","coordinates":[[[-3.677969,40.424403],[-3.678106,40.42443],[-3.678106,40.42439],[-3.678147,40.424394],[-3.678175,40.424407],[-3.678208,40.424369],[-3.678227,40.424224],[-3.678222,40.424223],[-3.677989,40.424217],[-3.677969,40.424403]]]},"properties":{"osmId":256507065,"osmType":"way","tags":{"building":"yes"}}},{"type":"Feature","id":"osm-way-256507067","geometry":{"type":"Polygon","coordinates":[[[-3.678893,40.426018],[-3.678921,40.425896],[-3.678867,40.425893],[-3.67887,40.425848],[-3.678675,40.425856],[-3.678667,40.425981],[-3.678688,40.42601],[-3.6788,40.426014],[-3.678893,40.426018]]]},"properties":{"osmId":256507067,"osmType":"way","tags":{"building":"apartments","addr:street":"Calle de Hermosilla","addr:housenumber":"70"}}},{"type":"Feature","id":"osm-way-256507068","geometry":{"type":"Polygon","coordinates":[[[-3.679554,40.425952],[-3.679551,40.425998],[-3.679521,40.425997],[-3.679517,40.426043],[-3.679875,40.426057],[-3.679917,40.42604],[-3.67992,40.426006],[-3.679923,40.425966],[-3.679766,40.42596],[-3.679765,40.425977],[-3.679622,40.425972],[-3.679624,40.425954],[-3.679554,40.425952]]]},"properties":{"osmId":256507068,"osmType":"way","tags":{"building":"apartments","addr:street":"Calle del Príncipe de Vergara","addr:housenumber":"30"}}},{"type":"Feature","id":"osm-way-256507071","geometry":{"type":"Polygon","coordinates":[[[-3.677291,40.425259],[-3.677504,40.42527],[-3.677507,40.425231],[-3.677647,40.425238],[-3.677665,40.425021],[-3.677344,40.425004],[-3.677311,40.425028],[-3.677291,40.425259]]]},"properties":{"osmId":256507071,"osmType":"way","tags":{"building":"apartments"}}},{"type":"Feature","id":"osm-way-256507072","geometry":{"type":"Polygon","coordinates":[[[-3.67888,40.425611],[-3.678696,40.425605],[-3.678675,40.425856],[-3.67887,40.425848],[-3.678926,40.425845],[-3.679079,40.425828],[-3.679081,40.425788],[-3.679041,40.425752],[-3.678973,40.42575],[-3.678978,40.425695],[-3.678946,40.425666],[-3.678876,40.425663],[-3.67888,40.425611]]]},"properties":{"osmId":256507072,"osmType":"way","tags":{"building":"yes"}}},{"type":"Feature","id":"osm-way-256507073","geometry":{"type":"Polygon","coordinates":[[[-3.681198,40.424924],[-3.680897,40.424909],[-3.680902,40.424841],[-3.680906,40.424795],[-3.680909,40.424752],[-3.680968,40.424755],[-3.68103,40.424757],[-3.681027,40.424815],[-3.681202,40.424826],[-3.681198,40.424924]]]},"properties":{"osmId":256507073,"osmType":"way","tags":{"building":"apartments","addr:street":"Calle de Goya","addr:housenumber":"36","addr:postcode":"28001"}}},{"type":"Feature","id":"osm-way-256507074","geometry":{"type":"Polygon","coordinates":[[[-3.67861,40.424426],[-3.678621,40.424289],[-3.678489,40.424284],[-3.678487,40.4243],[-3.678446,40.424298],[-3.678448,40.424282],[-3.678391,40.424279],[-3.678288,40.424275],[-3.678266,40.424302],[-3.678301,40.424301],[-3.6783,40.424318],[-3.678254,40.424316],[-3.678208,40.424369],[-3.678231,40.424369],[-3.67823,40.424396],[-3.678317,40.424403],[-3.67861,40.424426]]]},"properties":{"osmId":256507074,"osmType":"way","tags":{"building":"yes"}}},{"type":"Feature","id":"osm-way-256507075","geometry":{"type":"Polygon","coordinates":[[[-3.677989,40.424217],[-3.678222,40.424223],[-3.678222,40.424214],[-3.678232,40.424208],[-3.678247,40.424063],[-3.678321,40.424029],[-3.678313,40.424015],[-3.678302,40.423997],[-3.678203,40.423843],[-3.678018,40.423929],[-3.677989,40.424217]]]},"properties":{"osmId":256507075,"osmType":"way","tags":{"building":"yes"}}},{"type":"Feature","id":"osm-way-256507076","geometry":{"type":"Polygon","coordinates":[[[-3.679223,40.425099],[-3.679218,40.425167],[-3.679213,40.425254],[-3.679208,40.425314],[-3.679202,40.425423],[-3.679473,40.425434],[-3.679477,40.425386],[-3.679496,40.42511],[-3.679223,40.425099]]]},"properties":{"osmId":256507076,"osmType":"way","tags":{"building":"yes"}}},{"type":"Feature","id":"osm-way-256507077","geometry":{"type":"Polygon","coordinates":[[[-3.681358,40.425965],[-3.681369,40.42582],[-3.681067,40.425804],[-3.681057,40.425901],[-3.681027,40.425899],[-3.681023,40.425951],[-3.681168,40.425957],[-3.681358,40.425965]]]},"properties":{"osmId":256507077,"osmType":"way","tags":{"building":"yes"}}},{"type":"Feature","id":"osm-way-256507078","geometry":{"type":"Polygon","coordinates":[[[-3.680897,40.424909],[-3.680653,40.424898],[-3.680658,40.424828],[-3.680682,40.42483],[-3.680685,40.424785],[-3.680662,40.424784],[-3.680665,40.424745],[-3.680668,40.4247],[-3.68067,40.424667],[-3.680763,40.424671],[-3.680764,40.424654],[-3.680671,40.42465],[-3.680673,40.424622],[-3.680677,40.424574],[-3.680728,40.424576],[-3.680725,40.424596],[-3.680752,40.424597],[-3.680923,40.424602],[-3.680918,40.42466],[-3.680827,40.424655],[-3.680825,40.424674],[-3.680916,40.424679],[-3.680915,40.424692],[-3.680909,40.424752],[-3.680906,40.424795],[-3.680884,40.424794],[-3.68088,40.42484],[-3.680902,40.424841],[-3.680897,40.424909]]]},"properties":{"osmId":256507078,"osmType":"way","tags":{"building":"apartments","building:levels":"8","addr:street":"Calle de Goya","addr:housenumber":"38","addr:postcode":"28001"}}},{"type":"Feature","id":"osm-way-256507079","geometry":{"type":"Polygon","coordinates":[[[-3.678626,40.424227],[-3.678635,40.424106],[-3.67846,40.424094],[-3.678454,40.424132],[-3.678432,40.424132],[-3.678352,40.424209],[-3.678397,40.424215],[-3.678626,40.424227]]]},"properties":{"osmId":256507079,"osmType":"way","tags":{"building":"yes"}}},{"type":"Feature","id":"osm-way-256507080","geometry":{"type":"Polygon","coordinates":[[[-3.679261,40.424827],[-3.679346,40.424831],[-3.679432,40.424835],[-3.679474,40.424797],[-3.679478,40.424743],[-3.679537,40.424745],[-3.679564,40.424721],[-3.679567,40.424721],[-3.67961,40.424683],[-3.679587,40.424673],[-3.679316,40.424595],[-3.679281,40.424582],[-3.67928,40.424597],[-3.679261,40.424827]]]},"properties":{"osmId":256507080,"osmType":"way","tags":{"building":"apartments","building:levels":"7"}}},{"type":"Feature","id":"osm-way-256507081","geometry":{"type":"Polygon","coordinates":[[[-3.679818,40.424231],[-3.679808,40.424296],[-3.68002,40.424372],[-3.680043,40.424365],[-3.680055,40.424227],[-3.680065,40.424108],[-3.67992,40.4241],[-3.679889,40.424098],[-3.67985,40.424096],[-3.679831,40.424095],[-3.679826,40.424155],[-3.67985,40.424157],[-3.679843,40.424232],[-3.679818,40.424231]]]},"properties":{"osmId":256507081,"osmType":"way","tags":{"building":"apartments"}}},{"type":"Feature","id":"osm-way-256507083","geometry":{"type":"Polygon","coordinates":[[[-3.677952,40.424571],[-3.678057,40.424577],[-3.678062,40.424519],[-3.678095,40.424524],[-3.678272,40.424555],[-3.678293,40.424494],[-3.678202,40.424462],[-3.678196,40.424478],[-3.678151,40.424465],[-3.678158,40.424446],[-3.678106,40.42443],[-3.677969,40.424403],[-3.677952,40.424571]]]},"properties":{"osmId":256507083,"osmType":"way","tags":{"building":"yes"}}},{"type":"Feature","id":"osm-way-256507084","geometry":{"type":"Polygon","coordinates":[[[-3.67846,40.424094],[-3.678635,40.424106],[-3.678649,40.423954],[-3.678472,40.423945],[-3.678472,40.423971],[-3.678439,40.423969],[-3.678399,40.423981],[-3.678391,40.423967],[-3.678302,40.423997],[-3.678313,40.424015],[-3.678337,40.424008],[-3.678359,40.424044],[-3.67834,40.424052],[-3.678395,40.424135],[-3.678432,40.424132],[-3.678418,40.424114],[-3.678421,40.424092],[-3.67846,40.424094]]]},"properties":{"osmId":256507084,"osmType":"way","tags":{"building":"yes"}}},{"type":"Feature","id":"osm-way-256507085","geometry":{"type":"Polygon","coordinates":[[[-3.67669,40.425908],[-3.677022,40.425923],[-3.677059,40.425906],[-3.677111,40.425279],[-3.677084,40.425278],[-3.676877,40.425268],[-3.676872,40.425316],[-3.676813,40.425313],[-3.676797,40.425693],[-3.6767,40.425687],[-3.67669,40.425908]]]},"properties":{"osmId":256507085,"osmType":"way","tags":{"building":"yes"}}},{"type":"Feature","id":"osm-way-256507086","geometry":{"type":"Polygon","coordinates":[[[-3.679106,40.423971],[-3.679026,40.423968],[-3.679025,40.423994],[-3.678992,40.423993],[-3.679131,40.424044],[-3.679233,40.424083],[-3.679386,40.42414],[-3.679404,40.424146],[-3.679428,40.424108],[-3.679413,40.424084],[-3.679291,40.423926],[-3.679255,40.42388],[-3.679229,40.423846],[-3.679217,40.423831],[-3.679202,40.423976],[-3.679165,40.423974],[-3.679161,40.424001],[-3.679104,40.423998],[-3.679106,40.423971]]]},"properties":{"osmId":256507086,"osmType":"way","tags":{"building":"yes"}}},{"type":"Feature","id":"osm-way-256507087","geometry":{"type":"Polygon","coordinates":[[[-3.679848,40.424623],[-3.679738,40.424582],[-3.679639,40.424545],[-3.679585,40.424632],[-3.679608,40.42464],[-3.679587,40.424673],[-3.67961,40.424683],[-3.679643,40.424688],[-3.679673,40.424642],[-3.679692,40.424636],[-3.679694,40.424642],[-3.679715,40.42465],[-3.679724,40.424649],[-3.679727,40.424665],[-3.679688,40.424726],[-3.679754,40.42473],[-3.679783,40.424682],[-3.679806,40.42469],[-3.679848,40.424623]]]},"properties":{"osmId":256507087,"osmType":"way","tags":{"building":"apartments"}}},{"type":"Feature","id":"osm-way-259165428","geometry":{"type":"Polygon","coordinates":[[[-3.662851,40.417216],[-3.662678,40.417178],[-3.662708,40.417104],[-3.662731,40.417059],[-3.66276,40.416998],[-3.662798,40.416929],[-3.662859,40.416833],[-3.662904,40.41677],[-3.662927,40.416739],[-3.662984,40.41667],[-3.663135,40.416743],[-3.663007,40.416915],[-3.662972,40.41697],[-3.662927,40.417047],[-3.662892,40.41712],[-3.662851,40.417216]]]},"properties":{"osmId":259165428,"osmType":"way","tags":{"building":"apartments","addr:street":"Calle de Juan Esplandiú","addr:housenumber":"5","addr:postcode":"28007"}}},{"type":"Feature","id":"osm-way-259165429","geometry":{"type":"Polygon","coordinates":[[[-3.664407,40.417078],[-3.664291,40.417162],[-3.664219,40.417232],[-3.664169,40.417284],[-3.664117,40.417357],[-3.664048,40.417493],[-3.663914,40.417465],[-3.663965,40.417351],[-3.664033,40.417249],[-3.664084,40.417189],[-3.66413,40.417139],[-3.664227,40.417057],[-3.66432,40.416992],[-3.664407,40.417078]]]},"properties":{"osmId":259165429,"osmType":"way","tags":{"building":"apartments","addr:street":"Calle del Marqués de Lozoya","addr:housenumber":"5;7;9","addr:postcode":"28007"}}},{"type":"Feature","id":"osm-way-259165430","geometry":{"type":"Polygon","coordinates":[[[-3.663749,40.418924],[-3.66372,40.418953],[-3.663685,40.418976],[-3.66364,40.419],[-3.663606,40.419013],[-3.66357,40.419023],[-3.663532,40.419029],[-3.663495,40.419033],[-3.663469,40.419033],[-3.663444,40.419033],[-3.663393,40.419026],[-3.663349,40.419015],[-3.663305,40.419],[-3.663258,40.418976],[-3.663221,40.418949],[-3.663188,40.418916],[-3.663171,40.418894],[-3.663157,40.41887],[-3.663145,40.418845],[-3.663135,40.418807],[-3.663133,40.418779],[-3.663134,40.418749],[-3.66314,40.418719],[-3.663153,40.418686],[-3.663168,40.418658],[-3.663188,40.418632],[-3.663207,40.418612],[-3.663283,40.41854],[-3.663178,40.41847],[-3.663083,40.418558],[-3.663058,40.418587],[-3.66304,40.418611],[-3.663026,40.418636],[-3.663007,40.418679],[-3.662994,40.418731],[-3.662991,40.418772],[-3.662993,40.418814],[-3.663004,40.41886],[-3.663025,40.418913],[-3.663051,40.418953],[-3.663084,40.418991],[-3.663119,40.419024],[-3.663158,40.419052],[-3.663193,40.419073],[-3.66323,40.419093],[-3.663271,40.419108],[-3.663316,40.419122],[-3.66336,40.419132],[-3.663449,40.419142],[-3.663519,40.41914],[-3.663574,40.419133],[-3.663608,40.419127],[-3.663642,40.419118],[-3.663674,40.419107],[-3.663711,40.419093],[-3.663747,40.419075],[-3.663781,40.419055],[-3.663825,40.419024],[-3.663864,40.418986],[-3.663749,40.418924]]]},"properties":{"osmId":259165430,"osmType":"way","tags":{"building":"apartments","addr:street":"Calle del Marqués de Lozoya","addr:housenumber":"19;21;23;25;27;29","addr:postcode":"28007"}}},{"type":"Feature","id":"osm-way-259165431","geometry":{"type":"Polygon","coordinates":[[[-3.662188,40.418102],[-3.66207,40.417994],[-3.661908,40.418077],[-3.661874,40.418038],[-3.661797,40.418085],[-3.66173,40.418151],[-3.661695,40.418226],[-3.661684,40.418297],[-3.661705,40.418381],[-3.66177,40.418455],[-3.661831,40.418502],[-3.661896,40.418527],[-3.661944,40.418538],[-3.661998,40.418411],[-3.661937,40.418389],[-3.661886,40.418336],[-3.661869,40.418286],[-3.661879,40.418233],[-3.661911,40.418189],[-3.661968,40.418166],[-3.661995,40.418201],[-3.662188,40.418102]]]},"properties":{"osmId":259165431,"osmType":"way","tags":{"building":"apartments","building:levels":"14","addr:street":"Juan Esplandiú","addr:housenumber":"9"}}},{"type":"Feature","id":"osm-way-259165432","geometry":{"type":"Polygon","coordinates":[[[-3.662609,40.418295],[-3.662583,40.418312],[-3.66255,40.418284],[-3.662444,40.418353],[-3.662473,40.41838],[-3.66241,40.41842],[-3.6624,40.418411],[-3.662391,40.418418],[-3.662369,40.418398],[-3.66234,40.418421],[-3.662328,40.418432],[-3.662315,40.418445],[-3.662304,40.418458],[-3.662294,40.418471],[-3.662274,40.418498],[-3.662308,40.418507],[-3.662304,40.418518],[-3.662312,40.41852],[-3.662286,40.418585],[-3.662279,40.418583],[-3.662275,40.418593],[-3.662239,40.418585],[-3.662234,40.418619],[-3.662233,40.418659],[-3.662236,40.418686],[-3.662242,40.418712],[-3.662278,40.418702],[-3.662283,40.418713],[-3.66229,40.418711],[-3.66232,40.418779],[-3.662316,40.41878],[-3.66232,40.418791],[-3.662286,40.4188],[-3.662317,40.418841],[-3.662353,40.418874],[-3.662387,40.418898],[-3.662408,40.418875],[-3.66242,40.418881],[-3.662425,40.418876],[-3.6625,40.418914],[-3.662495,40.41892],[-3.662507,40.418926],[-3.662488,40.418949],[-3.662526,40.418961],[-3.662566,40.418971],[-3.662605,40.418977],[-3.662644,40.418981],[-3.662641,40.418953],[-3.662658,40.418952],[-3.662658,40.418948],[-3.662703,40.418946],[-3.662693,40.418821],[-3.662633,40.418824],[-3.662633,40.418816],[-3.662608,40.418809],[-3.662602,40.418815],[-3.662502,40.418765],[-3.662507,40.418759],[-3.66249,40.418743],[-3.66248,40.418746],[-3.662438,40.418657],[-3.662447,40.418654],[-3.662447,40.418634],[-3.662438,40.418632],[-3.662473,40.418544],[-3.662483,40.418547],[-3.662498,40.418531],[-3.662492,40.418524],[-3.662677,40.418405],[-3.662717,40.418379],[-3.66263,40.418311],[-3.662609,40.418295]]]},"properties":{"osmId":259165432,"osmType":"way","tags":{"building":"apartments"}}},{"type":"Feature","id":"osm-way-259165433","geometry":{"type":"Polygon","coordinates":[[[-3.663274,40.416592],[-3.663152,40.416516],[-3.663149,40.416514],[-3.66321,40.416458],[-3.663248,40.416427],[-3.663325,40.416365],[-3.663369,40.416332],[-3.663412,40.416301],[-3.663471,40.416261],[-3.663583,40.416195],[-3.663659,40.416153],[-3.663662,40.416156],[-3.663752,40.416255],[-3.663645,40.416313],[-3.6636,40.416341],[-3.663477,40.416425],[-3.66337,40.416507],[-3.663274,40.416592]]]},"properties":{"osmId":259165433,"osmType":"way","tags":{"building":"apartments"}}},{"type":"Feature","id":"osm-way-259165434","geometry":{"type":"Polygon","coordinates":[[[-3.66376,40.416907],[-3.663695,40.41698],[-3.663637,40.417045],[-3.663578,40.417127],[-3.663531,40.417203],[-3.663494,40.417275],[-3.663479,40.417305],[-3.663455,40.417354],[-3.663293,40.41732],[-3.663347,40.417191],[-3.663405,40.417093],[-3.663503,40.416955],[-3.663564,40.416884],[-3.663627,40.416826],[-3.66376,40.416907]]]},"properties":{"osmId":259165434,"osmType":"way","tags":{"building":"apartments"}}},{"type":"Feature","id":"osm-way-261468050","geometry":{"type":"Polygon","coordinates":[[[-3.669885,40.415802],[-3.669986,40.414568],[-3.671374,40.414634],[-3.671334,40.415074],[-3.671129,40.415067],[-3.671114,40.41521],[-3.671006,40.415204],[-3.670987,40.41542],[-3.67046,40.415397],[-3.670454,40.415463],[-3.670352,40.41546],[-3.670326,40.415796],[-3.670265,40.415819],[-3.669885,40.415802]]]},"properties":{"osmId":261468050,"osmType":"way","tags":{"building":"industrial","building:levels":"1","addr:street":"Calle del Doctor Esquerdo","addr:housenumber":"62","addr:postcode":"28007"}}},{"type":"Feature","id":"osm-way-261626162","geometry":{"type":"Polygon","coordinates":[[[-3.670103,40.416439],[-3.670108,40.416383],[-3.670052,40.41638],[-3.67004,40.416372],[-3.670042,40.416351],[-3.670055,40.416346],[-3.670111,40.41635],[-3.670117,40.416291],[-3.66995,40.416281],[-3.669906,40.416309],[-3.669894,40.416426],[-3.670103,40.416439]]]},"properties":{"osmId":261626162,"osmType":"way","tags":{"building":"apartments","building:levels":"7"}}},{"type":"Feature","id":"osm-way-261626163","geometry":{"type":"Polygon","coordinates":[[[-3.670295,40.41618],[-3.67013,40.416169],[-3.670117,40.416291],[-3.670111,40.41635],[-3.670108,40.416383],[-3.670103,40.416439],[-3.670267,40.416449],[-3.670276,40.416362],[-3.670246,40.41636],[-3.670254,40.416277],[-3.670285,40.416278],[-3.670295,40.41618]]]},"properties":{"osmId":261626163,"osmType":"way","tags":{"building":"apartments"}}},{"type":"Feature","id":"osm-way-261626164","geometry":{"type":"Polygon","coordinates":[[[-3.671198,40.416506],[-3.671224,40.416268],[-3.67111,40.416259],[-3.671114,40.41623],[-3.670986,40.416221],[-3.670961,40.416491],[-3.671198,40.416506]]]},"properties":{"osmId":261626164,"osmType":"way","tags":{"building":"apartments"}}},{"type":"Feature","id":"osm-way-261626165","geometry":{"type":"Polygon","coordinates":[[[-3.671198,40.416506],[-3.671455,40.41652],[-3.671475,40.416284],[-3.671387,40.416279],[-3.671255,40.416271],[-3.671224,40.416268],[-3.671198,40.416506]]]},"properties":{"osmId":261626165,"osmType":"way","tags":{"building":"apartments","building:levels":"9","addr:street":"Calle de Antonio Arias","addr:housenumber":"12","addr:postcode":"28009"}}},{"type":"Feature","id":"osm-way-261626166","geometry":{"type":"Polygon","coordinates":[[[-3.6715,40.416045],[-3.671475,40.416284],[-3.671387,40.416279],[-3.671393,40.41622],[-3.671263,40.416211],[-3.671255,40.416271],[-3.671224,40.416268],[-3.671231,40.416208],[-3.67113,40.4162],[-3.671146,40.416022],[-3.6715,40.416045]]]},"properties":{"osmId":261626166,"osmType":"way","tags":{"building":"apartments","addr:street":"Calle de Antonio Arias","addr:housenumber":"17","addr:postcode":"28009"}}},{"type":"Feature","id":"osm-way-261640350","geometry":{"type":"Polygon","coordinates":[[[-3.669753,40.416896],[-3.669751,40.416923],[-3.669676,40.41692],[-3.669678,40.416892],[-3.669588,40.416888],[-3.669577,40.417031],[-3.669666,40.417035],[-3.669668,40.417006],[-3.669745,40.417009],[-3.669743,40.417038],[-3.669939,40.417046],[-3.669943,40.417019],[-3.669949,40.416956],[-3.669895,40.416953],[-3.66989,40.417002],[-3.669833,40.416999],[-3.669838,40.41695],[-3.66979,40.416948],[-3.669794,40.416897],[-3.669753,40.416896]]]},"properties":{"osmId":261640350,"osmType":"way","tags":{"building":"apartments"}}},{"type":"Feature","id":"osm-way-261801193","geometry":{"type":"Polygon","coordinates":[[[-3.671606,40.418265],[-3.671254,40.418249],[-3.671408,40.418513],[-3.671606,40.418265]]]},"properties":{"osmId":261801193,"osmType":"way","tags":{"building":"church","addr:street":"Calle de Ibiza","addr:housenumber":"43","addr:postcode":"28009"}}},{"type":"Feature","id":"osm-way-261806911","geometry":{"type":"Polygon","coordinates":[[[-3.671859,40.416973],[-3.671635,40.41696],[-3.671642,40.416828],[-3.671679,40.416804],[-3.671769,40.416813],[-3.671764,40.416904],[-3.671863,40.416923],[-3.671859,40.416973]]]},"properties":{"osmId":261806911,"osmType":"way","tags":{"building":"apartments"}}},{"type":"Feature","id":"osm-way-261806912","geometry":{"type":"Polygon","coordinates":[[[-3.671769,40.416813],[-3.671937,40.416824],[-3.671936,40.416904],[-3.671935,40.416939],[-3.671886,40.416928],[-3.671891,40.416892],[-3.671866,40.416889],[-3.671863,40.416923],[-3.671764,40.416904],[-3.671769,40.416813]]]},"properties":{"osmId":261806912,"osmType":"way","tags":{"building":"apartments"}}},{"type":"Feature","id":"osm-way-261806913","geometry":{"type":"Polygon","coordinates":[[[-3.672132,40.417119],[-3.672131,40.417104],[-3.672134,40.417045],[-3.672084,40.417043],[-3.672087,40.416998],[-3.672093,40.416998],[-3.672095,40.416964],[-3.672089,40.416964],[-3.672091,40.416916],[-3.672141,40.416918],[-3.672141,40.416909],[-3.672143,40.416835],[-3.671937,40.416824],[-3.671936,40.416904],[-3.671982,40.416905],[-3.671976,40.417032],[-3.67193,40.417031],[-3.671925,40.41711],[-3.672132,40.417119]]]},"properties":{"osmId":261806913,"osmType":"way","tags":{"building":"apartments"}}},{"type":"Feature","id":"osm-way-261806914","geometry":{"type":"Polygon","coordinates":[[[-3.672143,40.416835],[-3.672617,40.416862],[-3.672601,40.416938],[-3.672524,40.416934],[-3.672512,40.417045],[-3.672578,40.41705],[-3.672571,40.417084],[-3.672565,40.417108],[-3.672536,40.4171],[-3.672536,40.417127],[-3.672131,40.417104],[-3.672134,40.417045],[-3.672135,40.417022],[-3.672205,40.417025],[-3.672219,40.416913],[-3.672141,40.416909],[-3.672143,40.416835]]]},"properties":{"osmId":261806914,"osmType":"way","tags":{"building":"apartments"}}},{"type":"Feature","id":"osm-way-261806915","geometry":{"type":"Polygon","coordinates":[[[-3.672617,40.416862],[-3.672781,40.416873],[-3.672844,40.416877],[-3.67284,40.416957],[-3.67295,40.416991],[-3.673018,40.41701],[-3.673014,40.417028],[-3.673012,40.417038],[-3.672956,40.417035],[-3.672952,40.417075],[-3.673003,40.417078],[-3.672986,40.417152],[-3.672934,40.417149],[-3.672937,40.417118],[-3.672806,40.417111],[-3.672804,40.417142],[-3.672628,40.417133],[-3.672635,40.417089],[-3.672571,40.417084],[-3.672578,40.41705],[-3.672589,40.416993],[-3.672641,40.416996],[-3.672645,40.416967],[-3.672595,40.416964],[-3.672601,40.416938],[-3.672617,40.416862]]]},"properties":{"osmId":261806915,"osmType":"way","tags":{"building":"apartments","addr:street":"Calle del Alcalde Sáinz de Baranda","addr:housenumber":"41","addr:postcode":"28009"}}},{"type":"Feature","id":"osm-way-261806917","geometry":{"type":"Polygon","coordinates":[[[-3.672984,40.417169],[-3.672981,40.417208],[-3.673096,40.417215],[-3.673109,40.417019],[-3.673031,40.417011],[-3.67303,40.41703],[-3.673014,40.417028],[-3.673012,40.417038],[-3.673003,40.417078],[-3.673024,40.417078],[-3.673027,40.417081],[-3.673021,40.417165],[-3.673012,40.417169],[-3.672984,40.417169]]]},"properties":{"osmId":261806917,"osmType":"way","tags":{"building":"apartments"}}},{"type":"Feature","id":"osm-way-261806918","geometry":{"type":"Polygon","coordinates":[[[-3.673096,40.417215],[-3.673093,40.417277],[-3.672978,40.417272],[-3.672967,40.417482],[-3.673075,40.417486],[-3.67307,40.417547],[-3.672974,40.417545],[-3.672973,40.41761],[-3.672822,40.417608],[-3.672749,40.417602],[-3.672685,40.4176],[-3.672685,40.417566],[-3.672597,40.417561],[-3.672581,40.417541],[-3.672616,40.41715],[-3.672628,40.417133],[-3.672804,40.417142],[-3.672801,40.417172],[-3.672932,40.417179],[-3.672934,40.417149],[-3.672986,40.417152],[-3.672984,40.417169],[-3.672981,40.417208],[-3.673096,40.417215]]]},"properties":{"osmId":261806918,"osmType":"way","tags":{"building":"apartments"}}},{"type":"Feature","id":"osm-way-261806919","geometry":{"type":"Polygon","coordinates":[[[-3.672973,40.41761],[-3.672974,40.417621],[-3.673065,40.417625],[-3.673061,40.417674],[-3.673057,40.417721],[-3.673022,40.417721],[-3.672818,40.417717],[-3.672822,40.417608],[-3.672973,40.41761]]]},"properties":{"osmId":261806919,"osmType":"way","tags":{"building":"apartments"}}},{"type":"Feature","id":"osm-way-261806920","geometry":{"type":"Polygon","coordinates":[[[-3.672779,40.41797],[-3.672783,40.417877],[-3.672714,40.417875],[-3.672717,40.417784],[-3.672787,40.417785],[-3.67279,40.417697],[-3.67275,40.417694],[-3.672749,40.417602],[-3.672685,40.4176],[-3.672685,40.417566],[-3.672597,40.417561],[-3.672526,40.417557],[-3.672522,40.417636],[-3.672518,40.417955],[-3.672779,40.41797]]]},"properties":{"osmId":261806920,"osmType":"way","tags":{"building":"apartments"}}},{"type":"Feature","id":"osm-way-261806921","geometry":{"type":"Polygon","coordinates":[[[-3.673057,40.417721],[-3.673048,40.417833],[-3.672973,40.417833],[-3.672972,40.4178],[-3.672973,40.417766],[-3.673018,40.417767],[-3.673022,40.417721],[-3.673057,40.417721]]]},"properties":{"osmId":261806921,"osmType":"way","tags":{"building":"apartments"}}},{"type":"Feature","id":"osm-way-261806922","geometry":{"type":"Polygon","coordinates":[[[-3.672779,40.41797],[-3.672972,40.417979],[-3.672973,40.417833],[-3.672972,40.4178],[-3.672786,40.417792],[-3.672783,40.417877],[-3.672779,40.41797]]]},"properties":{"osmId":261806922,"osmType":"way","tags":{"building":"apartments"}}},{"type":"Feature","id":"osm-way-261806923","geometry":{"type":"Polygon","coordinates":[[[-3.672518,40.417955],[-3.672237,40.417941],[-3.672251,40.417648],[-3.67225,40.417626],[-3.672522,40.417636],[-3.672518,40.417955]]]},"properties":{"osmId":261806923,"osmType":"way","tags":{"building":"apartments"}}},{"type":"Feature","id":"osm-way-261806924","geometry":{"type":"Polygon","coordinates":[[[-3.672237,40.417941],[-3.672097,40.417934],[-3.672107,40.417646],[-3.672251,40.417648],[-3.672237,40.417941]]]},"properties":{"osmId":261806924,"osmType":"way","tags":{"building":"apartments"}}},{"type":"Feature","id":"osm-way-261806925","geometry":{"type":"Polygon","coordinates":[[[-3.672097,40.417934],[-3.671745,40.417916],[-3.67176,40.417714],[-3.671762,40.417684],[-3.671793,40.417685],[-3.671876,40.417689],[-3.671879,40.41764],[-3.672107,40.417646],[-3.672097,40.417934]]]},"properties":{"osmId":261806925,"osmType":"way","tags":{"building":"yes"}}},{"type":"Feature","id":"osm-way-261806926","geometry":{"type":"Polygon","coordinates":[[[-3.671745,40.417916],[-3.671592,40.417907],[-3.671565,40.417882],[-3.671583,40.417675],[-3.67167,40.41768],[-3.671668,40.41771],[-3.67176,40.417714],[-3.671745,40.417916]]]},"properties":{"osmId":261806926,"osmType":"way","tags":{"building":"apartments"}}},{"type":"Feature","id":"osm-way-261806927","geometry":{"type":"Polygon","coordinates":[[[-3.671672,40.417655],[-3.67167,40.41768],[-3.671583,40.417675],[-3.671591,40.417526],[-3.671694,40.41753],[-3.671818,40.417534],[-3.671939,40.417538],[-3.671931,40.417612],[-3.671823,40.417609],[-3.671793,40.417628],[-3.671793,40.417685],[-3.671762,40.417684],[-3.671753,40.417683],[-3.671756,40.41765],[-3.671684,40.417647],[-3.671672,40.417655]]]},"properties":{"osmId":261806927,"osmType":"way","tags":{"building":"apartments"}}},{"type":"Feature","id":"osm-way-261806928","geometry":{"type":"Polygon","coordinates":[[[-3.671591,40.417526],[-3.671606,40.417293],[-3.671702,40.417298],[-3.6717,40.417321],[-3.671821,40.417327],[-3.671823,40.417304],[-3.671959,40.41731],[-3.671939,40.417538],[-3.671818,40.417534],[-3.671819,40.417511],[-3.671696,40.417507],[-3.671694,40.41753],[-3.671591,40.417526]]]},"properties":{"osmId":261806928,"osmType":"way","tags":{"building":"apartments"}}},{"type":"Feature","id":"osm-way-261806929","geometry":{"type":"Polygon","coordinates":[[[-3.671606,40.417293],[-3.671623,40.417132],[-3.671712,40.417136],[-3.671715,40.417136],[-3.671715,40.417163],[-3.671799,40.417167],[-3.671804,40.41714],[-3.671905,40.417145],[-3.671971,40.417151],[-3.671959,40.41731],[-3.671823,40.417304],[-3.671825,40.417278],[-3.671704,40.417272],[-3.671702,40.417298],[-3.671606,40.417293]]]},"properties":{"osmId":261806929,"osmType":"way","tags":{"building":"apartments"}}},{"type":"Feature","id":"osm-way-261806930","geometry":{"type":"Polygon","coordinates":[[[-3.671623,40.417132],[-3.671635,40.41696],[-3.671859,40.416973],[-3.671857,40.417025],[-3.67193,40.417031],[-3.671925,40.41711],[-3.671906,40.41711],[-3.671905,40.417145],[-3.671804,40.41714],[-3.671806,40.417117],[-3.671793,40.417114],[-3.671724,40.417111],[-3.671715,40.417116],[-3.671712,40.417136],[-3.671623,40.417132]]]},"properties":{"osmId":261806930,"osmType":"way","tags":{"building":"apartments","addr:street":"Calle de Antonio Arias","addr:housenumber":"12","addr:postcode":"28009"}}},{"type":"Feature","id":"osm-way-261965219","geometry":{"type":"Polygon","coordinates":[[[-3.671075,40.421016],[-3.671082,40.420937],[-3.671105,40.420924],[-3.67117,40.420927],[-3.671184,40.42094],[-3.671177,40.42102],[-3.67124,40.421023],[-3.671248,40.420929],[-3.671685,40.42095],[-3.671666,40.421182],[-3.671609,40.42118],[-3.671612,40.421141],[-3.67117,40.42112],[-3.671167,40.421158],[-3.671064,40.421153],[-3.671067,40.421112],[-3.670624,40.421091],[-3.67062,40.421131],[-3.670561,40.421128],[-3.67058,40.420896],[-3.671019,40.420918],[-3.671011,40.421013],[-3.671075,40.421016]]]},"properties":{"osmId":261965219,"osmType":"way","tags":{"building":"public","addr:street":"Calle de O'Donnell","addr:housenumber":"50","addr:postcode":"28009"}}},{"type":"Feature","id":"osm-way-261967617","geometry":{"type":"Polygon","coordinates":[[[-3.669248,40.420896],[-3.669338,40.420896],[-3.669552,40.420904],[-3.669634,40.420906],[-3.669662,40.420933],[-3.669659,40.421004],[-3.66958,40.421004],[-3.669578,40.421037],[-3.669558,40.421041],[-3.669555,40.421082],[-3.669395,40.421076],[-3.669401,40.421014],[-3.669239,40.421007],[-3.669248,40.420896]]]},"properties":{"osmId":261967617,"osmType":"way","tags":{"building":"church","addr:street":"Calle del Doctor Esquerdo","addr:housenumber":"44","addr:postcode":"28007"}}},{"type":"Feature","id":"osm-way-261971788","geometry":{"type":"Polygon","coordinates":[[[-3.678221,40.41824],[-3.678091,40.418231],[-3.67796,40.418223],[-3.677926,40.418196],[-3.67794,40.418066],[-3.677996,40.418072],[-3.67813,40.418041],[-3.678126,40.418102],[-3.678182,40.418105],[-3.678201,40.418156],[-3.678227,40.418158],[-3.678221,40.41824]]]},"properties":{"osmId":261971788,"osmType":"way","tags":{"building":"apartments","building:levels":"8"}}},{"type":"Feature","id":"osm-way-261971789","geometry":{"type":"Polygon","coordinates":[[[-3.678133,40.417976],[-3.678089,40.417863],[-3.678094,40.417828],[-3.678046,40.417825],[-3.678052,40.417776],[-3.677968,40.417795],[-3.677953,40.417943],[-3.67794,40.418066],[-3.677996,40.418072],[-3.67813,40.418041],[-3.678133,40.417976]]]},"properties":{"osmId":261971789,"osmType":"way","tags":{"building":"yes"}}},{"type":"Feature","id":"osm-way-261971790","geometry":{"type":"Polygon","coordinates":[[[-3.677999,40.417498],[-3.677985,40.417635],[-3.678055,40.417641],[-3.678322,40.417578],[-3.678295,40.417506],[-3.678272,40.417443],[-3.678181,40.417461],[-3.678077,40.417483],[-3.677999,40.417498]]]},"properties":{"osmId":261971790,"osmType":"way","tags":{"building":"apartments","building:levels":"7"}}},{"type":"Feature","id":"osm-way-261971791","geometry":{"type":"Polygon","coordinates":[[[-3.67837,40.41771],[-3.678088,40.417767],[-3.678052,40.417776],[-3.677968,40.417795],[-3.677985,40.417635],[-3.678055,40.417641],[-3.678322,40.417578],[-3.678344,40.417638],[-3.67837,40.41771]]]},"properties":{"osmId":261971791,"osmType":"way","tags":{"building":"apartments","building:levels":"7"}}},{"type":"Feature","id":"osm-way-261971792","geometry":{"type":"Polygon","coordinates":[[[-3.67837,40.41771],[-3.678088,40.417767],[-3.678135,40.417902],[-3.67816,40.417896],[-3.678418,40.417843],[-3.678389,40.417764],[-3.67837,40.41771]]]},"properties":{"osmId":261971792,"osmType":"way","tags":{"building":"apartments","building:levels":"7"}}},{"type":"Feature","id":"osm-way-261971794","geometry":{"type":"Polygon","coordinates":[[[-3.678463,40.417973],[-3.678205,40.418027],[-3.678247,40.418158],[-3.678511,40.418102],[-3.678484,40.418032],[-3.678463,40.417973]]]},"properties":{"osmId":261971794,"osmType":"way","tags":{"building":"apartments","building:levels":"7"}}},{"type":"Feature","id":"osm-way-261971795","geometry":{"type":"Polygon","coordinates":[[[-3.67816,40.417896],[-3.678418,40.417843],[-3.678438,40.417902],[-3.678463,40.417973],[-3.678205,40.418027],[-3.67816,40.417896]]]},"properties":{"osmId":261971795,"osmType":"way","tags":{"building":"apartments","building:levels":"8"}}},{"type":"Feature","id":"osm-way-261971796","geometry":{"type":"Polygon","coordinates":[[[-3.678556,40.41823],[-3.678526,40.41826],[-3.678394,40.418251],[-3.678221,40.41824],[-3.678227,40.418158],[-3.678247,40.418158],[-3.678511,40.418102],[-3.678529,40.418153],[-3.678556,40.41823]]]},"properties":{"osmId":261971796,"osmType":"way","tags":{"building":"apartments","building:levels":"7"}}},{"type":"Feature","id":"osm-way-261988477","geometry":{"type":"Polygon","coordinates":[[[-3.679125,40.419809],[-3.679073,40.419667],[-3.679039,40.419642],[-3.678802,40.419631],[-3.678792,40.419793],[-3.67889,40.419797],[-3.679035,40.419805],[-3.679125,40.419809]]]},"properties":{"osmId":261988477,"osmType":"way","tags":{"building":"apartments","building:levels":"9"}}},{"type":"Feature","id":"osm-way-261988478","geometry":{"type":"Polygon","coordinates":[[[-3.679195,40.420001],[-3.679125,40.419809],[-3.679035,40.419805],[-3.679043,40.419822],[-3.678998,40.419832],[-3.678993,40.419821],[-3.67891,40.419841],[-3.67889,40.419797],[-3.678792,40.419793],[-3.678798,40.419862],[-3.678806,40.419961],[-3.678866,40.419967],[-3.678895,40.41997],[-3.678891,40.419959],[-3.678944,40.419948],[-3.678954,40.419976],[-3.678962,40.419977],[-3.679093,40.419991],[-3.679195,40.420001]]]},"properties":{"osmId":261988478,"osmType":"way","tags":{"building":"apartments"}}},{"type":"Feature","id":"osm-way-261988479","geometry":{"type":"Polygon","coordinates":[[[-3.678641,40.420208],[-3.678711,40.420211],[-3.678709,40.420243],[-3.678746,40.420244],[-3.678749,40.420213],[-3.67882,40.420216],[-3.678815,40.420266],[-3.678792,40.420265],[-3.678789,40.420304],[-3.678812,40.420306],[-3.678807,40.420358],[-3.6788,40.420432],[-3.678625,40.420423],[-3.67863,40.420365],[-3.678635,40.420296],[-3.678659,40.420297],[-3.678662,40.420258],[-3.678638,40.420257],[-3.678641,40.420208]]]},"properties":{"osmId":261988479,"osmType":"way","tags":{"building":"apartments"}}},{"type":"Feature","id":"osm-way-261988480","geometry":{"type":"Polygon","coordinates":[[[-3.679009,40.420225],[-3.679005,40.42029],[-3.67898,40.420289],[-3.678976,40.420347],[-3.678963,40.420347],[-3.678961,40.420366],[-3.678999,40.420368],[-3.678994,40.420442],[-3.6788,40.420432],[-3.678807,40.420358],[-3.678833,40.42036],[-3.678845,40.42036],[-3.678847,40.420341],[-3.678834,40.42034],[-3.678838,40.420282],[-3.678815,40.42028],[-3.678815,40.420266],[-3.67882,40.420216],[-3.678871,40.420219],[-3.67887,40.420237],[-3.678958,40.420241],[-3.67896,40.420223],[-3.679009,40.420225]]]},"properties":{"osmId":261988480,"osmType":"way","tags":{"building":"apartments"}}},{"type":"Feature","id":"osm-way-261988481","geometry":{"type":"Polygon","coordinates":[[[-3.678449,40.420414],[-3.678625,40.420423],[-3.67863,40.420365],[-3.678606,40.420364],[-3.678614,40.420262],[-3.678637,40.420263],[-3.678638,40.420257],[-3.678641,40.420208],[-3.678588,40.420205],[-3.678586,40.420223],[-3.67852,40.42022],[-3.678522,40.420202],[-3.678468,40.420199],[-3.678463,40.420257],[-3.678485,40.420259],[-3.678477,40.420357],[-3.678454,40.420356],[-3.678449,40.420414]]]},"properties":{"osmId":261988481,"osmType":"way","tags":{"building":"apartments"}}},{"type":"Feature","id":"osm-way-261988482","geometry":{"type":"Polygon","coordinates":[[[-3.679142,40.420232],[-3.679182,40.420234],[-3.679282,40.420239],[-3.679195,40.420001],[-3.679093,40.419991],[-3.67909,40.42001],[-3.678957,40.419994],[-3.678962,40.419977],[-3.678954,40.419976],[-3.678895,40.41997],[-3.678866,40.419967],[-3.678848,40.4202],[-3.679144,40.420212],[-3.679142,40.420232]]]},"properties":{"osmId":261988482,"osmType":"way","tags":{"building":"apartments"}}},{"type":"Feature","id":"osm-way-261988483","geometry":{"type":"Polygon","coordinates":[[[-3.678994,40.420442],[-3.67932,40.420458],[-3.679352,40.420431],[-3.679282,40.420239],[-3.679182,40.420234],[-3.679179,40.420254],[-3.679045,40.420248],[-3.679045,40.420227],[-3.679009,40.420225],[-3.679005,40.42029],[-3.679003,40.420315],[-3.679026,40.420316],[-3.679023,40.420354],[-3.679,40.420353],[-3.678999,40.420368],[-3.678994,40.420442]]]},"properties":{"osmId":261988483,"osmType":"way","tags":{"building":"apartments"}}},{"type":"Feature","id":"osm-way-261988485","geometry":{"type":"Polygon","coordinates":[[[-3.678205,40.420401],[-3.678449,40.420414],[-3.678454,40.420356],[-3.678463,40.420257],[-3.678468,40.420199],[-3.678222,40.420187],[-3.678219,40.420205],[-3.678215,40.420258],[-3.67821,40.420331],[-3.678205,40.420401]]]},"properties":{"osmId":261988485,"osmType":"way","tags":{"building":"office"}}},{"type":"Feature","id":"osm-way-261990916","geometry":{"type":"Polygon","coordinates":[[[-3.678016,40.420392],[-3.67802,40.420322],[-3.678044,40.420321],[-3.678051,40.420248],[-3.678027,40.420248],[-3.67803,40.420196],[-3.678219,40.420205],[-3.678215,40.420258],[-3.678192,40.420258],[-3.678185,40.420329],[-3.67821,40.420331],[-3.678205,40.420401],[-3.678016,40.420392]]]},"properties":{"osmId":261990916,"osmType":"way","tags":{"building":"apartments"}}},{"type":"Feature","id":"osm-way-261990917","geometry":{"type":"Polygon","coordinates":[[[-3.677895,40.420089],[-3.677888,40.420088],[-3.677741,40.420081],[-3.677727,40.42023],[-3.677826,40.420234],[-3.677832,40.420191],[-3.67791,40.420195],[-3.677903,40.420238],[-3.677997,40.420243],[-3.678013,40.420094],[-3.677921,40.42009],[-3.677917,40.420145],[-3.677839,40.420142],[-3.677843,40.420114],[-3.67789,40.420116],[-3.677895,40.420089]]]},"properties":{"osmId":261990917,"osmType":"way","tags":{"building":"apartments"}}},{"type":"Feature","id":"osm-way-261990918","geometry":{"type":"Polygon","coordinates":[[[-3.677826,40.420234],[-3.677727,40.42023],[-3.677715,40.420354],[-3.677753,40.420378],[-3.678016,40.420392],[-3.67802,40.420322],[-3.67799,40.420321],[-3.677997,40.420243],[-3.677903,40.420238],[-3.6779,40.42026],[-3.677822,40.420255],[-3.677826,40.420234]]]},"properties":{"osmId":261990918,"osmType":"way","tags":{"building":"apartments"}}},{"type":"Feature","id":"osm-way-261996017","geometry":{"type":"Polygon","coordinates":[[[-3.678069,40.419762],[-3.678068,40.419797],[-3.67804,40.419795],[-3.677997,40.419793],[-3.677999,40.419771],[-3.677866,40.419765],[-3.677864,40.419786],[-3.677774,40.419782],[-3.677786,40.419606],[-3.677826,40.419587],[-3.678014,40.419595],[-3.678036,40.419655],[-3.678009,40.419655],[-3.678003,40.41972],[-3.678043,40.419722],[-3.678039,40.41976],[-3.678069,40.419762]]]},"properties":{"osmId":261996017,"osmType":"way","tags":{"building":"apartments"}}},{"type":"Feature","id":"osm-way-261996018","geometry":{"type":"Polygon","coordinates":[[[-3.677933,40.419939],[-3.678026,40.419944],[-3.678013,40.420094],[-3.677921,40.42009],[-3.677924,40.420032],[-3.677847,40.420025],[-3.677844,40.420054],[-3.67789,40.420056],[-3.677888,40.420088],[-3.677741,40.420081],[-3.677756,40.41993],[-3.677856,40.419935],[-3.677851,40.41998],[-3.677927,40.419984],[-3.677933,40.419939]]]},"properties":{"osmId":261996018,"osmType":"way","tags":{"building":"apartments"}}},{"type":"Feature","id":"osm-way-261996019","geometry":{"type":"Polygon","coordinates":[[[-3.677933,40.419939],[-3.678026,40.419944],[-3.67804,40.419795],[-3.677997,40.419793],[-3.677947,40.419791],[-3.677942,40.419848],[-3.677864,40.419844],[-3.677867,40.419815],[-3.677917,40.419817],[-3.677919,40.419789],[-3.677864,40.419786],[-3.677774,40.419782],[-3.677756,40.41993],[-3.677856,40.419935],[-3.67786,40.419894],[-3.677939,40.419899],[-3.677933,40.419939]]]},"properties":{"osmId":261996019,"osmType":"way","tags":{"building":"apartments"}}},{"type":"Feature","id":"osm-way-262127950","geometry":{"type":"Polygon","coordinates":[[[-3.675339,40.417338],[-3.675224,40.417332],[-3.675177,40.417328],[-3.675183,40.417197],[-3.675217,40.417198],[-3.675219,40.417144],[-3.675185,40.417143],[-3.675191,40.417014],[-3.675356,40.417023],[-3.675349,40.417152],[-3.675314,40.417151],[-3.675311,40.417205],[-3.675346,40.417206],[-3.675339,40.417338]]]},"properties":{"osmId":262127950,"osmType":"way","tags":{"building":"apartments"}}},{"type":"Feature","id":"osm-way-262127951","geometry":{"type":"Polygon","coordinates":[[[-3.675177,40.417328],[-3.675013,40.417319],[-3.67502,40.417188],[-3.675054,40.417189],[-3.675056,40.417135],[-3.675023,40.417133],[-3.675028,40.417005],[-3.675191,40.417014],[-3.675185,40.417143],[-3.67515,40.417142],[-3.675147,40.417196],[-3.675183,40.417197],[-3.675177,40.417328]]]},"properties":{"osmId":262127951,"osmType":"way","tags":{"building":"apartments"}}},{"type":"Feature","id":"osm-way-262127952","geometry":{"type":"Polygon","coordinates":[[[-3.675013,40.417319],[-3.67502,40.417188],[-3.674927,40.417183],[-3.67493,40.417127],[-3.675023,40.417133],[-3.675028,40.417005],[-3.674847,40.416996],[-3.67483,40.417001],[-3.674817,40.417007],[-3.674811,40.417016],[-3.674789,40.417307],[-3.675013,40.417319]]]},"properties":{"osmId":262127952,"osmType":"way","tags":{"building":"apartments","building:levels":"7"}}},{"type":"Feature","id":"osm-way-262129256","geometry":{"type":"Polygon","coordinates":[[[-3.675543,40.417347],[-3.675339,40.417338],[-3.675346,40.417206],[-3.67538,40.417207],[-3.675383,40.417153],[-3.675349,40.417152],[-3.675356,40.417023],[-3.675556,40.417035],[-3.67555,40.417163],[-3.675478,40.417161],[-3.675477,40.417216],[-3.675548,40.417218],[-3.675543,40.417347]]]},"properties":{"osmId":262129256,"osmType":"way","tags":{"building":"apartments","building:levels":"7"}}},{"type":"Feature","id":"osm-way-262129258","geometry":{"type":"Polygon","coordinates":[[[-3.675752,40.417479],[-3.675536,40.417469],[-3.675541,40.417373],[-3.675543,40.417347],[-3.675546,40.417293],[-3.675568,40.417293],[-3.675571,40.417218],[-3.675548,40.417218],[-3.67555,40.417163],[-3.675556,40.417035],[-3.675659,40.417041],[-3.675786,40.417048],[-3.675771,40.417226],[-3.675746,40.417225],[-3.67574,40.417302],[-3.675765,40.417303],[-3.675752,40.417479]]]},"properties":{"osmId":262129258,"osmType":"way","tags":{"building":"apartments","building:levels":"7"}}},{"type":"Feature","id":"osm-way-262129260","geometry":{"type":"Polygon","coordinates":[[[-3.675827,40.417051],[-3.675928,40.417055],[-3.67591,40.417291],[-3.675808,40.417285],[-3.675827,40.417051]]]},"properties":{"osmId":262129260,"osmType":"way","tags":{"building":"apartments","building:levels":"7"}}},{"type":"Feature","id":"osm-way-262132808","geometry":{"type":"Polygon","coordinates":[[[-3.675145,40.417585],[-3.675157,40.417414],[-3.675131,40.417396],[-3.674776,40.417384],[-3.674766,40.417567],[-3.67487,40.417572],[-3.674872,40.417548],[-3.675053,40.417557],[-3.675051,40.41758],[-3.675145,40.417585]]]},"properties":{"osmId":262132808,"osmType":"way","tags":{"building":"apartments","building:levels":"6"}}},{"type":"Feature","id":"osm-way-262132809","geometry":{"type":"Polygon","coordinates":[[[-3.675137,40.417718],[-3.675145,40.417585],[-3.675051,40.41758],[-3.675049,40.417604],[-3.674868,40.417595],[-3.67487,40.417572],[-3.674766,40.417567],[-3.674762,40.417718],[-3.675114,40.41773],[-3.675137,40.417718]]]},"properties":{"osmId":262132809,"osmType":"way","tags":{"building":"apartments","building:levels":"6"}}},{"type":"Feature","id":"osm-way-262148234","geometry":{"type":"Polygon","coordinates":[[[-3.679549,40.420978],[-3.67942,40.420623],[-3.679382,40.420596],[-3.679142,40.420588],[-3.679104,40.420609],[-3.679069,40.421002],[-3.679111,40.421023],[-3.679522,40.421004],[-3.679549,40.420978]]]},"properties":{"osmId":262148234,"osmType":"way","tags":{"building":"apartments"}}},{"type":"Feature","id":"osm-way-262150709","geometry":{"type":"Polygon","coordinates":[[[-3.678917,40.420708],[-3.678924,40.420597],[-3.678894,40.420573],[-3.678752,40.420565],[-3.678744,40.420702],[-3.678917,40.420708]]]},"properties":{"osmId":262150709,"osmType":"way","tags":{"building":"apartments","addr:street":"Calle del Doctor Castelo","addr:housenumber":"3","addr:postcode":"28009"}}},{"type":"Feature","id":"osm-way-262151650","geometry":{"type":"Polygon","coordinates":[[[-3.67858,40.420559],[-3.678752,40.420565],[-3.678744,40.420702],[-3.678742,40.420738],[-3.678737,40.420762],[-3.678733,40.420814],[-3.67873,40.420861],[-3.678615,40.420858],[-3.678617,40.420782],[-3.678559,40.420777],[-3.67858,40.420559]]]},"properties":{"osmId":262151650,"osmType":"way","tags":{"building":"apartments","addr:street":"Calle del Doctor Castelo","addr:housenumber":"5","addr:postcode":"28009"}}},{"type":"Feature","id":"osm-way-262151729","geometry":{"type":"Polygon","coordinates":[[[-3.678411,40.420551],[-3.67858,40.420559],[-3.678559,40.420777],[-3.678556,40.420807],[-3.678387,40.420802],[-3.678411,40.420551]]]},"properties":{"osmId":262151729,"osmType":"way","tags":{"building":"apartments","addr:street":"Calle del Doctor Castelo","addr:housenumber":"7","addr:postcode":"28009"}}},{"type":"Feature","id":"osm-way-262156541","geometry":{"type":"Polygon","coordinates":[[[-3.677735,40.420516],[-3.677949,40.420529],[-3.677939,40.420641],[-3.677694,40.420632],[-3.677701,40.420538],[-3.677735,40.420516]]]},"properties":{"osmId":262156541,"osmType":"way","tags":{"building":"apartments","addr:street":"Calle del Doctor Castelo","addr:housenumber":"15","addr:postcode":"28009"}}},{"type":"Feature","id":"osm-way-262156543","geometry":{"type":"Polygon","coordinates":[[[-3.677949,40.420529],[-3.678073,40.420534],[-3.678054,40.420751],[-3.677929,40.420747],[-3.677939,40.420641],[-3.677949,40.420529]]]},"properties":{"osmId":262156543,"osmType":"way","tags":{"building":"apartments","addr:street":"Calle del Doctor Castelo","addr:housenumber":"13","addr:postcode":"28009"}}},{"type":"Feature","id":"osm-way-262156545","geometry":{"type":"Polygon","coordinates":[[[-3.678073,40.420534],[-3.67824,40.420542],[-3.67822,40.420792],[-3.678052,40.420785],[-3.678054,40.420751],[-3.678073,40.420534]]]},"properties":{"osmId":262156545,"osmType":"way","tags":{"building":"apartments","addr:street":"Calle del Doctor Castelo","addr:housenumber":"11","addr:postcode":"28009"}}},{"type":"Feature","id":"osm-way-262156548","geometry":{"type":"Polygon","coordinates":[[[-3.67824,40.420542],[-3.678411,40.420551],[-3.678387,40.420802],[-3.67822,40.420792],[-3.67824,40.420542]]]},"properties":{"osmId":262156548,"osmType":"way","tags":{"building":"apartments","addr:street":"Calle del Doctor Castelo","addr:housenumber":"9","addr:postcode":"28009"}}},{"type":"Feature","id":"osm-way-262159512","geometry":{"type":"Polygon","coordinates":[[[-3.678616,40.419623],[-3.678802,40.419631],[-3.678792,40.419793],[-3.678798,40.419862],[-3.678594,40.419853],[-3.678603,40.419763],[-3.678644,40.419765],[-3.678648,40.419722],[-3.678607,40.41972],[-3.678616,40.419623]]]},"properties":{"osmId":262159512,"osmType":"way","tags":{"building":"office"}}},{"type":"Feature","id":"osm-way-262159513","geometry":{"type":"Polygon","coordinates":[[[-3.678259,40.419727],[-3.678262,40.419607],[-3.678014,40.419595],[-3.678036,40.419655],[-3.678043,40.419673],[-3.6781,40.419674],[-3.678097,40.419719],[-3.678062,40.419723],[-3.678073,40.419749],[-3.678081,40.419748],[-3.678259,40.419727]]]},"properties":{"osmId":262159513,"osmType":"way","tags":{"building":"apartments"}}},{"type":"Feature","id":"osm-way-262159777","geometry":{"type":"Polygon","coordinates":[[[-3.67808,40.419763],[-3.678069,40.419762],[-3.678068,40.419797],[-3.678066,40.419827],[-3.67808,40.419827],[-3.678081,40.419838],[-3.67858,40.419861],[-3.678582,40.419851],[-3.678594,40.419853],[-3.678603,40.419763],[-3.678607,40.41972],[-3.678616,40.419623],[-3.678394,40.419613],[-3.678384,40.419714],[-3.678393,40.419714],[-3.678389,40.41975],[-3.678338,40.419748],[-3.67834,40.419721],[-3.678259,40.419734],[-3.678259,40.419727],[-3.678081,40.419748],[-3.67808,40.419763]]]},"properties":{"osmId":262159777,"osmType":"way","tags":{"building":"apartments"}}},{"type":"Feature","id":"osm-way-262159883","geometry":{"type":"Polygon","coordinates":[[[-3.678262,40.419607],[-3.678259,40.419727],[-3.678259,40.419734],[-3.67834,40.419721],[-3.678384,40.419714],[-3.678394,40.419613],[-3.678262,40.419607]]]},"properties":{"osmId":262159883,"osmType":"way","tags":{"building":"apartments"}}},{"type":"Feature","id":"osm-way-262166780","geometry":{"type":"Polygon","coordinates":[[[-3.677668,40.420887],[-3.677678,40.420755],[-3.677848,40.420761],[-3.678023,40.420768],[-3.678014,40.420906],[-3.677668,40.420887]]]},"properties":{"osmId":262166780,"osmType":"way","tags":{"building":"apartments","addr:street":"Calle Lope de Rueda","addr:housenumber":"30","addr:postcode":"28009"}}},{"type":"Feature","id":"osm-way-262166781","geometry":{"type":"Polygon","coordinates":[[[-3.677678,40.420755],[-3.677694,40.420632],[-3.677939,40.420641],[-3.677929,40.420747],[-3.677857,40.420742],[-3.677848,40.420761],[-3.677678,40.420755]]]},"properties":{"osmId":262166781,"osmType":"way","tags":{"building":"apartments","addr:street":"Calle Lope de Rueda","addr:housenumber":"32","addr:postcode":"28009"}}},{"type":"Feature","id":"osm-way-262166782","geometry":{"type":"Polygon","coordinates":[[[-3.67765,40.421066],[-3.677668,40.420887],[-3.678014,40.420906],[-3.678003,40.421077],[-3.677849,40.421074],[-3.67765,40.421066]]]},"properties":{"osmId":262166782,"osmType":"way","tags":{"building":"apartments","addr:street":"Calle Lope de Rueda","addr:housenumber":"28","addr:postcode":"28009"}}},{"type":"Feature","id":"osm-way-262166795","geometry":{"type":"Polygon","coordinates":[[[-3.678872,40.42127],[-3.678616,40.421256],[-3.678557,40.421252],[-3.678535,40.42152],[-3.678813,40.421533],[-3.67885,40.42151],[-3.678872,40.42127]]]},"properties":{"osmId":262166795,"osmType":"way","tags":{"building":"apartments","addr:street":"Calle de Antonio Acuña","addr:housenumber":"19","addr:postcode":"28009"}}},{"type":"Feature","id":"osm-way-262166796","geometry":{"type":"Polygon","coordinates":[[[-3.678256,40.421239],[-3.678557,40.421252],[-3.678535,40.42152],[-3.678238,40.421508],[-3.678256,40.421239]]]},"properties":{"osmId":262166796,"osmType":"way","tags":{"building":"apartments","addr:street":"Calle de O'Donnell","addr:housenumber":"8","addr:postcode":"28009"}}},{"type":"Feature","id":"osm-way-262166797","geometry":{"type":"Polygon","coordinates":[[[-3.67804,40.421226],[-3.678256,40.421239],[-3.678238,40.421508],[-3.67802,40.421498],[-3.67804,40.421226]]]},"properties":{"osmId":262166797,"osmType":"way","tags":{"building":"apartments","addr:street":"Calle de O'Donnell","addr:housenumber":"10","addr:postcode":"28009"}}},{"type":"Feature","id":"osm-way-262166866","geometry":{"type":"Polygon","coordinates":[[[-3.677818,40.421489],[-3.677647,40.421482],[-3.677649,40.421457],[-3.677617,40.421453],[-3.677633,40.421248],[-3.677839,40.421257],[-3.677818,40.421489]]]},"properties":{"osmId":262166866,"osmType":"way","tags":{"building":"apartments","addr:street":"Calle de O'Donnell","addr:housenumber":"14","addr:postcode":"28009"}}},{"type":"Feature","id":"osm-way-262166867","geometry":{"type":"Polygon","coordinates":[[[-3.677633,40.421248],[-3.67765,40.421066],[-3.677849,40.421074],[-3.677839,40.421257],[-3.677633,40.421248]]]},"properties":{"osmId":262166867,"osmType":"way","tags":{"building":"apartments","addr:street":"Calle Lope de Rueda","addr:housenumber":"26","addr:postcode":"28009"}}},{"type":"Feature","id":"osm-way-262166868","geometry":{"type":"Polygon","coordinates":[[[-3.678003,40.421077],[-3.678016,40.421077],[-3.678014,40.421184],[-3.677969,40.421186],[-3.677967,40.421224],[-3.67804,40.421226],[-3.67802,40.421498],[-3.677818,40.421489],[-3.677839,40.421257],[-3.677849,40.421074],[-3.678003,40.421077]]]},"properties":{"osmId":262166868,"osmType":"way","tags":{"building":"office","addr:street":"Calle de O'Donnell","addr:housenumber":"12","addr:postcode":"28009"}}},{"type":"Feature","id":"osm-way-262290744","geometry":{"type":"Polygon","coordinates":[[[-3.6761,40.417845],[-3.676128,40.417522],[-3.67594,40.417515],[-3.675914,40.417514],[-3.675888,40.417836],[-3.675946,40.417839],[-3.6761,40.417845]]]},"properties":{"osmId":262290744,"osmType":"way","tags":{"building":"apartments","building:levels":"8","addr:street":"Calle de Narváez","addr:housenumber":"57","addr:postcode":"28009"}}},{"type":"Feature","id":"osm-way-262293862","geometry":{"type":"Polygon","coordinates":[[[-3.67334,40.41937],[-3.67313,40.419359],[-3.673112,40.419372],[-3.673093,40.419385],[-3.67307,40.419671],[-3.673316,40.419685],[-3.67334,40.41937]]]},"properties":{"osmId":262293862,"osmType":"way","tags":{"building":"apartments"}}},{"type":"Feature","id":"osm-way-262293863","geometry":{"type":"Polygon","coordinates":[[[-3.673492,40.419377],[-3.67334,40.41937],[-3.673316,40.419685],[-3.673371,40.419687],[-3.673378,40.4196],[-3.673473,40.419605],[-3.673492,40.419377]]]},"properties":{"osmId":262293863,"osmType":"way","tags":{"building":"apartments"}}},{"type":"Feature","id":"osm-way-262293993","geometry":{"type":"Polygon","coordinates":[[[-3.673898,40.419397],[-3.673697,40.419387],[-3.673672,40.419657],[-3.673878,40.419666],[-3.673898,40.419397]]]},"properties":{"osmId":262293993,"osmType":"way","tags":{"building":"apartments"}}},{"type":"Feature","id":"osm-way-262293994","geometry":{"type":"Polygon","coordinates":[[[-3.673697,40.419387],[-3.673492,40.419377],[-3.673473,40.419605],[-3.673469,40.419647],[-3.673672,40.419657],[-3.673697,40.419387]]]},"properties":{"osmId":262293994,"osmType":"way","tags":{"building":"apartments"}}},{"type":"Feature","id":"osm-way-262294352","geometry":{"type":"Polygon","coordinates":[[[-3.674064,40.418933],[-3.673935,40.418927],[-3.673501,40.418906],[-3.673506,40.41861],[-3.674086,40.418635],[-3.674064,40.418933]]]},"properties":{"osmId":262294352,"osmType":"way","tags":{"building":"garage"}}},{"type":"Feature","id":"osm-way-262294354","geometry":{"type":"Polygon","coordinates":[[[-3.674109,40.419408],[-3.673898,40.419397],[-3.673878,40.419666],[-3.674088,40.419676],[-3.674094,40.41959],[-3.674102,40.419489],[-3.674109,40.419408]]]},"properties":{"osmId":262294354,"osmType":"way","tags":{"building":"apartments"}}},{"type":"Feature","id":"osm-way-262296580","geometry":{"type":"Polygon","coordinates":[[[-3.674404,40.420158],[-3.674403,40.420187],[-3.674366,40.420211],[-3.674261,40.420206],[-3.674315,40.420073],[-3.67441,40.420068],[-3.674404,40.420158]]]},"properties":{"osmId":262296580,"osmType":"way","tags":{"building":"apartments"}}},{"type":"Feature","id":"osm-way-262296581","geometry":{"type":"Polygon","coordinates":[[[-3.674427,40.419858],[-3.67444,40.419694],[-3.674338,40.419689],[-3.674193,40.419682],[-3.674088,40.419676],[-3.674079,40.419786],[-3.674166,40.41979],[-3.674162,40.419844],[-3.674427,40.419858]]]},"properties":{"osmId":262296581,"osmType":"way","tags":{"building":"apartments"}}},{"type":"Feature","id":"osm-way-262296582","geometry":{"type":"Polygon","coordinates":[[[-3.67413,40.420199],[-3.674157,40.419901],[-3.674162,40.419844],[-3.674427,40.419858],[-3.67441,40.420068],[-3.674315,40.420073],[-3.674261,40.420206],[-3.67413,40.420199]]]},"properties":{"osmId":262296582,"osmType":"way","tags":{"building":"apartments"}}},{"type":"Feature","id":"osm-way-262297259","geometry":{"type":"Polygon","coordinates":[[[-3.673224,40.420153],[-3.673228,40.419985],[-3.67324,40.419841],[-3.673409,40.419871],[-3.673449,40.41988],[-3.673424,40.420164],[-3.673224,40.420153]]]},"properties":{"osmId":262297259,"osmType":"way","tags":{"building":"apartments"}}},{"type":"Feature","id":"osm-way-262297260","geometry":{"type":"Polygon","coordinates":[[[-3.673045,40.419975],[-3.673228,40.419985],[-3.673224,40.420153],[-3.67306,40.420146],[-3.673034,40.420119],[-3.673045,40.419975]]]},"properties":{"osmId":262297260,"osmType":"way","tags":{"building":"apartments"}}},{"type":"Feature","id":"osm-way-262297261","geometry":{"type":"Polygon","coordinates":[[[-3.673449,40.41988],[-3.673626,40.419885],[-3.673601,40.420173],[-3.673424,40.420164],[-3.673449,40.41988]]]},"properties":{"osmId":262297261,"osmType":"way","tags":{"building":"apartments","addr:street":"Calle del Doctor Castelo","addr:housenumber":"48","addr:postcode":"28009"}}},{"type":"Feature","id":"osm-way-262297262","geometry":{"type":"Polygon","coordinates":[[[-3.673601,40.420173],[-3.673777,40.420181],[-3.673801,40.419892],[-3.673626,40.419885],[-3.673601,40.420173]]]},"properties":{"osmId":262297262,"osmType":"way","tags":{"building":"apartments"}}},{"type":"Feature","id":"osm-way-262297263","geometry":{"type":"Polygon","coordinates":[[[-3.673777,40.420181],[-3.673953,40.420191],[-3.673978,40.419893],[-3.673801,40.419892],[-3.673777,40.420181]]]},"properties":{"osmId":262297263,"osmType":"way","tags":{"building":"apartments"}}},{"type":"Feature","id":"osm-way-262297264","geometry":{"type":"Polygon","coordinates":[[[-3.673978,40.419893],[-3.674157,40.419901],[-3.67413,40.420199],[-3.673953,40.420191],[-3.673978,40.419893]]]},"properties":{"osmId":262297264,"osmType":"way","tags":{"building":"apartments"}}},{"type":"Feature","id":"osm-way-262297429","geometry":{"type":"Polygon","coordinates":[[[-3.673052,40.419886],[-3.673045,40.419975],[-3.673228,40.419985],[-3.67324,40.419841],[-3.673059,40.419808],[-3.673052,40.419886]]]},"properties":{"osmId":262297429,"osmType":"way","tags":{"building":"apartments"}}},{"type":"Feature","id":"osm-way-262297430","geometry":{"type":"Polygon","coordinates":[[[-3.673059,40.419808],[-3.67307,40.419671],[-3.673316,40.419685],[-3.673371,40.419687],[-3.673424,40.419689],[-3.673409,40.419871],[-3.67324,40.419841],[-3.673059,40.419808]]]},"properties":{"osmId":262297430,"osmType":"way","tags":{"building":"apartments"}}},{"type":"Feature","id":"osm-way-262298649","geometry":{"type":"Polygon","coordinates":[[[-3.677614,40.419598],[-3.677584,40.419569],[-3.677444,40.419563],[-3.677441,40.419647],[-3.677492,40.419651],[-3.67749,40.419686],[-3.677438,40.419685],[-3.677436,40.419717],[-3.677477,40.419722],[-3.677526,40.419726],[-3.677603,40.419732],[-3.677609,40.419667],[-3.677614,40.419598]]]},"properties":{"osmId":262298649,"osmType":"way","tags":{"building":"public"}}},{"type":"Feature","id":"osm-way-262298651","geometry":{"type":"Polygon","coordinates":[[[-3.677603,40.419732],[-3.677526,40.419726],[-3.677522,40.419747],[-3.677515,40.419751],[-3.677481,40.419749],[-3.677475,40.419742],[-3.677477,40.419722],[-3.677436,40.419717],[-3.677434,40.41977],[-3.67747,40.419771],[-3.67747,40.419778],[-3.677486,40.419779],[-3.677485,40.419799],[-3.677432,40.419796],[-3.677427,40.419851],[-3.677464,40.419853],[-3.677467,40.419852],[-3.677467,40.419836],[-3.677516,40.419838],[-3.677514,40.419856],[-3.677592,40.41986],[-3.677598,40.419788],[-3.677603,40.419732]]]},"properties":{"osmId":262298651,"osmType":"way","tags":{"building":"apartments"}}},{"type":"Feature","id":"osm-way-262298653","geometry":{"type":"Polygon","coordinates":[[[-3.677573,40.420039],[-3.677567,40.420115],[-3.677562,40.420171],[-3.677468,40.420167],[-3.677457,40.420166],[-3.677461,40.420108],[-3.677438,40.420107],[-3.677432,40.420164],[-3.677411,40.420163],[-3.677394,40.420162],[-3.677399,40.420117],[-3.677403,40.420078],[-3.677407,40.42003],[-3.677445,40.420032],[-3.677439,40.420096],[-3.677462,40.420096],[-3.67747,40.420034],[-3.677481,40.420034],[-3.677573,40.420039]]]},"properties":{"osmId":262298653,"osmType":"way","tags":{"building":"apartments"}}},{"type":"Feature","id":"osm-way-262475842","geometry":{"type":"Polygon","coordinates":[[[-3.670741,40.41814],[-3.670251,40.418118],[-3.670246,40.418168],[-3.670241,40.418227],[-3.670341,40.418233],[-3.67034,40.418258],[-3.670631,40.418271],[-3.670633,40.418246],[-3.670728,40.418251],[-3.670741,40.41814]]]},"properties":{"osmId":262475842,"osmType":"way","tags":{"building":"hospital"}}},{"type":"Feature","id":"osm-way-262476349","geometry":{"type":"Polygon","coordinates":[[[-3.672438,40.418506],[-3.672263,40.418498],[-3.672256,40.418604],[-3.672444,40.418612],[-3.672562,40.418617],[-3.672886,40.418631],[-3.672913,40.418253],[-3.672776,40.418247],[-3.672769,40.418333],[-3.672511,40.418322],[-3.672511,40.418319],[-3.672286,40.418309],[-3.672292,40.418224],[-3.672156,40.418219],[-3.672149,40.418304],[-3.672114,40.418302],[-3.672116,40.418268],[-3.672061,40.418266],[-3.672048,40.418253],[-3.67202,40.418273],[-3.671961,40.41827],[-3.671952,40.418402],[-3.672444,40.418422],[-3.672438,40.418506]]]},"properties":{"osmId":262476349,"osmType":"way","tags":{"building":"hospital","building:levels":"3","addr:street":"Calle de Ibiza","addr:housenumber":"43","addr:postcode":"28009"}}},{"type":"Feature","id":"osm-way-262476542","geometry":{"type":"Polygon","coordinates":[[[-3.672543,40.419047],[-3.672572,40.418678],[-3.672557,40.418678],[-3.672562,40.418617],[-3.672444,40.418612],[-3.672439,40.418672],[-3.672433,40.418671],[-3.672429,40.41872],[-3.672414,40.418906],[-3.672377,40.418904],[-3.672395,40.418677],[-3.672249,40.418671],[-3.672223,40.41899],[-3.672369,40.418997],[-3.672374,40.418933],[-3.672411,40.418935],[-3.672408,40.418969],[-3.672402,40.419041],[-3.672543,40.419047]]]},"properties":{"osmId":262476542,"osmType":"way","tags":{"building":"hospital"}}},{"type":"Feature","id":"osm-way-262476907","geometry":{"type":"Polygon","coordinates":[[[-3.672794,40.41906],[-3.672602,40.41905],[-3.672621,40.418816],[-3.672718,40.41882],[-3.672719,40.418786],[-3.672713,40.418786],[-3.672715,40.418764],[-3.672605,40.418758],[-3.672615,40.418649],[-3.672898,40.418663],[-3.672887,40.418773],[-3.672791,40.418768],[-3.672786,40.418823],[-3.672814,40.418825],[-3.672794,40.41906]]]},"properties":{"osmId":262476907,"osmType":"way","tags":{"building":"hospital"}}},{"type":"Feature","id":"osm-way-262478444","geometry":{"type":"Polygon","coordinates":[[[-3.672884,40.420032],[-3.672647,40.42002],[-3.672649,40.419992],[-3.672525,40.419985],[-3.672526,40.419957],[-3.672519,40.419958],[-3.672351,40.419948],[-3.672293,40.419947],[-3.67229,40.419975],[-3.672208,40.419971],[-3.672205,40.42],[-3.672048,40.419992],[-3.672049,40.419961],[-3.671959,40.419956],[-3.671951,40.420093],[-3.672844,40.420136],[-3.672849,40.420082],[-3.672879,40.420085],[-3.672884,40.420032]]]},"properties":{"osmId":262478444,"osmType":"way","tags":{"building":"hospital","addr:street":"Calle de Doctor Esquerdo","addr:housenumber":"46","addr:postcode":"28007"}}},{"type":"Feature","id":"osm-way-262478733","geometry":{"type":"Polygon","coordinates":[[[-3.67291,40.419422],[-3.672775,40.419579],[-3.67275,40.419607],[-3.672745,40.41967],[-3.672765,40.419704],[-3.672837,40.419814],[-3.67274,40.419852],[-3.672628,40.419682],[-3.672546,40.41968],[-3.672519,40.419958],[-3.672351,40.419948],[-3.672357,40.419881],[-3.672366,40.419687],[-3.672373,40.41962],[-3.672403,40.419289],[-3.672578,40.419297],[-3.672555,40.419582],[-3.672637,40.419585],[-3.672818,40.419375],[-3.67291,40.419422]]]},"properties":{"osmId":262478733,"osmType":"way","tags":{"building":"hospital"}}},{"type":"Feature","id":"osm-way-262478769","geometry":{"type":"Polygon","coordinates":[[[-3.671571,40.420078],[-3.671595,40.419733],[-3.671434,40.419725],[-3.671426,40.419794],[-3.671152,40.419786],[-3.671105,40.419842],[-3.671099,40.420051],[-3.671316,40.420061],[-3.671322,40.419943],[-3.671349,40.419978],[-3.671373,40.420004],[-3.671402,40.420033],[-3.671437,40.420057],[-3.67148,40.420074],[-3.671534,40.42008],[-3.671571,40.420078]]]},"properties":{"osmId":262478769,"osmType":"way","tags":{"building":"hospital"}}},{"type":"Feature","id":"osm-way-262478822","geometry":{"type":"Polygon","coordinates":[[[-3.670649,40.419821],[-3.671105,40.419842],[-3.671152,40.419786],[-3.671157,40.419746],[-3.670655,40.419723],[-3.670655,40.419734],[-3.670649,40.419821]]]},"properties":{"osmId":262478822,"osmType":"way","tags":{"building":"hospital"}}},{"type":"Feature","id":"osm-way-262478878","geometry":{"type":"Polygon","coordinates":[[[-3.669842,40.419997],[-3.670624,40.420034],[-3.670649,40.419821],[-3.670655,40.419734],[-3.66987,40.419694],[-3.669842,40.419997]]]},"properties":{"osmId":262478878,"osmType":"way","tags":{"building":"hospital"}}},{"type":"Feature","id":"osm-way-262479261","geometry":{"type":"Polygon","coordinates":[[[-3.671003,40.419445],[-3.670681,40.419665],[-3.670595,40.419592],[-3.670917,40.419369],[-3.671003,40.419445]]]},"properties":{"osmId":262479261,"osmType":"way","tags":{"building":"hospital"}}},{"type":"Feature","id":"osm-way-262479634","geometry":{"type":"Polygon","coordinates":[[[-3.670268,40.419459],[-3.670255,40.419596],[-3.669868,40.419577],[-3.669878,40.419439],[-3.670268,40.419459]]]},"properties":{"osmId":262479634,"osmType":"way","tags":{"building":"public"}}},{"type":"Feature","id":"osm-way-262479635","geometry":{"type":"Polygon","coordinates":[[[-3.67271,40.421185],[-3.672792,40.420337],[-3.672761,40.420336],[-3.672766,40.420294],[-3.67277,40.420257],[-3.672751,40.420257],[-3.672065,40.420223],[-3.672061,40.42027],[-3.671893,40.420262],[-3.671826,40.421152],[-3.67199,40.421158],[-3.672685,40.421184],[-3.67271,40.421185]]]},"properties":{"osmId":262479635,"osmType":"way","tags":{"building":"hospital"}}},{"type":"Feature","id":"osm-way-262479825","geometry":{"type":"Polygon","coordinates":[[[-3.670311,40.418489],[-3.670278,40.418481],[-3.670236,40.41846],[-3.670203,40.41844],[-3.670174,40.418414],[-3.670144,40.418385],[-3.670123,40.418356],[-3.670064,40.418354],[-3.670053,40.418456],[-3.670096,40.418465],[-3.670092,40.418558],[-3.670091,40.418587],[-3.670048,40.418587],[-3.670005,40.418571],[-3.669975,40.418548],[-3.669962,40.418524],[-3.66997,40.418407],[-3.669932,40.418407],[-3.669919,40.418442],[-3.669915,40.418497],[-3.669915,40.418542],[-3.669942,40.4186],[-3.669962,40.418617],[-3.669943,40.418904],[-3.6701,40.418912],[-3.67025,40.418813],[-3.670543,40.418827],[-3.670633,40.418832],[-3.670627,40.418819],[-3.670622,40.418779],[-3.670628,40.418739],[-3.670647,40.418701],[-3.670677,40.418667],[-3.6707,40.418651],[-3.670297,40.418634],[-3.670303,40.418571],[-3.670311,40.418489]]]},"properties":{"osmId":262479825,"osmType":"way","tags":{"building":"hospital"}}},{"type":"Feature","id":"osm-way-262480031","geometry":{"type":"Polygon","coordinates":[[[-3.670927,40.41908],[-3.670979,40.419084],[-3.670986,40.41902],[-3.67106,40.419025],[-3.671076,40.418801],[-3.671076,40.418761],[-3.671083,40.418633],[-3.671177,40.418636],[-3.671166,40.418702],[-3.671547,40.418722],[-3.671555,40.418644],[-3.671623,40.418648],[-3.671611,40.418727],[-3.671752,40.418733],[-3.671761,40.418674],[-3.671842,40.418669],[-3.672161,40.418694],[-3.672124,40.419051],[-3.672095,40.419049],[-3.672094,40.419082],[-3.67197,40.419073],[-3.671943,40.419057],[-3.671945,40.419043],[-3.671357,40.419013],[-3.671356,40.419035],[-3.671471,40.419041],[-3.671482,40.419032],[-3.671517,40.419052],[-3.671527,40.419042],[-3.671563,40.41906],[-3.671574,40.419043],[-3.671609,40.41906],[-3.67162,40.419046],[-3.671654,40.419063],[-3.671667,40.419047],[-3.6717,40.419064],[-3.671711,40.419051],[-3.671745,40.419066],[-3.671757,40.419053],[-3.671794,40.419072],[-3.671804,40.419055],[-3.671841,40.419073],[-3.671849,40.419058],[-3.671887,40.419073],[-3.6719,40.41906],[-3.671967,40.419094],[-3.671935,40.419132],[-3.671958,40.419196],[-3.671888,40.419228],[-3.67188,40.419211],[-3.671845,40.419226],[-3.671837,40.419208],[-3.671799,40.419222],[-3.671786,40.41921],[-3.671748,40.419224],[-3.671738,40.41921],[-3.671703,40.419222],[-3.671695,40.419208],[-3.671657,40.419218],[-3.671638,40.419204],[-3.671606,40.419218],[-3.671595,40.419204],[-3.671566,40.419214],[-3.671552,40.419198],[-3.671517,40.419207],[-3.671503,40.419194],[-3.671497,40.419196],[-3.671397,40.419234],[-3.671335,40.419151],[-3.671197,40.4192],[-3.671177,40.419173],[-3.670971,40.419176],[-3.67097,40.419114],[-3.670925,40.419115],[-3.670926,40.419094],[-3.670927,40.41908]]]},"properties":{"osmId":262480031,"osmType":"way","tags":{"building":"hospital"}}},{"type":"Feature","id":"osm-way-262480090","geometry":{"type":"Polygon","coordinates":[[[-3.671511,40.419399],[-3.671367,40.419457],[-3.671197,40.4192],[-3.671335,40.419151],[-3.671397,40.419234],[-3.671511,40.419399]]]},"properties":{"osmId":262480090,"osmType":"way","tags":{"building":"hospital"}}},{"type":"Feature","id":"osm-way-262480338","geometry":{"type":"Polygon","coordinates":[[[-3.669813,40.419127],[-3.66982,40.419041],[-3.669825,40.418963],[-3.669916,40.418965],[-3.669935,40.418965],[-3.669943,40.418904],[-3.6701,40.418912],[-3.67025,40.418813],[-3.670543,40.418827],[-3.67053,40.418983],[-3.67055,40.419],[-3.670717,40.419006],[-3.670715,40.419024],[-3.670748,40.419025],[-3.670759,40.41894],[-3.670713,40.418919],[-3.670674,40.418891],[-3.670645,40.418857],[-3.670633,40.418832],[-3.670627,40.418819],[-3.670622,40.418779],[-3.670628,40.418739],[-3.670647,40.418701],[-3.670677,40.418667],[-3.6707,40.418651],[-3.670716,40.41864],[-3.670763,40.41862],[-3.670814,40.418609],[-3.670867,40.418607],[-3.670919,40.418615],[-3.670968,40.418632],[-3.671009,40.418656],[-3.671042,40.418687],[-3.671065,40.418723],[-3.671076,40.418761],[-3.671076,40.418801],[-3.671064,40.41884],[-3.67104,40.418875],[-3.671007,40.418906],[-3.670966,40.41893],[-3.670918,40.418946],[-3.670916,40.418961],[-3.670914,40.419014],[-3.670932,40.419015],[-3.670927,40.41908],[-3.670926,40.419094],[-3.670925,40.419115],[-3.670921,40.419178],[-3.670899,40.419177],[-3.670893,40.419238],[-3.670733,40.419232],[-3.670737,40.419168],[-3.670738,40.419152],[-3.670704,40.41915],[-3.670703,40.419166],[-3.670534,40.419158],[-3.670532,40.419172],[-3.670513,40.419172],[-3.670504,40.419299],[-3.670481,40.419299],[-3.67048,40.419325],[-3.670584,40.41933],[-3.670574,40.419455],[-3.670493,40.41945],[-3.670492,40.419466],[-3.670278,40.419457],[-3.670279,40.41944],[-3.670133,40.419433],[-3.669913,40.419243],[-3.669923,40.41913],[-3.6699,40.41913],[-3.669813,40.419127]]]},"properties":{"osmId":262480338,"osmType":"way","tags":{"building":"hospital"}}},{"type":"Feature","id":"osm-way-262480796","geometry":{"type":"Polygon","coordinates":[[[-3.671075,40.420334],[-3.671073,40.420356],[-3.671145,40.420359],[-3.671143,40.420385],[-3.67121,40.420388],[-3.671213,40.420364],[-3.671287,40.420368],[-3.671289,40.420346],[-3.671474,40.420355],[-3.671472,40.420375],[-3.671577,40.42038],[-3.671587,40.420263],[-3.671486,40.420258],[-3.671484,40.42028],[-3.671297,40.42027],[-3.671298,40.420254],[-3.671227,40.420251],[-3.671228,40.420245],[-3.671146,40.420241],[-3.671146,40.420246],[-3.671081,40.420243],[-3.67108,40.420258],[-3.670889,40.420248],[-3.670891,40.420229],[-3.670787,40.420224],[-3.670777,40.420342],[-3.670879,40.420347],[-3.670881,40.420324],[-3.671075,40.420334]]]},"properties":{"osmId":262480796,"osmType":"way","tags":{"building":"hospital"}}},{"type":"Feature","id":"osm-way-262481081","geometry":{"type":"Polygon","coordinates":[[[-3.671487,40.41824],[-3.671612,40.418246],[-3.671661,40.418194],[-3.671492,40.418185],[-3.671487,40.41824]]]},"properties":{"osmId":262481081,"osmType":"way","tags":{"building":"public"}}},{"type":"Feature","id":"osm-way-262481082","geometry":{"type":"Polygon","coordinates":[[[-3.671382,40.418237],[-3.671385,40.418178],[-3.671226,40.418167],[-3.671258,40.418231],[-3.671295,40.418233],[-3.671382,40.418237]]]},"properties":{"osmId":262481082,"osmType":"way","tags":{"building":"public"}}},{"type":"Feature","id":"osm-way-262481753","geometry":{"type":"Polygon","coordinates":[[[-3.673849,40.418595],[-3.673854,40.418535],[-3.673813,40.418533],[-3.673818,40.418478],[-3.673859,40.418479],[-3.673864,40.418406],[-3.673823,40.418404],[-3.673826,40.418359],[-3.673867,40.41836],[-3.673872,40.418288],[-3.673604,40.418275],[-3.673584,40.418563],[-3.673583,40.418583],[-3.673849,40.418595]]]},"properties":{"osmId":262481753,"osmType":"way","tags":{"building":"apartments"}}},{"type":"Feature","id":"osm-way-262481895","geometry":{"type":"Polygon","coordinates":[[[-3.674522,40.418589],[-3.674536,40.418388],[-3.674539,40.418344],[-3.674521,40.418329],[-3.67451,40.418318],[-3.674143,40.4183],[-3.674124,40.41857],[-3.674173,40.418572],[-3.674176,40.418528],[-3.674231,40.418531],[-3.674227,40.418575],[-3.674282,40.418578],[-3.674412,40.418584],[-3.674522,40.418589]]]},"properties":{"osmId":262481895,"osmType":"way","tags":{"building":"apartments","building:levels":"7"}}},{"type":"Feature","id":"osm-way-262482220","geometry":{"type":"Polygon","coordinates":[[[-3.6747,40.41856],[-3.674831,40.418567],[-3.675105,40.41858],[-3.675093,40.418745],[-3.674689,40.418726],[-3.6747,40.41856]]]},"properties":{"osmId":262482220,"osmType":"way","tags":{"building":"apartments"}}},{"type":"Feature","id":"osm-way-262482221","geometry":{"type":"Polygon","coordinates":[[[-3.674689,40.418726],[-3.675093,40.418745],[-3.67508,40.418909],[-3.674678,40.418891],[-3.674689,40.418726]]]},"properties":{"osmId":262482221,"osmType":"way","tags":{"building":"apartments"}}},{"type":"Feature","id":"osm-way-262482222","geometry":{"type":"Polygon","coordinates":[[[-3.674918,40.419312],[-3.674714,40.419303],[-3.674685,40.419292],[-3.674664,40.419275],[-3.674653,40.419256],[-3.674666,40.419057],[-3.674936,40.419069],[-3.674933,40.419103],[-3.674903,40.419102],[-3.674893,40.419237],[-3.674923,40.419238],[-3.674918,40.419312]]]},"properties":{"osmId":262482222,"osmType":"way","tags":{"building":"apartments"}}},{"type":"Feature","id":"osm-way-262482223","geometry":{"type":"Polygon","coordinates":[[[-3.674678,40.418891],[-3.67508,40.418909],[-3.675068,40.419076],[-3.674971,40.419071],[-3.674974,40.419025],[-3.674939,40.419023],[-3.674936,40.419069],[-3.674666,40.419057],[-3.674678,40.418891]]]},"properties":{"osmId":262482223,"osmType":"way","tags":{"building":"apartments"}}},{"type":"Feature","id":"osm-way-262482306","geometry":{"type":"Polygon","coordinates":[[[-3.674848,40.418333],[-3.67475,40.418329],[-3.674714,40.418357],[-3.674709,40.418427],[-3.674708,40.418449],[-3.6747,40.41856],[-3.674831,40.418567],[-3.674848,40.418333]]]},"properties":{"osmId":262482306,"osmType":"way","tags":{"building":"apartments"}}},{"type":"Feature","id":"osm-way-262482440","geometry":{"type":"Polygon","coordinates":[[[-3.675077,40.419077],[-3.675327,40.419089],[-3.675325,40.419108],[-3.675324,40.419142],[-3.675285,40.419146],[-3.675297,40.419179],[-3.675258,40.41918],[-3.675241,40.419182],[-3.675219,40.419148],[-3.675098,40.41915],[-3.675091,40.419245],[-3.675151,40.419247],[-3.675148,40.419322],[-3.675016,40.419317],[-3.674918,40.419312],[-3.674923,40.419238],[-3.674924,40.419235],[-3.67498,40.419237],[-3.674985,40.419183],[-3.674975,40.419177],[-3.674981,40.41911],[-3.674969,40.419099],[-3.674971,40.419071],[-3.675068,40.419076],[-3.675077,40.419077]]]},"properties":{"osmId":262482440,"osmType":"way","tags":{"building":"apartments"}}},{"type":"Feature","id":"osm-way-262482441","geometry":{"type":"Polygon","coordinates":[[[-3.675019,40.418576],[-3.675021,40.418544],[-3.675037,40.418342],[-3.674991,40.418341],[-3.674848,40.418333],[-3.674831,40.418567],[-3.675019,40.418576]]]},"properties":{"osmId":262482441,"osmType":"way","tags":{"building":"apartments","building:levels":"7"}}},{"type":"Feature","id":"osm-way-262484840","geometry":{"type":"Polygon","coordinates":[[[-3.678898,40.420965],[-3.678542,40.420947],[-3.678526,40.421088],[-3.678628,40.421097],[-3.67868,40.421098],[-3.678888,40.421087],[-3.678898,40.420965]]]},"properties":{"osmId":262484840,"osmType":"way","tags":{"building":"apartments","addr:street":"Calle de Antonio Acuña","addr:housenumber":"23","addr:postcode":"28009"}}},{"type":"Feature","id":"osm-way-262484841","geometry":{"type":"Polygon","coordinates":[[[-3.678888,40.421087],[-3.67868,40.421098],[-3.678628,40.421097],[-3.678616,40.421256],[-3.678872,40.42127],[-3.678888,40.421087]]]},"properties":{"osmId":262484841,"osmType":"way","tags":{"building":"apartments","addr:street":"Calle de Antonio Acuña","addr:housenumber":"21","addr:postcode":"28009"}}},{"type":"Feature","id":"osm-way-262484860","geometry":{"type":"Polygon","coordinates":[[[-3.67891,40.420821],[-3.678733,40.420814],[-3.67873,40.420861],[-3.678615,40.420858],[-3.678553,40.420855],[-3.678542,40.420947],[-3.678898,40.420965],[-3.67891,40.420821]]]},"properties":{"osmId":262484860,"osmType":"way","tags":{"building":"apartments","addr:street":"Calle de Antonio Acuña","addr:housenumber":"25","addr:postcode":"28009"}}},{"type":"Feature","id":"osm-way-262485215","geometry":{"type":"Polygon","coordinates":[[[-3.678917,40.420708],[-3.678744,40.420702],[-3.678742,40.420738],[-3.67883,40.420741],[-3.678829,40.420766],[-3.678737,40.420762],[-3.678733,40.420814],[-3.67891,40.420821],[-3.678917,40.420708]]]},"properties":{"osmId":262485215,"osmType":"way","tags":{"building":"apartments","addr:street":"Calle de Antonio Acuña","addr:housenumber":"27","addr:postcode":"28009"}}},{"type":"Feature","id":"osm-way-262485600","geometry":{"type":"Polygon","coordinates":[[[-3.676933,40.419918],[-3.676899,40.419916],[-3.676897,40.419942],[-3.676842,40.41994],[-3.676844,40.419913],[-3.676807,40.419912],[-3.676812,40.419852],[-3.676839,40.419853],[-3.676842,40.419814],[-3.676811,40.419813],[-3.676811,40.419809],[-3.676814,40.419766],[-3.676838,40.419767],[-3.676842,40.419721],[-3.676817,40.41972],[-3.676821,40.419668],[-3.676846,40.419669],[-3.676852,40.419599],[-3.676827,40.419598],[-3.676832,40.419535],[-3.676895,40.419538],[-3.676928,40.419539],[-3.676962,40.419541],[-3.676957,40.419607],[-3.676933,40.419606],[-3.676928,40.419678],[-3.676951,40.419679],[-3.676947,40.419733],[-3.676927,40.419732],[-3.676923,40.419777],[-3.676944,40.419778],[-3.676939,40.419837],[-3.67688,40.419835],[-3.676878,40.419853],[-3.676938,40.419856],[-3.676933,40.419918]]]},"properties":{"osmId":262485600,"osmType":"way","tags":{"building":"apartments"}}},{"type":"Feature","id":"osm-way-262485601","geometry":{"type":"Polygon","coordinates":[[[-3.676966,40.419945],[-3.677031,40.419948],[-3.677034,40.419921],[-3.677064,40.419922],[-3.677068,40.419867],[-3.677069,40.419861],[-3.677013,40.419859],[-3.677015,40.419841],[-3.677069,40.419843],[-3.677074,40.419782],[-3.677051,40.419781],[-3.677054,40.419742],[-3.677077,40.419743],[-3.677081,40.419696],[-3.677057,40.419694],[-3.677064,40.419611],[-3.677087,40.419612],[-3.677092,40.419547],[-3.677022,40.419544],[-3.676983,40.419542],[-3.676962,40.419541],[-3.676957,40.419607],[-3.67698,40.419608],[-3.676975,40.41968],[-3.676951,40.419679],[-3.676947,40.419733],[-3.676971,40.419734],[-3.676968,40.419779],[-3.676944,40.419778],[-3.676939,40.419837],[-3.676993,40.41984],[-3.676991,40.419858],[-3.676938,40.419856],[-3.676933,40.419918],[-3.676968,40.419919],[-3.676966,40.419945]]]},"properties":{"osmId":262485601,"osmType":"way","tags":{"building":"apartments"}}},{"type":"Feature","id":"osm-way-262485837","geometry":{"type":"Polygon","coordinates":[[[-3.67628,40.420082],[-3.676274,40.420156],[-3.676383,40.420159],[-3.676545,40.420166],[-3.676588,40.420168],[-3.676591,40.42013],[-3.676593,40.420112],[-3.676597,40.420053],[-3.676598,40.420032],[-3.676494,40.420028],[-3.676376,40.420023],[-3.676286,40.420019],[-3.67628,40.420082]]]},"properties":{"osmId":262485837,"osmType":"way","tags":{"building":"public","addr:street":"Calle de Narváez","addr:housenumber":"42","addr:postcode":"28009"}}},{"type":"Feature","id":"osm-way-262486452","geometry":{"type":"Polygon","coordinates":[[[-3.676371,40.415239],[-3.676488,40.415215],[-3.676994,40.415112],[-3.677314,40.41504],[-3.677277,40.41493],[-3.676834,40.415022],[-3.676797,40.414938],[-3.677234,40.414844],[-3.677199,40.414752],[-3.676754,40.414832],[-3.676692,40.414625],[-3.67677,40.414611],[-3.676762,40.414587],[-3.677135,40.414515],[-3.677103,40.414427],[-3.676727,40.414493],[-3.676647,40.414505],[-3.676631,40.414435],[-3.6767,40.414421],[-3.676698,40.414403],[-3.677082,40.414321],[-3.677044,40.414208],[-3.676599,40.414297],[-3.676578,40.414241],[-3.676654,40.414225],[-3.676648,40.414203],[-3.677001,40.414125],[-3.676968,40.414035],[-3.676684,40.414096],[-3.676641,40.413996],[-3.676602,40.413867],[-3.676566,40.413766],[-3.676845,40.413705],[-3.676813,40.413621],[-3.676448,40.413698],[-3.676439,40.413677],[-3.676357,40.413694],[-3.676326,40.413611],[-3.6768,40.413516],[-3.676769,40.413424],[-3.676399,40.4135],[-3.67639,40.413478],[-3.676303,40.413496],[-3.676281,40.413438],[-3.676368,40.41342],[-3.676361,40.413396],[-3.676731,40.413319],[-3.676702,40.413234],[-3.676332,40.41331],[-3.676323,40.413286],[-3.676096,40.413333],[-3.676104,40.413357],[-3.675669,40.413447],[-3.675643,40.413479],[-3.675655,40.413513],[-3.675699,40.413532],[-3.676134,40.413443],[-3.676146,40.413465],[-3.676225,40.413449],[-3.676244,40.413508],[-3.676163,40.413524],[-3.676171,40.413547],[-3.675736,40.413636],[-3.67571,40.413669],[-3.675723,40.413708],[-3.675768,40.413728],[-3.676204,40.413638],[-3.676213,40.41366],[-3.676291,40.413643],[-3.676311,40.4137],[-3.676232,40.413715],[-3.676243,40.413745],[-3.676063,40.413781],[-3.676238,40.414288],[-3.676422,40.41425],[-3.67643,40.414272],[-3.676506,40.414258],[-3.676526,40.414309],[-3.67605,40.414409],[-3.676056,40.414433],[-3.676018,40.414441],[-3.675992,40.414473],[-3.676003,40.414514],[-3.67605,40.414531],[-3.67649,40.414445],[-3.676496,40.414462],[-3.676476,40.414488],[-3.676485,40.414515],[-3.676517,40.414527],[-3.676526,40.414546],[-3.676168,40.414617],[-3.676199,40.414704],[-3.676552,40.414635],[-3.676569,40.414681],[-3.676484,40.414698],[-3.676492,40.414723],[-3.67621,40.414784],[-3.676247,40.414886],[-3.676527,40.414829],[-3.676535,40.414851],[-3.676578,40.414843],[-3.676591,40.414872],[-3.676306,40.414931],[-3.676314,40.414947],[-3.676271,40.414956],[-3.676299,40.415031],[-3.676671,40.414956],[-3.6767,40.415048],[-3.676329,40.415123],[-3.676371,40.415239]]]},"properties":{"osmId":262486452,"osmType":"way","tags":{"building":"hospital"}}},{"type":"Feature","id":"osm-way-262486453","geometry":{"type":"Polygon","coordinates":[[[-3.677033,40.415212],[-3.676531,40.415312],[-3.676488,40.415215],[-3.676994,40.415112],[-3.677033,40.415212]]]},"properties":{"osmId":262486453,"osmType":"way","tags":{"building":"hospital"}}},{"type":"Feature","id":"osm-way-262486691","geometry":{"type":"Polygon","coordinates":[[[-3.676944,40.413937],[-3.676899,40.413811],[-3.676602,40.413867],[-3.676641,40.413996],[-3.676944,40.413937]]]},"properties":{"osmId":262486691,"osmType":"way","tags":{"building":"church"}}},{"type":"Feature","id":"osm-way-262486692","geometry":{"type":"Polygon","coordinates":[[[-3.6754,40.414697],[-3.675467,40.414888],[-3.675739,40.414833],[-3.675795,40.41499],[-3.675589,40.415032],[-3.675628,40.415145],[-3.676031,40.415063],[-3.675797,40.414395],[-3.675625,40.414429],[-3.675674,40.414567],[-3.675548,40.414592],[-3.675573,40.414662],[-3.6754,40.414697]]]},"properties":{"osmId":262486692,"osmType":"way","tags":{"building":"hospital"}}},{"type":"Feature","id":"osm-way-262489257","geometry":{"type":"Polygon","coordinates":[[[-3.667865,40.418288],[-3.667701,40.418279],[-3.667687,40.418418],[-3.667706,40.418428],[-3.667692,40.418454],[-3.66741,40.418358],[-3.66734,40.418478],[-3.667779,40.418628],[-3.667849,40.418508],[-3.667824,40.4185],[-3.667841,40.418472],[-3.667851,40.418476],[-3.667865,40.418288]]]},"properties":{"osmId":262489257,"osmType":"way","tags":{"building":"hospital","building:levels":"2"}}},{"type":"Feature","id":"osm-way-262489312","geometry":{"type":"Polygon","coordinates":[[[-3.667921,40.417697],[-3.667927,40.41759],[-3.667413,40.417563],[-3.667404,40.417669],[-3.667921,40.417697]]]},"properties":{"osmId":262489312,"osmType":"way","tags":{"building":"public"}}},{"type":"Feature","id":"osm-way-262489325","geometry":{"type":"Polygon","coordinates":[[[-3.669,40.418306],[-3.669012,40.418138],[-3.668949,40.418135],[-3.668935,40.418301],[-3.669,40.418306]]]},"properties":{"osmId":262489325,"osmType":"way","tags":{"building":"public"}}},{"type":"Feature","id":"osm-way-262491044","geometry":{"type":"Polygon","coordinates":[[[-3.668404,40.418724],[-3.668409,40.418633],[-3.668136,40.418621],[-3.668132,40.418715],[-3.668404,40.418724]]]},"properties":{"osmId":262491044,"osmType":"way","tags":{"building":"public"}}},{"type":"Feature","id":"osm-way-262491399","geometry":{"type":"Polygon","coordinates":[[[-3.668951,40.418649],[-3.668954,40.41858],[-3.668782,40.418572],[-3.668778,40.418643],[-3.668951,40.418649]]]},"properties":{"osmId":262491399,"osmType":"way","tags":{"building":"public"}}},{"type":"Feature","id":"osm-way-262491400","geometry":{"type":"Polygon","coordinates":[[[-3.668714,40.41868],[-3.668728,40.418582],[-3.668522,40.418564],[-3.668506,40.418664],[-3.668714,40.41868]]]},"properties":{"osmId":262491400,"osmType":"way","tags":{"building":"public"}}},{"type":"Feature","id":"osm-way-262491550","geometry":{"type":"Polygon","coordinates":[[[-3.66804,40.418542],[-3.667936,40.418538],[-3.667925,40.418687],[-3.668029,40.41869],[-3.66804,40.418542]]]},"properties":{"osmId":262491550,"osmType":"way","tags":{"building":"public"}}},{"type":"Feature","id":"osm-way-262492210","geometry":{"type":"Polygon","coordinates":[[[-3.667898,40.420023],[-3.667775,40.419986],[-3.667843,40.419872],[-3.667923,40.419737],[-3.668015,40.419766],[-3.667989,40.419824],[-3.667973,40.41986],[-3.667935,40.419944],[-3.667898,40.420023]]]},"properties":{"osmId":262492210,"osmType":"way","tags":{"building":"apartments"}}},{"type":"Feature","id":"osm-way-262492214","geometry":{"type":"Polygon","coordinates":[[[-3.668202,40.419886],[-3.668122,40.419865],[-3.668112,40.419897],[-3.668054,40.419889],[-3.668074,40.41985],[-3.667989,40.419824],[-3.667973,40.41986],[-3.668012,40.41987],[-3.667974,40.419954],[-3.667935,40.419944],[-3.667898,40.420023],[-3.668113,40.420087],[-3.668155,40.420069],[-3.668202,40.419886]]]},"properties":{"osmId":262492214,"osmType":"way","tags":{"building":"apartments"}}},{"type":"Feature","id":"osm-way-262492227","geometry":{"type":"Polygon","coordinates":[[[-3.667992,40.419661],[-3.667967,40.419656],[-3.667923,40.419737],[-3.668015,40.419766],[-3.668121,40.419797],[-3.66809,40.419854],[-3.668122,40.419865],[-3.668202,40.419886],[-3.668231,40.419759],[-3.667992,40.419661]]]},"properties":{"osmId":262492227,"osmType":"way","tags":{"building":"industrial"}}},{"type":"Feature","id":"osm-way-262492236","geometry":{"type":"Polygon","coordinates":[[[-3.668292,40.419514],[-3.668091,40.419446],[-3.668049,40.419517],[-3.668081,40.419528],[-3.668047,40.419593],[-3.66801,40.419583],[-3.667967,40.419656],[-3.667992,40.419661],[-3.667997,40.419652],[-3.668153,40.419699],[-3.668148,40.419709],[-3.668237,40.419733],[-3.668292,40.419514]]]},"properties":{"osmId":262492236,"osmType":"way","tags":{"building":"apartments"}}},{"type":"Feature","id":"osm-way-262492271","geometry":{"type":"Polygon","coordinates":[[[-3.668321,40.419396],[-3.668292,40.419514],[-3.668091,40.419446],[-3.668154,40.419338],[-3.668321,40.419396]]]},"properties":{"osmId":262492271,"osmType":"way","tags":{"building":"apartments"}}},{"type":"Feature","id":"osm-way-262492298","geometry":{"type":"Polygon","coordinates":[[[-3.668349,40.419291],[-3.668321,40.419396],[-3.668154,40.419338],[-3.668206,40.419248],[-3.668349,40.419291]]]},"properties":{"osmId":262492298,"osmType":"way","tags":{"building":"apartments"}}},{"type":"Feature","id":"osm-way-262492533","geometry":{"type":"Polygon","coordinates":[[[-3.668377,40.419173],[-3.668349,40.419291],[-3.668206,40.419248],[-3.668267,40.419141],[-3.668377,40.419173]]]},"properties":{"osmId":262492533,"osmType":"way","tags":{"building":"apartments"}}},{"type":"Feature","id":"osm-way-262492534","geometry":{"type":"Polygon","coordinates":[[[-3.668377,40.419173],[-3.668267,40.419141],[-3.668302,40.419078],[-3.668395,40.419101],[-3.668377,40.419173]]]},"properties":{"osmId":262492534,"osmType":"way","tags":{"building":"apartments"}}},{"type":"Feature","id":"osm-way-262492556","geometry":{"type":"Polygon","coordinates":[[[-3.668838,40.420229],[-3.668607,40.420217],[-3.668604,40.420233],[-3.668565,40.420253],[-3.668596,40.420285],[-3.668595,40.420449],[-3.668818,40.420461],[-3.668821,40.420428],[-3.668838,40.420229]]]},"properties":{"osmId":262492556,"osmType":"way","tags":{"building":"apartments"}}},{"type":"Feature","id":"osm-way-262492557","geometry":{"type":"Polygon","coordinates":[[[-3.668803,40.42064],[-3.668579,40.420629],[-3.668595,40.420449],[-3.668818,40.420461],[-3.66881,40.420551],[-3.668803,40.42064]]]},"properties":{"osmId":262492557,"osmType":"way","tags":{"building":"apartments"}}},{"type":"Feature","id":"osm-way-262492625","geometry":{"type":"Polygon","coordinates":[[[-3.668867,40.41987],[-3.668772,40.419878],[-3.668748,40.41988],[-3.668633,40.419889],[-3.66861,40.419891],[-3.66861,40.419923],[-3.668679,40.419927],[-3.668673,40.419983],[-3.668609,40.41998],[-3.668608,40.420008],[-3.668608,40.420081],[-3.668665,40.420084],[-3.668658,40.420168],[-3.668607,40.420165],[-3.668607,40.420217],[-3.668838,40.420229],[-3.668852,40.420058],[-3.668867,40.41987]]]},"properties":{"osmId":262492625,"osmType":"way","tags":{"building":"apartments"}}},{"type":"Feature","id":"osm-way-262492626","geometry":{"type":"Polygon","coordinates":[[[-3.668888,40.419598],[-3.668869,40.419843],[-3.668867,40.41987],[-3.668772,40.419878],[-3.668771,40.419862],[-3.66875,40.419861],[-3.668748,40.41988],[-3.668633,40.419889],[-3.668645,40.41971],[-3.668613,40.419709],[-3.668624,40.419651],[-3.668635,40.419586],[-3.668888,40.419598]]]},"properties":{"osmId":262492626,"osmType":"way","tags":{"building":"office"}}},{"type":"Feature","id":"osm-way-262492631","geometry":{"type":"Polygon","coordinates":[[[-3.668367,40.42016],[-3.668403,40.420019],[-3.66842,40.419953],[-3.668493,40.419974],[-3.668469,40.42002],[-3.668546,40.420043],[-3.668569,40.419997],[-3.668608,40.420008],[-3.668608,40.420081],[-3.668607,40.420165],[-3.668607,40.420217],[-3.668604,40.420233],[-3.668565,40.420253],[-3.668546,40.42023],[-3.668507,40.420209],[-3.668445,40.420185],[-3.668367,40.42016]]]},"properties":{"osmId":262492631,"osmType":"way","tags":{"building":"apartments"}}},{"type":"Feature","id":"osm-way-262492716","geometry":{"type":"Polygon","coordinates":[[[-3.668762,40.419411],[-3.668903,40.419418],[-3.668888,40.419598],[-3.668635,40.419586],[-3.668637,40.419572],[-3.668646,40.419529],[-3.668648,40.419524],[-3.66875,40.41953],[-3.668762,40.419411]]]},"properties":{"osmId":262492716,"osmType":"way","tags":{"building":"public"}}},{"type":"Feature","id":"osm-way-262492717","geometry":{"type":"Polygon","coordinates":[[[-3.668912,40.4193],[-3.668777,40.419292],[-3.668755,40.419411],[-3.668762,40.419411],[-3.668903,40.419418],[-3.668912,40.4193]]]},"properties":{"osmId":262492717,"osmType":"way","tags":{"building":"apartments"}}},{"type":"Feature","id":"osm-way-262492807","geometry":{"type":"Polygon","coordinates":[[[-3.668812,40.418846],[-3.668815,40.418821],[-3.668826,40.418801],[-3.668828,40.418792],[-3.668809,40.418791],[-3.668816,40.418779],[-3.668956,40.418785],[-3.66895,40.418853],[-3.668812,40.418846]]]},"properties":{"osmId":262492807,"osmType":"way","tags":{"building":"apartments"}}},{"type":"Feature","id":"osm-way-262492836","geometry":{"type":"Polygon","coordinates":[[[-3.668239,40.420124],[-3.668367,40.42016],[-3.668403,40.420019],[-3.668275,40.419981],[-3.668239,40.420124]]]},"properties":{"osmId":262492836,"osmType":"way","tags":{"building":"apartments"}}},{"type":"Feature","id":"osm-way-262493141","geometry":{"type":"Polygon","coordinates":[[[-3.668326,40.419782],[-3.668275,40.419981],[-3.668403,40.420019],[-3.66842,40.419953],[-3.668446,40.419819],[-3.668326,40.419782]]]},"properties":{"osmId":262493141,"osmType":"way","tags":{"building":"apartments"}}},{"type":"Feature","id":"osm-way-262493152","geometry":{"type":"Polygon","coordinates":[[[-3.66842,40.419413],[-3.668605,40.419432],[-3.668664,40.419438],[-3.668659,40.419483],[-3.668519,40.419469],[-3.668508,40.419475],[-3.668502,40.419501],[-3.668511,40.419509],[-3.668646,40.419529],[-3.668637,40.419572],[-3.668389,40.419536],[-3.66842,40.419413]]]},"properties":{"osmId":262493152,"osmType":"way","tags":{"building":"apartments"}}},{"type":"Feature","id":"osm-way-262493153","geometry":{"type":"Polygon","coordinates":[[[-3.668389,40.419536],[-3.668326,40.419782],[-3.668446,40.419819],[-3.668477,40.419827],[-3.668523,40.419638],[-3.668624,40.419651],[-3.668635,40.419586],[-3.668637,40.419572],[-3.668389,40.419536]]]},"properties":{"osmId":262493153,"osmType":"way","tags":{"building":"yes"}}},{"type":"Feature","id":"osm-way-262493179","geometry":{"type":"Polygon","coordinates":[[[-3.668454,40.419272],[-3.66842,40.419413],[-3.668605,40.419432],[-3.668644,40.419284],[-3.668454,40.419272]]]},"properties":{"osmId":262493179,"osmType":"way","tags":{"building":"apartments"}}},{"type":"Feature","id":"osm-way-262493224","geometry":{"type":"Polygon","coordinates":[[[-3.668504,40.419065],[-3.668499,40.419086],[-3.668454,40.419272],[-3.668644,40.419284],[-3.668701,40.419287],[-3.668707,40.419239],[-3.668715,40.419168],[-3.668682,40.419163],[-3.668694,40.419121],[-3.668719,40.419124],[-3.668726,40.419083],[-3.668504,40.419065]]]},"properties":{"osmId":262493224,"osmType":"way","tags":{"building":"apartments"}}},{"type":"Feature","id":"osm-way-262493324","geometry":{"type":"Polygon","coordinates":[[[-3.66855,40.418883],[-3.668528,40.418973],[-3.66867,40.418984],[-3.668672,40.418954],[-3.668623,40.418952],[-3.668625,40.418924],[-3.668674,40.418926],[-3.668677,40.418892],[-3.66855,40.418883]]]},"properties":{"osmId":262493324,"osmType":"way","tags":{"building":"apartments"}}},{"type":"Feature","id":"osm-way-262493325","geometry":{"type":"Polygon","coordinates":[[[-3.66877,40.41877],[-3.668583,40.418751],[-3.668573,40.418792],[-3.668683,40.418798],[-3.668751,40.418801],[-3.668766,40.418777],[-3.66877,40.41877]]]},"properties":{"osmId":262493325,"osmType":"way","tags":{"building":"apartments"}}},{"type":"Feature","id":"osm-way-262504787","geometry":{"type":"Polygon","coordinates":[[[-3.669552,40.420904],[-3.669338,40.420896],[-3.669361,40.420672],[-3.669272,40.420668],[-3.669283,40.420504],[-3.669372,40.420508],[-3.669393,40.420257],[-3.669608,40.420268],[-3.669584,40.420523],[-3.669626,40.420523],[-3.669616,40.420686],[-3.66957,40.420686],[-3.669552,40.420904]]]},"properties":{"osmId":262504787,"osmType":"way","tags":{"building":"yes"}}},{"type":"Feature","id":"osm-way-262504788","geometry":{"type":"Polygon","coordinates":[[[-3.669715,40.420178],[-3.669719,40.420119],[-3.669356,40.420102],[-3.669319,40.420125],[-3.669315,40.420161],[-3.669715,40.420178]]]},"properties":{"osmId":262504788,"osmType":"way","tags":{"building":"yes"}}},{"type":"Feature","id":"osm-way-262504789","geometry":{"type":"Polygon","coordinates":[[[-3.67347,40.420302],[-3.673072,40.420284],[-3.673018,40.420315],[-3.673008,40.420443],[-3.67336,40.42046],[-3.673378,40.420386],[-3.673462,40.420389],[-3.67347,40.420302]]]},"properties":{"osmId":262504789,"osmType":"way","tags":{"building":"apartments"}}},{"type":"Feature","id":"osm-way-262504791","geometry":{"type":"Polygon","coordinates":[[[-3.67394,40.420325],[-3.674185,40.420337],[-3.674184,40.420427],[-3.673989,40.420421],[-3.673986,40.420511],[-3.673925,40.420507],[-3.67394,40.420325]]]},"properties":{"osmId":262504791,"osmType":"way","tags":{"building":"apartments"}}},{"type":"Feature","id":"osm-way-262504792","geometry":{"type":"Polygon","coordinates":[[[-3.673986,40.420511],[-3.67427,40.420522],[-3.674374,40.420527],[-3.67436,40.420735],[-3.673971,40.42072],[-3.673986,40.420511]]]},"properties":{"osmId":262504792,"osmType":"way","tags":{"building":"apartments"}}},{"type":"Feature","id":"osm-way-262504793","geometry":{"type":"Polygon","coordinates":[[[-3.67436,40.420735],[-3.674343,40.420941],[-3.673952,40.420927],[-3.673971,40.42072],[-3.67436,40.420735]]]},"properties":{"osmId":262504793,"osmType":"way","tags":{"building":"apartments"}}},{"type":"Feature","id":"osm-way-262504794","geometry":{"type":"Polygon","coordinates":[[[-3.674343,40.420941],[-3.67433,40.421116],[-3.674188,40.421117],[-3.674029,40.421111],[-3.673941,40.421107],[-3.673952,40.420927],[-3.674343,40.420941]]]},"properties":{"osmId":262504794,"osmType":"way","tags":{"building":"apartments"}}},{"type":"Feature","id":"osm-way-262504795","geometry":{"type":"Polygon","coordinates":[[[-3.674374,40.420527],[-3.674386,40.420375],[-3.674355,40.420345],[-3.674185,40.420337],[-3.674184,40.420427],[-3.674275,40.420428],[-3.67427,40.420522],[-3.674374,40.420527]]]},"properties":{"osmId":262504795,"osmType":"way","tags":{"building":"apartments"}}},{"type":"Feature","id":"osm-way-262504796","geometry":{"type":"Polygon","coordinates":[[[-3.674188,40.421117],[-3.674168,40.421304],[-3.67425,40.421308],[-3.674278,40.42131],[-3.674317,40.421287],[-3.67433,40.421116],[-3.674188,40.421117]]]},"properties":{"osmId":262504796,"osmType":"way","tags":{"building":"apartments"}}},{"type":"Feature","id":"osm-way-262504797","geometry":{"type":"Polygon","coordinates":[[[-3.674168,40.421304],[-3.674097,40.421301],[-3.674014,40.421297],[-3.674029,40.421111],[-3.674188,40.421117],[-3.674168,40.421304]]]},"properties":{"osmId":262504797,"osmType":"way","tags":{"building":"apartments"}}},{"type":"Feature","id":"osm-way-262504798","geometry":{"type":"Polygon","coordinates":[[[-3.674014,40.421297],[-3.673942,40.421304],[-3.67386,40.421299],[-3.673874,40.421103],[-3.673941,40.421107],[-3.674029,40.421111],[-3.674014,40.421297]]]},"properties":{"osmId":262504798,"osmType":"way","tags":{"building":"apartments"}}},{"type":"Feature","id":"osm-way-262504799","geometry":{"type":"Polygon","coordinates":[[[-3.67386,40.421299],[-3.673756,40.421295],[-3.67363,40.421291],[-3.673651,40.421005],[-3.673882,40.421017],[-3.673874,40.421103],[-3.67386,40.421299]]]},"properties":{"osmId":262504799,"osmType":"way","tags":{"building":"apartments"}}},{"type":"Feature","id":"osm-way-262504800","geometry":{"type":"Polygon","coordinates":[[[-3.673407,40.420991],[-3.673651,40.421005],[-3.67363,40.421291],[-3.673522,40.421285],[-3.673383,40.421277],[-3.673405,40.421015],[-3.673407,40.420991]]]},"properties":{"osmId":262504800,"osmType":"way","tags":{"building":"apartments"}}},{"type":"Feature","id":"osm-way-262504801","geometry":{"type":"Polygon","coordinates":[[[-3.672964,40.42096],[-3.673316,40.420977],[-3.673313,40.421009],[-3.673405,40.421015],[-3.673383,40.421277],[-3.67318,40.421268],[-3.672951,40.421258],[-3.672964,40.42096]]]},"properties":{"osmId":262504801,"osmType":"way","tags":{"building":"apartments"}}},{"type":"Feature","id":"osm-way-262506216","geometry":{"type":"Polygon","coordinates":[[[-3.673316,40.420977],[-3.673331,40.420803],[-3.672979,40.420786],[-3.672964,40.42096],[-3.673316,40.420977]]]},"properties":{"osmId":262506216,"osmType":"way","tags":{"building":"apartments"}}},{"type":"Feature","id":"osm-way-262506217","geometry":{"type":"Polygon","coordinates":[[[-3.673345,40.420631],[-3.673331,40.420803],[-3.672979,40.420786],[-3.672993,40.420614],[-3.673345,40.420631]]]},"properties":{"osmId":262506217,"osmType":"way","tags":{"building":"apartments"}}},{"type":"Feature","id":"osm-way-262506218","geometry":{"type":"Polygon","coordinates":[[[-3.67336,40.42046],[-3.673345,40.420631],[-3.672993,40.420614],[-3.673008,40.420443],[-3.67336,40.42046]]]},"properties":{"osmId":262506218,"osmType":"way","tags":{"building":"apartments"}}},{"type":"Feature","id":"osm-way-262613856","geometry":{"type":"Polygon","coordinates":[[[-3.674969,40.41485],[-3.674988,40.414629],[-3.674803,40.414621],[-3.674808,40.414552],[-3.674892,40.414577],[-3.67499,40.414531],[-3.675004,40.414407],[-3.674958,40.414374],[-3.674963,40.414332],[-3.674897,40.414302],[-3.674816,40.414326],[-3.674816,40.414364],[-3.674754,40.41439],[-3.674714,40.414368],[-3.674663,40.414386],[-3.674623,40.414366],[-3.674567,40.414386],[-3.674489,40.414353],[-3.674489,40.414317],[-3.674422,40.414281],[-3.674347,40.414306],[-3.674342,40.414349],[-3.674258,40.414379],[-3.674253,40.414443],[-3.674293,40.414468],[-3.674292,40.414507],[-3.674396,40.414562],[-3.674475,40.414542],[-3.67447,40.414613],[-3.674314,40.414606],[-3.6743,40.414819],[-3.674355,40.414854],[-3.674417,40.414828],[-3.674422,40.414744],[-3.674454,40.414719],[-3.6745,40.414748],[-3.674553,40.414723],[-3.674597,40.414754],[-3.674646,40.41473],[-3.674689,40.414756],[-3.674734,40.414733],[-3.674772,40.414757],[-3.674815,40.414736],[-3.674857,40.414767],[-3.674854,40.414848],[-3.674908,40.414879],[-3.674969,40.41485]]]},"properties":{"osmId":262613856,"osmType":"way","tags":{"building":"school","building:levels":"4"}}},{"type":"Feature","id":"osm-way-262614237","geometry":{"type":"Polygon","coordinates":[[[-3.675562,40.413624],[-3.675366,40.413755],[-3.675422,40.413796],[-3.675275,40.413889],[-3.675136,40.413766],[-3.675471,40.413543],[-3.675562,40.413624]]]},"properties":{"osmId":262614237,"osmType":"way","tags":{"building":"hospital"}}},{"type":"Feature","id":"osm-way-262803201","geometry":{"type":"Polygon","coordinates":[[[-3.674951,40.420488],[-3.674558,40.42047],[-3.674566,40.420383],[-3.674597,40.420358],[-3.674958,40.420377],[-3.674951,40.420488]]]},"properties":{"osmId":262803201,"osmType":"way","tags":{"building":"apartments"}}},{"type":"Feature","id":"osm-way-262803202","geometry":{"type":"Polygon","coordinates":[[[-3.674548,40.420618],[-3.674829,40.42063],[-3.67494,40.420634],[-3.674951,40.420488],[-3.674558,40.42047],[-3.674548,40.420618]]]},"properties":{"osmId":262803202,"osmType":"way","tags":{"building":"apartments"}}},{"type":"Feature","id":"osm-way-262803203","geometry":{"type":"Polygon","coordinates":[[[-3.674532,40.420814],[-3.674621,40.420818],[-3.674624,40.420767],[-3.674719,40.420772],[-3.674717,40.420822],[-3.674813,40.420826],[-3.674829,40.42063],[-3.674548,40.420618],[-3.674532,40.420814]]]},"properties":{"osmId":262803203,"osmType":"way","tags":{"building":"apartments"}}},{"type":"Feature","id":"osm-way-262803204","geometry":{"type":"Polygon","coordinates":[[[-3.674517,40.421017],[-3.674532,40.420814],[-3.674621,40.420818],[-3.674617,40.420866],[-3.674712,40.420871],[-3.674717,40.420822],[-3.674813,40.420826],[-3.674799,40.421012],[-3.674691,40.421013],[-3.674517,40.421017]]]},"properties":{"osmId":262803204,"osmType":"way","tags":{"building":"apartments"}}},{"type":"Feature","id":"osm-way-262803205","geometry":{"type":"Polygon","coordinates":[[[-3.674517,40.421017],[-3.674495,40.421321],[-3.674712,40.421332],[-3.674774,40.421335],[-3.674752,40.421248],[-3.674691,40.421013],[-3.674517,40.421017]]]},"properties":{"osmId":262803205,"osmType":"way","tags":{"building":"office"}}},{"type":"Feature","id":"osm-way-262803207","geometry":{"type":"Polygon","coordinates":[[[-3.6751,40.42135],[-3.675174,40.421354],[-3.675319,40.421363],[-3.675326,40.421286],[-3.675289,40.421284],[-3.675303,40.421137],[-3.675339,40.421139],[-3.675345,40.421077],[-3.675128,40.421067],[-3.675122,40.421128],[-3.675156,40.42113],[-3.675142,40.421277],[-3.675107,40.421275],[-3.6751,40.42135]]]},"properties":{"osmId":262803207,"osmType":"way","tags":{"building":"apartments"}}},{"type":"Feature","id":"osm-way-262803208","geometry":{"type":"Polygon","coordinates":[[[-3.675319,40.421363],[-3.675401,40.421368],[-3.675538,40.421376],[-3.675546,40.421297],[-3.675509,40.421295],[-3.675523,40.421148],[-3.675559,40.42115],[-3.675565,40.42109],[-3.675565,40.421089],[-3.675345,40.421077],[-3.675339,40.421139],[-3.675375,40.421141],[-3.675362,40.421288],[-3.675326,40.421286],[-3.675319,40.421363]]]},"properties":{"osmId":262803208,"osmType":"way","tags":{"building":"apartments"}}},{"type":"Feature","id":"osm-way-262803209","geometry":{"type":"Polygon","coordinates":[[[-3.675044,40.42038],[-3.675249,40.42039],[-3.675225,40.420659],[-3.675024,40.420647],[-3.675044,40.42038]]]},"properties":{"osmId":262803209,"osmType":"way","tags":{"building":"apartments"}}},{"type":"Feature","id":"osm-way-262803210","geometry":{"type":"Polygon","coordinates":[[[-3.675225,40.420659],[-3.675432,40.42067],[-3.675456,40.420401],[-3.675249,40.42039],[-3.675225,40.420659]]]},"properties":{"osmId":262803210,"osmType":"way","tags":{"building":"apartments"}}},{"type":"Feature","id":"osm-way-262803212","geometry":{"type":"Polygon","coordinates":[[[-3.675675,40.420585],[-3.675891,40.420595],[-3.675902,40.420447],[-3.675884,40.420432],[-3.675869,40.420421],[-3.675659,40.42041],[-3.675675,40.420585]]]},"properties":{"osmId":262803212,"osmType":"way","tags":{"building":"apartments","building:levels":"8"}}},{"type":"Feature","id":"osm-way-262803213","geometry":{"type":"Polygon","coordinates":[[[-3.675675,40.420585],[-3.675681,40.420685],[-3.675691,40.420769],[-3.675878,40.420776],[-3.675891,40.420595],[-3.675675,40.420585]]]},"properties":{"osmId":262803213,"osmType":"way","tags":{"building":"apartments","building:levels":"8"}}},{"type":"Feature","id":"osm-way-262803214","geometry":{"type":"Polygon","coordinates":[[[-3.675691,40.420769],[-3.675714,40.42102],[-3.675861,40.421019],[-3.675878,40.420776],[-3.675691,40.420769]]]},"properties":{"osmId":262803214,"osmType":"way","tags":{"building":"apartments","building:levels":"8","addr:street":"Calle de Narváez","addr:housenumber":"31","addr:postcode":"28009"}}},{"type":"Feature","id":"osm-way-262803360","geometry":{"type":"Polygon","coordinates":[[[-3.667457,40.412374],[-3.667393,40.412324],[-3.667397,40.412321],[-3.667267,40.412221],[-3.667289,40.412204],[-3.667298,40.412211],[-3.667616,40.41197],[-3.667772,40.412087],[-3.667458,40.412327],[-3.667488,40.412351],[-3.667457,40.412374]]]},"properties":{"osmId":262803360,"osmType":"way","tags":{"building":"yes"}}},{"type":"Feature","id":"osm-way-262803485","geometry":{"type":"Polygon","coordinates":[[[-3.664764,40.411851],[-3.664628,40.411939],[-3.664447,40.411775],[-3.664815,40.411536],[-3.664965,40.411671],[-3.664907,40.411709],[-3.665172,40.411947],[-3.665104,40.411992],[-3.665049,40.412027],[-3.665015,40.411996],[-3.664785,40.411789],[-3.664731,40.411824],[-3.664764,40.411851]]]},"properties":{"osmId":262803485,"osmType":"way","tags":{"building":"school"}}},{"type":"Feature","id":"osm-way-262803486","geometry":{"type":"Polygon","coordinates":[[[-3.665049,40.412027],[-3.665015,40.411996],[-3.664754,40.412165],[-3.664659,40.412082],[-3.664577,40.412135],[-3.664708,40.412253],[-3.664552,40.412355],[-3.66442,40.412237],[-3.664339,40.41229],[-3.66447,40.412408],[-3.66437,40.412473],[-3.664576,40.412657],[-3.664673,40.412592],[-3.664532,40.412464],[-3.664651,40.412385],[-3.664786,40.412505],[-3.664867,40.412452],[-3.66477,40.412364],[-3.664807,40.412341],[-3.66477,40.412308],[-3.664853,40.412255],[-3.664979,40.412373],[-3.665062,40.41232],[-3.664933,40.412203],[-3.665047,40.412125],[-3.665176,40.412244],[-3.66526,40.412193],[-3.665163,40.412104],[-3.665201,40.412079],[-3.665104,40.411992],[-3.665049,40.412027]]]},"properties":{"osmId":262803486,"osmType":"way","tags":{"building":"school"}}},{"type":"Feature","id":"osm-way-262987400","geometry":{"type":"Polygon","coordinates":[[[-3.675528,40.419475],[-3.675737,40.419485],[-3.675777,40.419723],[-3.675598,40.419712],[-3.675556,40.419569],[-3.675528,40.419475]]]},"properties":{"osmId":262987400,"osmType":"way","tags":{"building":"apartments"}}},{"type":"Feature","id":"osm-way-262987401","geometry":{"type":"Polygon","coordinates":[[[-3.675777,40.419723],[-3.675956,40.419733],[-3.675971,40.419521],[-3.675939,40.419494],[-3.675737,40.419485],[-3.675777,40.419723]]]},"properties":{"osmId":262987401,"osmType":"way","tags":{"building":"apartments"}}},{"type":"Feature","id":"osm-way-262987402","geometry":{"type":"Polygon","coordinates":[[[-3.675946,40.419868],[-3.675956,40.419733],[-3.675777,40.419723],[-3.675598,40.419712],[-3.675638,40.41985],[-3.675946,40.419868]]]},"properties":{"osmId":262987402,"osmType":"way","tags":{"building":"apartments"}}},{"type":"Feature","id":"osm-way-262987403","geometry":{"type":"Polygon","coordinates":[[[-3.675946,40.419868],[-3.675933,40.420049],[-3.675691,40.420037],[-3.675651,40.420035],[-3.675638,40.41985],[-3.675946,40.419868]]]},"properties":{"osmId":262987403,"osmType":"way","tags":{"building":"apartments"}}},{"type":"Feature","id":"osm-way-262987404","geometry":{"type":"Polygon","coordinates":[[[-3.675933,40.420049],[-3.675917,40.420262],[-3.675881,40.420287],[-3.67567,40.420276],[-3.675689,40.42006],[-3.675691,40.420037],[-3.675933,40.420049]]]},"properties":{"osmId":262987404,"osmType":"way","tags":{"building":"apartments","building:levels":"8"}}},{"type":"Feature","id":"osm-way-262987405","geometry":{"type":"Polygon","coordinates":[[[-3.67567,40.420276],[-3.675458,40.420266],[-3.67547,40.4201],[-3.675472,40.420048],[-3.675689,40.42006],[-3.67567,40.420276]]]},"properties":{"osmId":262987405,"osmType":"way","tags":{"building":"apartments"}}},{"type":"Feature","id":"osm-way-262987406","geometry":{"type":"Polygon","coordinates":[[[-3.67527,40.420256],[-3.675458,40.420266],[-3.67547,40.4201],[-3.675283,40.420092],[-3.67527,40.420256]]]},"properties":{"osmId":262987406,"osmType":"way","tags":{"building":"apartments"}}},{"type":"Feature","id":"osm-way-262987407","geometry":{"type":"Polygon","coordinates":[[[-3.67527,40.420256],[-3.675068,40.420246],[-3.675083,40.42002],[-3.675287,40.420031],[-3.675283,40.420092],[-3.67527,40.420256]]]},"properties":{"osmId":262987407,"osmType":"way","tags":{"building":"apartments"}}},{"type":"Feature","id":"osm-way-262987408","geometry":{"type":"Polygon","coordinates":[[[-3.674856,40.420236],[-3.674869,40.420047],[-3.674948,40.420042],[-3.675083,40.42002],[-3.675068,40.420246],[-3.674856,40.420236]]]},"properties":{"osmId":262987408,"osmType":"way","tags":{"building":"apartments"}}},{"type":"Feature","id":"osm-way-262987409","geometry":{"type":"Polygon","coordinates":[[[-3.674869,40.420047],[-3.674587,40.42006],[-3.674576,40.420195],[-3.674611,40.420223],[-3.674856,40.420236],[-3.674869,40.420047]]]},"properties":{"osmId":262987409,"osmType":"way","tags":{"building":"apartments"}}},{"type":"Feature","id":"osm-way-262987410","geometry":{"type":"Polygon","coordinates":[[[-3.674948,40.420042],[-3.674961,40.419873],[-3.674604,40.419859],[-3.674587,40.42006],[-3.674869,40.420047],[-3.674948,40.420042]]]},"properties":{"osmId":262987410,"osmType":"way","tags":{"building":"apartments"}}},{"type":"Feature","id":"osm-way-262987411","geometry":{"type":"Polygon","coordinates":[[[-3.674619,40.419674],[-3.674882,40.419683],[-3.674873,40.419806],[-3.674966,40.41981],[-3.674961,40.419873],[-3.674604,40.419859],[-3.674619,40.419674]]]},"properties":{"osmId":262987411,"osmType":"way","tags":{"building":"apartments"}}},{"type":"Feature","id":"osm-way-262987412","geometry":{"type":"Polygon","coordinates":[[[-3.674619,40.419674],[-3.674636,40.419462],[-3.674649,40.419444],[-3.674671,40.419435],[-3.674903,40.419445],[-3.674882,40.419683],[-3.674619,40.419674]]]},"properties":{"osmId":262987412,"osmType":"way","tags":{"building":"apartments"}}},{"type":"Feature","id":"osm-way-262987413","geometry":{"type":"Polygon","coordinates":[[[-3.674903,40.419445],[-3.675115,40.419455],[-3.675093,40.419702],[-3.674882,40.419683],[-3.674903,40.419445]]]},"properties":{"osmId":262987413,"osmType":"way","tags":{"building":"apartments"}}},{"type":"Feature","id":"osm-way-262987414","geometry":{"type":"Polygon","coordinates":[[[-3.675115,40.419455],[-3.675327,40.419465],[-3.675305,40.419713],[-3.675093,40.419702],[-3.675115,40.419455]]]},"properties":{"osmId":262987414,"osmType":"way","tags":{"building":"apartments","addr:street":"Calle de Menorca","addr:housenumber":"33","addr:postcode":"28009"}}},{"type":"Feature","id":"osm-way-262987415","geometry":{"type":"Polygon","coordinates":[[[-3.675327,40.419465],[-3.675528,40.419475],[-3.675556,40.419569],[-3.675495,40.419565],[-3.675492,40.41962],[-3.675531,40.419621],[-3.675523,40.419723],[-3.675305,40.419713],[-3.675327,40.419465]]]},"properties":{"osmId":262987415,"osmType":"way","tags":{"building":"apartments","addr:street":"Calle de Menorca","addr:housenumber":"31","addr:postcode":"28009"}}},{"type":"Feature","id":"osm-way-262989895","geometry":{"type":"Polygon","coordinates":[[[-3.673986,40.414751],[-3.673993,40.414571],[-3.673652,40.414563],[-3.673651,40.414569],[-3.67365,40.414605],[-3.673649,40.414634],[-3.673681,40.414635],[-3.673679,40.414703],[-3.673649,40.414702],[-3.673649,40.414712],[-3.673614,40.414712],[-3.673613,40.414742],[-3.673986,40.414751]]]},"properties":{"osmId":262989895,"osmType":"way","tags":{"building":"apartments","addr:street":"Plaza del Doctor Laguna","addr:housenumber":"13","addr:postcode":"28009"}}},{"type":"Feature","id":"osm-way-262989897","geometry":{"type":"Polygon","coordinates":[[[-3.672819,40.41455],[-3.672691,40.414547],[-3.672544,40.414544],[-3.672542,40.414608],[-3.672589,40.414609],[-3.672587,40.414653],[-3.67254,40.414652],[-3.672537,40.414717],[-3.672813,40.414724],[-3.672815,40.414659],[-3.672767,40.414658],[-3.672769,40.414613],[-3.672817,40.414614],[-3.672819,40.41455]]]},"properties":{"osmId":262989897,"osmType":"way","tags":{"building":"apartments","addr:street":"Plaza del Doctor Laguna","addr:housenumber":"10","addr:postcode":"28009"}}},{"type":"Feature","id":"osm-way-263177863","geometry":{"type":"Polygon","coordinates":[[[-3.677515,40.420653],[-3.677522,40.420579],[-3.677526,40.420525],[-3.677496,40.420501],[-3.677237,40.420488],[-3.677219,40.420641],[-3.677236,40.420641],[-3.677237,40.420621],[-3.677321,40.420625],[-3.67732,40.420645],[-3.677342,40.420646],[-3.677365,40.420647],[-3.677367,40.420628],[-3.677421,40.42063],[-3.67742,40.420649],[-3.677515,40.420653]]]},"properties":{"osmId":263177863,"osmType":"way","tags":{"building":"apartments"}}},{"type":"Feature","id":"osm-way-263177865","geometry":{"type":"Polygon","coordinates":[[[-3.677212,40.420723],[-3.677216,40.42068],[-3.677217,40.420661],[-3.677156,40.420658],[-3.677158,40.420637],[-3.677219,40.420641],[-3.677237,40.420488],[-3.677132,40.420483],[-3.677031,40.420479],[-3.677013,40.420713],[-3.677043,40.420714],[-3.677039,40.420771],[-3.677128,40.420774],[-3.677178,40.420776],[-3.677182,40.420721],[-3.677212,40.420723]]]},"properties":{"osmId":263177865,"osmType":"way","tags":{"building":"apartments"}}},{"type":"Feature","id":"osm-way-263177866","geometry":{"type":"Polygon","coordinates":[[[-3.677208,40.420777],[-3.677273,40.420779],[-3.677274,40.42076],[-3.67733,40.420762],[-3.677329,40.420781],[-3.677376,40.420783],[-3.677378,40.420752],[-3.677408,40.420753],[-3.677406,40.420784],[-3.677503,40.420787],[-3.67751,40.420709],[-3.677515,40.420653],[-3.67742,40.420649],[-3.677418,40.420678],[-3.677388,40.420677],[-3.67739,40.420648],[-3.677365,40.420647],[-3.677342,40.420646],[-3.67734,40.420665],[-3.677284,40.420663],[-3.677285,40.420643],[-3.677236,40.420641],[-3.677219,40.420641],[-3.677217,40.420661],[-3.677216,40.42068],[-3.677238,40.420682],[-3.677234,40.420737],[-3.677211,40.420736],[-3.677208,40.420777]]]},"properties":{"osmId":263177866,"osmType":"way","tags":{"building":"apartments"}}},{"type":"Feature","id":"osm-way-263177867","geometry":{"type":"Polygon","coordinates":[[[-3.677503,40.420787],[-3.677496,40.420854],[-3.677488,40.420926],[-3.677392,40.420922],[-3.677395,40.420878],[-3.677373,40.420877],[-3.677371,40.420905],[-3.677117,40.420894],[-3.677116,40.42091],[-3.677026,40.420906],[-3.677039,40.420771],[-3.677128,40.420774],[-3.677127,40.420792],[-3.677207,40.420795],[-3.677208,40.420777],[-3.677273,40.420779],[-3.677272,40.420796],[-3.677379,40.4208],[-3.677377,40.420826],[-3.677404,40.420827],[-3.677406,40.420784],[-3.677503,40.420787]]]},"properties":{"osmId":263177867,"osmType":"way","tags":{"building":"apartments"}}},{"type":"Feature","id":"osm-way-263177869","geometry":{"type":"Polygon","coordinates":[[[-3.677488,40.420926],[-3.677482,40.420993],[-3.677476,40.421063],[-3.67738,40.421061],[-3.677382,40.421018],[-3.677359,40.421018],[-3.677357,40.421043],[-3.677247,40.42104],[-3.677246,40.421057],[-3.677181,40.421055],[-3.677181,40.421037],[-3.677132,40.421036],[-3.677133,40.42102],[-3.677103,40.421019],[-3.677101,40.421053],[-3.677015,40.421051],[-3.677026,40.420906],[-3.677116,40.42091],[-3.677115,40.420928],[-3.677368,40.420939],[-3.677366,40.420961],[-3.677389,40.420962],[-3.677392,40.420922],[-3.677488,40.420926]]]},"properties":{"osmId":263177869,"osmType":"way","tags":{"building":"apartments"}}},{"type":"Feature","id":"osm-way-263177870","geometry":{"type":"Polygon","coordinates":[[[-3.677476,40.421063],[-3.677466,40.421155],[-3.677455,40.421252],[-3.677227,40.421247],[-3.677237,40.421148],[-3.677245,40.421065],[-3.677361,40.421072],[-3.677362,40.42106],[-3.67738,40.421061],[-3.677476,40.421063]]]},"properties":{"osmId":263177870,"osmType":"way","tags":{"building":"apartments"}}},{"type":"Feature","id":"osm-way-263177872","geometry":{"type":"Polygon","coordinates":[[[-3.677455,40.421252],[-3.677439,40.421445],[-3.67742,40.421456],[-3.677404,40.421466],[-3.677209,40.421456],[-3.677227,40.421247],[-3.677455,40.421252]]]},"properties":{"osmId":263177872,"osmType":"way","tags":{"building":"apartments"}}},{"type":"Feature","id":"osm-way-263177874","geometry":{"type":"Polygon","coordinates":[[[-3.677013,40.420713],[-3.67701,40.420722],[-3.676696,40.420708],[-3.676716,40.420463],[-3.676869,40.420473],[-3.677031,40.420479],[-3.677013,40.420713]]]},"properties":{"osmId":263177874,"osmType":"way","tags":{"building":"apartments"}}},{"type":"Feature","id":"osm-way-263177876","geometry":{"type":"Polygon","coordinates":[[[-3.676716,40.420463],[-3.676524,40.420455],[-3.676513,40.420651],[-3.676501,40.420753],[-3.676697,40.42076],[-3.676696,40.420708],[-3.676716,40.420463]]]},"properties":{"osmId":263177876,"osmType":"way","tags":{"building":"apartments"}}},{"type":"Feature","id":"osm-way-263177878","geometry":{"type":"Polygon","coordinates":[[[-3.676524,40.420455],[-3.676289,40.42044],[-3.676258,40.420464],[-3.676251,40.420543],[-3.676244,40.420639],[-3.676513,40.420651],[-3.676524,40.420455]]]},"properties":{"osmId":263177878,"osmType":"way","tags":{"building":"apartments"}}},{"type":"Feature","id":"osm-way-263177879","geometry":{"type":"Polygon","coordinates":[[[-3.676244,40.420639],[-3.676238,40.420714],[-3.676232,40.420784],[-3.676499,40.420796],[-3.676501,40.420753],[-3.676513,40.420651],[-3.676244,40.420639]]]},"properties":{"osmId":263177879,"osmType":"way","tags":{"building":"apartments"}}},{"type":"Feature","id":"osm-way-263177881","geometry":{"type":"Polygon","coordinates":[[[-3.676232,40.420784],[-3.676228,40.420831],[-3.676224,40.420871],[-3.676514,40.42088],[-3.676656,40.420884],[-3.676663,40.420807],[-3.676499,40.420796],[-3.676232,40.420784]]]},"properties":{"osmId":263177881,"osmType":"way","tags":{"building":"apartments"}}},{"type":"Feature","id":"osm-way-263177883","geometry":{"type":"Polygon","coordinates":[[[-3.676224,40.420871],[-3.676215,40.421037],[-3.676474,40.421043],[-3.676645,40.421046],[-3.676651,40.420965],[-3.676511,40.420962],[-3.676514,40.42088],[-3.676224,40.420871]]]},"properties":{"osmId":263177883,"osmType":"way","tags":{"building":"apartments","addr:street":"Calle de Narváez","addr:housenumber":"32","addr:postcode":"28009"}}},{"type":"Feature","id":"osm-way-263177884","geometry":{"type":"Polygon","coordinates":[[[-3.677209,40.421456],[-3.677028,40.421447],[-3.676759,40.421433],[-3.676643,40.421427],[-3.676666,40.421195],[-3.676665,40.421159],[-3.676748,40.421126],[-3.677237,40.421148],[-3.677227,40.421247],[-3.677209,40.421456]]]},"properties":{"osmId":263177884,"osmType":"way","tags":{"building":"apartments"}}},{"type":"Feature","id":"osm-way-263177886","geometry":{"type":"Polygon","coordinates":[[[-3.676643,40.421427],[-3.67648,40.421419],[-3.676339,40.421413],[-3.676346,40.421311],[-3.676373,40.421313],[-3.676379,40.421256],[-3.676351,40.421255],[-3.676357,40.421186],[-3.676666,40.421195],[-3.676643,40.421427]]]},"properties":{"osmId":263177886,"osmType":"way","tags":{"building":"apartments"}}},{"type":"Feature","id":"osm-way-263177889","geometry":{"type":"Polygon","coordinates":[[[-3.676339,40.421413],[-3.676285,40.42141],[-3.676222,40.421407],[-3.676191,40.421378],[-3.676192,40.421351],[-3.676196,40.421262],[-3.676299,40.421265],[-3.676296,40.421309],[-3.676346,40.421311],[-3.676339,40.421413]]]},"properties":{"osmId":263177889,"osmType":"way","tags":{"building":"apartments"}}},{"type":"Feature","id":"osm-way-263177891","geometry":{"type":"Polygon","coordinates":[[[-3.676196,40.421262],[-3.676201,40.4212],[-3.676215,40.421037],[-3.676474,40.421043],[-3.676471,40.421094],[-3.676354,40.421092],[-3.676357,40.421186],[-3.676351,40.421255],[-3.676297,40.421255],[-3.676299,40.421265],[-3.676196,40.421262]]]},"properties":{"osmId":263177891,"osmType":"way","tags":{"building":"apartments"}}},{"type":"Feature","id":"osm-way-263301652","geometry":{"type":"Polygon","coordinates":[[[-3.677204,40.418675],[-3.677202,40.41865],[-3.677197,40.418586],[-3.677194,40.418542],[-3.677188,40.418448],[-3.677473,40.418465],[-3.677574,40.418471],[-3.677553,40.418646],[-3.677544,40.418719],[-3.67739,40.418713],[-3.677392,40.418687],[-3.677204,40.418675]]]},"properties":{"osmId":263301652,"osmType":"way","tags":{"building":"apartments"}}},{"type":"Feature","id":"osm-way-263301653","geometry":{"type":"Polygon","coordinates":[[[-3.676888,40.41873],[-3.676894,40.418672],[-3.676895,40.418664],[-3.676916,40.418665],[-3.676921,40.418617],[-3.6769,40.418616],[-3.676904,40.41857],[-3.676926,40.418572],[-3.676933,40.418508],[-3.676911,40.418507],[-3.676912,40.418498],[-3.676918,40.418433],[-3.676976,40.418436],[-3.677061,40.418441],[-3.677054,40.418516],[-3.67703,40.418515],[-3.677024,40.418577],[-3.677048,40.418578],[-3.677042,40.418633],[-3.677019,40.418632],[-3.677015,40.418672],[-3.677038,40.418673],[-3.677032,40.41874],[-3.676888,40.41873]]]},"properties":{"osmId":263301653,"osmType":"way","tags":{"building":"apartments"}}},{"type":"Feature","id":"osm-way-263301654","geometry":{"type":"Polygon","coordinates":[[[-3.677061,40.418441],[-3.677111,40.418444],[-3.677188,40.418448],[-3.677194,40.418542],[-3.677169,40.418541],[-3.677165,40.418584],[-3.677197,40.418586],[-3.677202,40.41865],[-3.677181,40.418649],[-3.677175,40.418704],[-3.677206,40.418706],[-3.677209,40.418739],[-3.677201,40.418748],[-3.677143,40.418745],[-3.677144,40.418727],[-3.677083,40.418723],[-3.677081,40.418742],[-3.677032,40.41874],[-3.677038,40.418673],[-3.677059,40.418674],[-3.677062,40.418634],[-3.677042,40.418633],[-3.677048,40.418578],[-3.67707,40.41858],[-3.677076,40.418517],[-3.677054,40.418516],[-3.677061,40.418441]]]},"properties":{"osmId":263301654,"osmType":"way","tags":{"building":"apartments"}}},{"type":"Feature","id":"osm-way-263301655","geometry":{"type":"Polygon","coordinates":[[[-3.676731,40.418422],[-3.676793,40.418426],[-3.676918,40.418433],[-3.676912,40.418498],[-3.67687,40.418495],[-3.676867,40.418524],[-3.676909,40.418526],[-3.676904,40.41857],[-3.6769,40.418616],[-3.676899,40.418624],[-3.676867,40.418622],[-3.676863,40.41867],[-3.676894,40.418672],[-3.676888,40.41873],[-3.676873,40.418729],[-3.676848,40.418728],[-3.67685,40.418706],[-3.67674,40.4187],[-3.676738,40.418721],[-3.676702,40.418719],[-3.676713,40.41859],[-3.676731,40.418422]]]},"properties":{"osmId":263301655,"osmType":"way","tags":{"building":"apartments","building:levels":"8"}}},{"type":"Feature","id":"osm-way-263301656","geometry":{"type":"Polygon","coordinates":[[[-3.677711,40.418655],[-3.677725,40.418507],[-3.677693,40.418477],[-3.677574,40.418471],[-3.677553,40.418646],[-3.677711,40.418655]]]},"properties":{"osmId":263301656,"osmType":"way","tags":{"building":"apartments"}}},{"type":"Feature","id":"osm-way-263301738","geometry":{"type":"Polygon","coordinates":[[[-3.676865,40.41885],[-3.67638,40.418827],[-3.67639,40.4187],[-3.676702,40.418719],[-3.676738,40.418721],[-3.676765,40.418723],[-3.676759,40.41878],[-3.676784,40.418781],[-3.67679,40.418724],[-3.676848,40.418728],[-3.676873,40.418729],[-3.676865,40.41885]]]},"properties":{"osmId":263301738,"osmType":"way","tags":{"building":"apartments"}}},{"type":"Feature","id":"osm-way-263301739","geometry":{"type":"Polygon","coordinates":[[[-3.676731,40.418422],[-3.676713,40.41859],[-3.676399,40.418574],[-3.676411,40.41843],[-3.676451,40.418405],[-3.676552,40.418411],[-3.676731,40.418422]]]},"properties":{"osmId":263301739,"osmType":"way","tags":{"building":"apartments"}}},{"type":"Feature","id":"osm-way-263301740","geometry":{"type":"Polygon","coordinates":[[[-3.676843,40.41911],[-3.676656,40.419099],[-3.676359,40.419086],[-3.676369,40.418954],[-3.676855,40.418979],[-3.676843,40.41911]]]},"properties":{"osmId":263301740,"osmType":"way","tags":{"building":"apartments"}}},{"type":"Feature","id":"osm-way-263301741","geometry":{"type":"Polygon","coordinates":[[[-3.676369,40.418954],[-3.67638,40.418827],[-3.676865,40.41885],[-3.676855,40.418979],[-3.676369,40.418954]]]},"properties":{"osmId":263301741,"osmType":"way","tags":{"building":"apartments"}}},{"type":"Feature","id":"osm-way-263301742","geometry":{"type":"Polygon","coordinates":[[[-3.67639,40.4187],[-3.676394,40.418643],[-3.676399,40.418574],[-3.676713,40.41859],[-3.676702,40.418719],[-3.67639,40.4187]]]},"properties":{"osmId":263301742,"osmType":"way","tags":{"building":"apartments","addr:street":"Calle de Narváez","addr:housenumber":"62","addr:postcode":"28009"}}},{"type":"Feature","id":"osm-way-263301760","geometry":{"type":"Polygon","coordinates":[[[-3.676759,40.419125],[-3.676654,40.419119],[-3.676654,40.419127],[-3.676649,40.419181],[-3.67669,40.419183],[-3.676689,40.4192],[-3.676648,40.419198],[-3.676646,40.419216],[-3.676645,40.419234],[-3.676634,40.419388],[-3.676736,40.419395],[-3.676742,40.419328],[-3.676702,40.419326],[-3.676705,40.419298],[-3.676744,40.4193],[-3.676746,40.419277],[-3.676699,40.419274],[-3.676701,40.419256],[-3.676748,40.419258],[-3.676759,40.419125]]]},"properties":{"osmId":263301760,"osmType":"way","tags":{"building":"apartments"}}},{"type":"Feature","id":"osm-way-263301761","geometry":{"type":"Polygon","coordinates":[[[-3.676646,40.419216],[-3.676572,40.419213],[-3.676574,40.419191],[-3.676532,40.41919],[-3.676531,40.419211],[-3.676498,40.41921],[-3.676349,40.419204],[-3.676359,40.419086],[-3.676656,40.419099],[-3.676654,40.419119],[-3.676654,40.419127],[-3.676629,40.419126],[-3.676624,40.419188],[-3.676649,40.419189],[-3.676648,40.419198],[-3.676646,40.419216]]]},"properties":{"osmId":263301761,"osmType":"way","tags":{"building":"apartments"}}},{"type":"Feature","id":"osm-way-263301762","geometry":{"type":"Polygon","coordinates":[[[-3.677106,40.419414],[-3.676848,40.419401],[-3.676869,40.419131],[-3.677133,40.419143],[-3.677124,40.419227],[-3.677106,40.419414]]]},"properties":{"osmId":263301762,"osmType":"way","tags":{"building":"apartments"}}},{"type":"Feature","id":"osm-way-263301763","geometry":{"type":"Polygon","coordinates":[[[-3.676485,40.419383],[-3.676372,40.419377],[-3.676338,40.419349],[-3.676349,40.419204],[-3.676498,40.41921],[-3.676496,40.419229],[-3.676485,40.419383]]]},"properties":{"osmId":263301763,"osmType":"way","tags":{"building":"apartments","building:levels":"7","addr:street":"Calle de Narváez","addr:housenumber":"52","addr:postcode":"28009"}}},{"type":"Feature","id":"osm-way-263302202","geometry":{"type":"Polygon","coordinates":[[[-3.677533,40.418821],[-3.677693,40.41883],[-3.677636,40.419417],[-3.677624,40.419424],[-3.677612,40.419431],[-3.677601,40.419437],[-3.677106,40.419414],[-3.677124,40.419227],[-3.67748,40.419244],[-3.677533,40.418821]]]},"properties":{"osmId":263302202,"osmType":"way","tags":{"building":"apartments"}}},{"type":"Feature","id":"osm-way-263302242","geometry":{"type":"Polygon","coordinates":[[[-3.677702,40.418744],[-3.677693,40.41883],[-3.677533,40.418821],[-3.677544,40.418719],[-3.677553,40.418646],[-3.677711,40.418655],[-3.677702,40.418744]]]},"properties":{"osmId":263302242,"osmType":"way","tags":{"building":"apartments"}}},{"type":"Feature","id":"osm-way-263302669","geometry":{"type":"Polygon","coordinates":[[[-3.677752,40.418188],[-3.677711,40.418212],[-3.677621,40.418206],[-3.677512,40.4182],[-3.677522,40.418086],[-3.677569,40.418088],[-3.677565,40.418133],[-3.677647,40.418137],[-3.677648,40.41812],[-3.677608,40.418118],[-3.67761,40.41809],[-3.677758,40.418097],[-3.677752,40.418188]]]},"properties":{"osmId":263302669,"osmType":"way","tags":{"building":"apartments"}}},{"type":"Feature","id":"osm-way-263302705","geometry":{"type":"Polygon","coordinates":[[[-3.676949,40.418167],[-3.676955,40.418101],[-3.676957,40.41808],[-3.676963,40.418023],[-3.676965,40.418004],[-3.676969,40.417953],[-3.676971,40.417936],[-3.676977,40.417875],[-3.677009,40.417877],[-3.677006,40.417908],[-3.677043,40.41791],[-3.677046,40.417879],[-3.677118,40.417884],[-3.677115,40.417913],[-3.677152,40.417916],[-3.677155,40.417886],[-3.677191,40.417888],[-3.67716,40.418178],[-3.677057,40.418172],[-3.676949,40.418167]]]},"properties":{"osmId":263302705,"osmType":"way","tags":{"building":"apartments"}}},{"type":"Feature","id":"osm-way-263303604","geometry":{"type":"Polygon","coordinates":[[[-3.677155,40.417886],[-3.677191,40.417888],[-3.67716,40.418178],[-3.677512,40.4182],[-3.677522,40.418086],[-3.677569,40.418088],[-3.67761,40.41809],[-3.677758,40.418097],[-3.677779,40.417875],[-3.677649,40.417867],[-3.677589,40.417864],[-3.677453,40.417856],[-3.677138,40.417837],[-3.67714,40.417886],[-3.677155,40.417886]]]},"properties":{"osmId":263303604,"osmType":"way","tags":{"building":"yes","addr:street":"Calle de Ibiza","addr:housenumber":"8","addr:postcode":"28009"}}},{"type":"Feature","id":"osm-way-263305165","geometry":{"type":"Polygon","coordinates":[[[-3.664371,40.41581],[-3.664345,40.415675],[-3.663971,40.415715],[-3.663931,40.415506],[-3.664301,40.415464],[-3.664277,40.415329],[-3.663724,40.415391],[-3.663816,40.41587],[-3.664371,40.41581]]]},"properties":{"osmId":263305165,"osmType":"way","tags":{"building":"school","addr:street":"Calle de Juan Esplandiú","addr:housenumber":"2 bis","addr:postcode":"28007"}}},{"type":"Feature","id":"osm-way-263305216","geometry":{"type":"Polygon","coordinates":[[[-3.665778,40.415302],[-3.665793,40.41516],[-3.665526,40.415144],[-3.665533,40.415078],[-3.66545,40.415073],[-3.665441,40.415154],[-3.665009,40.415127],[-3.664994,40.415269],[-3.665427,40.415296],[-3.66542,40.415359],[-3.665387,40.415357],[-3.665365,40.415563],[-3.665553,40.415575],[-3.665576,40.415368],[-3.665501,40.415363],[-3.665509,40.415285],[-3.665778,40.415302]]]},"properties":{"osmId":263305216,"osmType":"way","tags":{"building":"school"}}},{"type":"Feature","id":"osm-way-263592043","geometry":{"type":"Polygon","coordinates":[[[-3.673467,40.418],[-3.673468,40.417914],[-3.673522,40.417916],[-3.67353,40.417794],[-3.673468,40.417778],[-3.673468,40.417707],[-3.6737,40.417716],[-3.673694,40.417787],[-3.673663,40.417786],[-3.673654,40.417935],[-3.673685,40.417936],[-3.673678,40.418009],[-3.673467,40.418]]]},"properties":{"osmId":263592043,"osmType":"way","tags":{"building":"apartments"}}},{"type":"Feature","id":"osm-way-264036414","geometry":{"type":"Polygon","coordinates":[[[-3.674271,40.421874],[-3.673937,40.421858],[-3.673961,40.421566],[-3.67407,40.421571],[-3.67426,40.421581],[-3.674293,40.421602],[-3.674271,40.421874]]]},"properties":{"osmId":264036414,"osmType":"way","tags":{"building":"apartments","building:levels":"11"}}},{"type":"Feature","id":"osm-way-264036415","geometry":{"type":"Polygon","coordinates":[[[-3.673937,40.421858],[-3.673918,40.422067],[-3.673917,40.422092],[-3.674251,40.422108],[-3.674261,40.421992],[-3.674271,40.421874],[-3.673937,40.421858]]]},"properties":{"osmId":264036415,"osmType":"way","tags":{"building":"apartments"}}},{"type":"Feature","id":"osm-way-264036416","geometry":{"type":"Polygon","coordinates":[[[-3.673917,40.422092],[-3.673898,40.422317],[-3.674231,40.422334],[-3.674244,40.422221],[-3.674251,40.422108],[-3.673917,40.422092]]]},"properties":{"osmId":264036416,"osmType":"way","tags":{"building":"apartments"}}},{"type":"Feature","id":"osm-way-264036417","geometry":{"type":"Polygon","coordinates":[[[-3.673898,40.422317],[-3.673681,40.422307],[-3.673702,40.422057],[-3.673918,40.422067],[-3.673917,40.422092],[-3.673898,40.422317]]]},"properties":{"osmId":264036417,"osmType":"way","tags":{"building":"apartments"}}},{"type":"Feature","id":"osm-way-264036418","geometry":{"type":"Polygon","coordinates":[[[-3.673681,40.422307],[-3.673306,40.422289],[-3.673326,40.422038],[-3.673702,40.422057],[-3.673681,40.422307]]]},"properties":{"osmId":264036418,"osmType":"way","tags":{"building":"apartments"}}},{"type":"Feature","id":"osm-way-264036419","geometry":{"type":"Polygon","coordinates":[[[-3.673306,40.422289],[-3.673192,40.422283],[-3.67321,40.422057],[-3.673212,40.422032],[-3.673326,40.422038],[-3.673306,40.422289]]]},"properties":{"osmId":264036419,"osmType":"way","tags":{"building":"apartments"}}},{"type":"Feature","id":"osm-way-264036420","geometry":{"type":"Polygon","coordinates":[[[-3.673192,40.422283],[-3.67286,40.422268],[-3.672877,40.422041],[-3.67321,40.422057],[-3.673192,40.422283]]]},"properties":{"osmId":264036420,"osmType":"way","tags":{"building":"apartments","addr:street":"Calle del Duque de Sesto","addr:housenumber":"52","addr:postcode":"28009"}}},{"type":"Feature","id":"osm-way-264036421","geometry":{"type":"Polygon","coordinates":[[[-3.672877,40.422041],[-3.672896,40.421808],[-3.67323,40.421824],[-3.673212,40.422032],[-3.67321,40.422057],[-3.672877,40.422041]]]},"properties":{"osmId":264036421,"osmType":"way","tags":{"building":"apartments","building:levels":"8","addr:street":"Calle de Máiquez","addr:housenumber":"12","addr:postcode":"28009"}}},{"type":"Feature","id":"osm-way-264036422","geometry":{"type":"Polygon","coordinates":[[[-3.672896,40.421808],[-3.672918,40.421543],[-3.672951,40.421517],[-3.673036,40.421521],[-3.673255,40.421532],[-3.67323,40.421824],[-3.672896,40.421808]]]},"properties":{"osmId":264036422,"osmType":"way","tags":{"building":"apartments","building:levels":"11"}}},{"type":"Feature","id":"osm-way-264051627","geometry":{"type":"Polygon","coordinates":[[[-3.680833,40.421844],[-3.680753,40.421865],[-3.680776,40.421941],[-3.680635,40.421966],[-3.680592,40.421826],[-3.680529,40.42165],[-3.680763,40.421609],[-3.680833,40.421844]]]},"properties":{"osmId":264051627,"osmType":"way","tags":{"building":"apartments","addr:street":"Calle de O'Donnell","addr:housenumber":"7","addr:postcode":"28009"}}},{"type":"Feature","id":"osm-way-264051628","geometry":{"type":"Polygon","coordinates":[[[-3.680833,40.421844],[-3.681021,40.421791],[-3.681008,40.421736],[-3.680984,40.42174],[-3.680973,40.421703],[-3.680997,40.421699],[-3.680961,40.421575],[-3.680763,40.421609],[-3.680833,40.421844]]]},"properties":{"osmId":264051628,"osmType":"way","tags":{"building":"apartments","addr:street":"Calle de O'Donnell","addr:housenumber":"5","addr:postcode":"28009"}}},{"type":"Feature","id":"osm-way-264051629","geometry":{"type":"Polygon","coordinates":[[[-3.680961,40.421575],[-3.681219,40.42153],[-3.681305,40.421719],[-3.681021,40.421791],[-3.681008,40.421736],[-3.680997,40.421699],[-3.680961,40.421575]]]},"properties":{"osmId":264051629,"osmType":"way","tags":{"building":"apartments","addr:street":"Calle de O'Donnell","addr:housenumber":"3","addr:postcode":"28009"}}},{"type":"Feature","id":"osm-way-264051630","geometry":{"type":"Polygon","coordinates":[[[-3.681123,40.421913],[-3.681021,40.421791],[-3.681305,40.421719],[-3.681365,40.421852],[-3.681257,40.421879],[-3.681249,40.421858],[-3.681211,40.421868],[-3.681219,40.421888],[-3.681123,40.421913]]]},"properties":{"osmId":264051630,"osmType":"way","tags":{"building":"apartments","addr:street":"Calle de Aguirre","addr:housenumber":"3","addr:postcode":"28009"}}},{"type":"Feature","id":"osm-way-264051631","geometry":{"type":"Polygon","coordinates":[[[-3.681309,40.42214],[-3.681081,40.42224],[-3.680869,40.421982],[-3.681123,40.421913],[-3.681193,40.421999],[-3.681235,40.422048],[-3.681309,40.42214]]]},"properties":{"osmId":264051631,"osmType":"way","tags":{"building":"hotel","addr:street":"Calle de Alcalá","addr:housenumber":"66","addr:postcode":"28009"}}},{"type":"Feature","id":"osm-way-264051632","geometry":{"type":"Polygon","coordinates":[[[-3.681081,40.42224],[-3.680875,40.422331],[-3.680669,40.422061],[-3.680753,40.422021],[-3.680793,40.422002],[-3.680869,40.421982],[-3.681081,40.42224]]]},"properties":{"osmId":264051632,"osmType":"way","tags":{"building":"apartments","addr:street":"Calle de Alcalá","addr:housenumber":"68","addr:postcode":"28009"}}},{"type":"Feature","id":"osm-way-264051633","geometry":{"type":"Polygon","coordinates":[[[-3.680875,40.422331],[-3.680701,40.422407],[-3.680614,40.422292],[-3.680516,40.422164],[-3.680497,40.422138],[-3.680522,40.422133],[-3.680562,40.422113],[-3.680696,40.422288],[-3.680739,40.422267],[-3.680606,40.422091],[-3.680631,40.42208],[-3.680669,40.422061],[-3.680875,40.422331]]]},"properties":{"osmId":264051633,"osmType":"way","tags":{"building":"apartments","addr:street":"Calle de Alcalá","addr:housenumber":"70","addr:postcode":"28009"}}},{"type":"Feature","id":"osm-way-264051634","geometry":{"type":"Polygon","coordinates":[[[-3.680701,40.422407],[-3.680502,40.422494],[-3.680461,40.422483],[-3.680346,40.422168],[-3.680497,40.422138],[-3.680516,40.422164],[-3.680483,40.42217],[-3.680556,40.422367],[-3.680616,40.422345],[-3.680589,40.422301],[-3.680614,40.422292],[-3.680701,40.422407]]]},"properties":{"osmId":264051634,"osmType":"way","tags":{"building":"apartments","addr:street":"Avenida de Menéndez Pelayo","addr:housenumber":"2","addr:postcode":"28009"}}},{"type":"Feature","id":"osm-way-264051635","geometry":{"type":"Polygon","coordinates":[[[-3.680635,40.421966],[-3.680293,40.422036],[-3.680346,40.422168],[-3.680497,40.422138],[-3.680522,40.422133],[-3.680562,40.422113],[-3.680606,40.422091],[-3.680631,40.42208],[-3.680618,40.422042],[-3.680658,40.422034],[-3.680635,40.421966]]]},"properties":{"osmId":264051635,"osmType":"way","tags":{"building":"apartments","addr:street":"Avenida de Menéndez Pelayo","addr:housenumber":"4","addr:postcode":"28009"}}},{"type":"Feature","id":"osm-way-264051636","geometry":{"type":"Polygon","coordinates":[[[-3.680293,40.422036],[-3.680245,40.421899],[-3.680592,40.421826],[-3.680635,40.421966],[-3.680293,40.422036]]]},"properties":{"osmId":264051636,"osmType":"way","tags":{"building":"apartments","addr:street":"Avenida de Menéndez Pelayo","addr:housenumber":"6","addr:postcode":"28009"}}},{"type":"Feature","id":"osm-way-264051637","geometry":{"type":"Polygon","coordinates":[[[-3.680245,40.421899],[-3.680185,40.421729],[-3.680214,40.421703],[-3.680529,40.42165],[-3.680592,40.421826],[-3.680245,40.421899]]]},"properties":{"osmId":264051637,"osmType":"way","tags":{"building":"apartments","addr:street":"Calle de O'Donnell","addr:housenumber":"9","addr:postcode":"28009"}}},{"type":"Feature","id":"osm-way-264051638","geometry":{"type":"Polygon","coordinates":[[[-3.674426,40.422169],[-3.67444,40.421981],[-3.674453,40.421821],[-3.674617,40.421828],[-3.67468,40.421831],[-3.674728,40.421833],[-3.674714,40.422087],[-3.674705,40.422184],[-3.674598,40.422179],[-3.674426,40.422169]]]},"properties":{"osmId":264051638,"osmType":"way","tags":{"building":"apartments"}}},{"type":"Feature","id":"osm-way-264052625","geometry":{"type":"Polygon","coordinates":[[[-3.674598,40.422179],[-3.674588,40.422273],[-3.6747,40.422278],[-3.674719,40.422279],[-3.674712,40.422359],[-3.67446,40.422345],[-3.674415,40.422306],[-3.67442,40.422237],[-3.674426,40.422169],[-3.674598,40.422179]]]},"properties":{"osmId":264052625,"osmType":"way","tags":{"building":"apartments"}}},{"type":"Feature","id":"osm-way-264052626","geometry":{"type":"Polygon","coordinates":[[[-3.674712,40.422359],[-3.674719,40.422279],[-3.6747,40.422278],[-3.674705,40.422184],[-3.674714,40.422087],[-3.67496,40.422101],[-3.674949,40.422212],[-3.674847,40.422203],[-3.674834,40.422265],[-3.674814,40.422363],[-3.674712,40.422359]]]},"properties":{"osmId":264052626,"osmType":"way","tags":{"building":"apartments"}}},{"type":"Feature","id":"osm-way-264052627","geometry":{"type":"Polygon","coordinates":[[[-3.674949,40.422212],[-3.67495,40.422225],[-3.674986,40.422226],[-3.674983,40.422267],[-3.674974,40.422371],[-3.675252,40.422384],[-3.675186,40.422256],[-3.675087,40.422252],[-3.675092,40.422193],[-3.675156,40.422197],[-3.675111,40.422108],[-3.67496,40.422101],[-3.674949,40.422212]]]},"properties":{"osmId":264052627,"osmType":"way","tags":{"building":"apartments"}}},{"type":"Feature","id":"osm-way-264052628","geometry":{"type":"Polygon","coordinates":[[[-3.675252,40.422384],[-3.67536,40.422389],[-3.675486,40.422395],[-3.675496,40.422271],[-3.675506,40.422144],[-3.675508,40.422127],[-3.675111,40.422108],[-3.675156,40.422197],[-3.675233,40.422201],[-3.67523,40.422258],[-3.675186,40.422256],[-3.675252,40.422384]]]},"properties":{"osmId":264052628,"osmType":"way","tags":{"building":"apartments"}}},{"type":"Feature","id":"osm-way-264052629","geometry":{"type":"Polygon","coordinates":[[[-3.675486,40.422395],[-3.675721,40.422407],[-3.675746,40.422388],[-3.675751,40.422324],[-3.675755,40.422283],[-3.675496,40.422271],[-3.675486,40.422395]]]},"properties":{"osmId":264052629,"osmType":"way","tags":{"building":"apartments"}}},{"type":"Feature","id":"osm-way-264052630","geometry":{"type":"Polygon","coordinates":[[[-3.675755,40.422283],[-3.675761,40.422207],[-3.675765,40.422157],[-3.675506,40.422144],[-3.675496,40.422271],[-3.675755,40.422283]]]},"properties":{"osmId":264052630,"osmType":"way","tags":{"building":"apartments"}}},{"type":"Feature","id":"osm-way-264052631","geometry":{"type":"Polygon","coordinates":[[[-3.675775,40.422032],[-3.675772,40.422079],[-3.675765,40.422157],[-3.675506,40.422144],[-3.675508,40.422127],[-3.675515,40.42202],[-3.675775,40.422032]]]},"properties":{"osmId":264052631,"osmType":"way","tags":{"building":"apartments"}}},{"type":"Feature","id":"osm-way-264052632","geometry":{"type":"Polygon","coordinates":[[[-3.675775,40.422032],[-3.675783,40.421942],[-3.675787,40.421889],[-3.67558,40.421878],[-3.675581,40.421846],[-3.675528,40.421843],[-3.675515,40.42202],[-3.675775,40.422032]]]},"properties":{"osmId":264052632,"osmType":"way","tags":{"building":"apartments"}}},{"type":"Feature","id":"osm-way-264052633","geometry":{"type":"Polygon","coordinates":[[[-3.674728,40.421833],[-3.674969,40.421844],[-3.674931,40.421785],[-3.674814,40.421779],[-3.674819,40.421718],[-3.674893,40.421722],[-3.674867,40.421606],[-3.674795,40.421603],[-3.67455,40.42159],[-3.674503,40.421587],[-3.674469,40.421611],[-3.674453,40.421821],[-3.674617,40.421828],[-3.674624,40.421741],[-3.67461,40.421738],[-3.674614,40.421677],[-3.674691,40.421681],[-3.67468,40.421831],[-3.674728,40.421833]]]},"properties":{"osmId":264052633,"osmType":"way","tags":{"building":"apartments","building:levels":"10"}}},{"type":"Feature","id":"osm-way-264052635","geometry":{"type":"Polygon","coordinates":[[[-3.675111,40.42162],[-3.675179,40.421624],[-3.675334,40.421632],[-3.67532,40.421833],[-3.675096,40.421821],[-3.675111,40.42162]]]},"properties":{"osmId":264052635,"osmType":"way","tags":{"building":"apartments"}}},{"type":"Feature","id":"osm-way-264052636","geometry":{"type":"Polygon","coordinates":[[[-3.675334,40.421632],[-3.675506,40.421641],[-3.675771,40.421656],[-3.675805,40.42168],[-3.675796,40.42183],[-3.67558,40.421818],[-3.675581,40.421846],[-3.675528,40.421843],[-3.67532,40.421833],[-3.675334,40.421632]]]},"properties":{"osmId":264052636,"osmType":"way","tags":{"building":"apartments"}}},{"type":"Feature","id":"osm-way-264052754","geometry":{"type":"Polygon","coordinates":[[[-3.671886,40.421464],[-3.671867,40.421692],[-3.671865,40.421719],[-3.672022,40.421727],[-3.672064,40.421729],[-3.672391,40.421745],[-3.672372,40.421991],[-3.672049,40.421976],[-3.671997,40.421973],[-3.671845,40.421966],[-3.671843,40.421987],[-3.671824,40.422217],[-3.672033,40.422227],[-3.672651,40.422258],[-3.672651,40.422234],[-3.672685,40.422235],[-3.672742,40.421534],[-3.67271,40.421534],[-3.672713,40.421505],[-3.672249,40.421482],[-3.67208,40.421474],[-3.671886,40.421464]]]},"properties":{"osmId":264052754,"osmType":"way","tags":{"building":"hotel","addr:street":"Calle de O'Donnell","addr:housenumber":"53","addr:postcode":"28009"}}},{"type":"Feature","id":"osm-way-264052756","geometry":{"type":"Polygon","coordinates":[[[-3.671886,40.421464],[-3.67186,40.421464],[-3.671796,40.421489],[-3.671295,40.421465],[-3.671284,40.421467],[-3.671278,40.421474],[-3.671259,40.421663],[-3.671354,40.421668],[-3.671554,40.421678],[-3.671867,40.421692],[-3.671886,40.421464]]]},"properties":{"osmId":264052756,"osmType":"way","tags":{"building":"yes"}}},{"type":"Feature","id":"osm-way-264052834","geometry":{"type":"Polygon","coordinates":[[[-3.671824,40.422217],[-3.671249,40.42219],[-3.67123,40.422181],[-3.671223,40.422166],[-3.671246,40.421814],[-3.671469,40.421823],[-3.671471,40.421782],[-3.671295,40.421773],[-3.671279,40.421771],[-3.671263,40.421766],[-3.671254,40.421755],[-3.671252,40.421738],[-3.671259,40.421726],[-3.67127,40.421717],[-3.671353,40.421686],[-3.671354,40.421668],[-3.671554,40.421678],[-3.671529,40.421972],[-3.671843,40.421987],[-3.671824,40.422217]]]},"properties":{"osmId":264052834,"osmType":"way","tags":{"building":"hospital"}}},{"type":"Feature","id":"osm-way-264059677","geometry":{"type":"Polygon","coordinates":[[[-3.681275,40.422714],[-3.681364,40.422675],[-3.681353,40.422654],[-3.68137,40.422649],[-3.681368,40.422657],[-3.681385,40.422658],[-3.681418,40.42266],[-3.68142,40.422627],[-3.681443,40.422629],[-3.681451,40.422569],[-3.681429,40.422579],[-3.681412,40.422558],[-3.681447,40.422543],[-3.681358,40.422425],[-3.681134,40.422524],[-3.681184,40.422592],[-3.681226,40.422574],[-3.681242,40.422595],[-3.6812,40.422613],[-3.681238,40.422664],[-3.681281,40.422646],[-3.681295,40.422665],[-3.681252,40.422683],[-3.681275,40.422714]]]},"properties":{"osmId":264059677,"osmType":"way","tags":{"building":"apartments"}}},{"type":"Feature","id":"osm-way-264059678","geometry":{"type":"Polygon","coordinates":[[[-3.681358,40.422425],[-3.681612,40.422315],[-3.681654,40.422337],[-3.681636,40.422555],[-3.681483,40.422547],[-3.681447,40.422543],[-3.681358,40.422425]]]},"properties":{"osmId":264059678,"osmType":"way","tags":{"building":"apartments"}}},{"type":"Feature","id":"osm-way-264059679","geometry":{"type":"Polygon","coordinates":[[[-3.680684,40.422723],[-3.680537,40.422792],[-3.680526,40.422801],[-3.680519,40.422966],[-3.680619,40.422969],[-3.68062,40.422951],[-3.680734,40.422955],[-3.680733,40.422973],[-3.680747,40.422973],[-3.680786,40.422974],[-3.680791,40.422885],[-3.680766,40.422883],[-3.68077,40.422867],[-3.680743,40.422834],[-3.680763,40.422823],[-3.680684,40.422723]]]},"properties":{"osmId":264059679,"osmType":"way","tags":{"building":"apartments"}}},{"type":"Feature","id":"osm-way-264059680","geometry":{"type":"Polygon","coordinates":[[[-3.680519,40.422966],[-3.680512,40.423034],[-3.680505,40.423117],[-3.680622,40.423122],[-3.680681,40.423124],[-3.680734,40.423126],[-3.680799,40.42313],[-3.680812,40.422975],[-3.680786,40.422974],[-3.680747,40.422973],[-3.680746,40.422988],[-3.680634,40.422985],[-3.680635,40.42297],[-3.680619,40.422969],[-3.680519,40.422966]]]},"properties":{"osmId":264059680,"osmType":"way","tags":{"building":"apartments"}}},{"type":"Feature","id":"osm-way-264059681","geometry":{"type":"Polygon","coordinates":[[[-3.680714,40.423347],[-3.680734,40.423126],[-3.680681,40.423124],[-3.68068,40.423146],[-3.680621,40.423143],[-3.680622,40.423122],[-3.680505,40.423117],[-3.680495,40.423216],[-3.680483,40.423336],[-3.680605,40.423342],[-3.680606,40.423326],[-3.680665,40.423329],[-3.680664,40.423344],[-3.680714,40.423347]]]},"properties":{"osmId":264059681,"osmType":"way","tags":{"building":"apartments"}}},{"type":"Feature","id":"osm-way-264059682","geometry":{"type":"Polygon","coordinates":[[[-3.680483,40.423336],[-3.680476,40.423415],[-3.680468,40.423504],[-3.680497,40.423529],[-3.680728,40.42354],[-3.680733,40.423476],[-3.680737,40.42343],[-3.680717,40.423429],[-3.68072,40.423394],[-3.68074,40.423395],[-3.680744,40.423348],[-3.680714,40.423347],[-3.680664,40.423344],[-3.680663,40.423356],[-3.680604,40.423353],[-3.680605,40.423342],[-3.680483,40.423336]]]},"properties":{"osmId":264059682,"osmType":"way","tags":{"building":"apartments"}}},{"type":"Feature","id":"osm-way-264059683","geometry":{"type":"Polygon","coordinates":[[[-3.680728,40.42354],[-3.680936,40.423552],[-3.680951,40.423357],[-3.680744,40.423348],[-3.68074,40.423395],[-3.680767,40.423396],[-3.68076,40.423477],[-3.680733,40.423476],[-3.680728,40.42354]]]},"properties":{"osmId":264059683,"osmType":"way","tags":{"building":"apartments"}}},{"type":"Feature","id":"osm-way-264059684","geometry":{"type":"Polygon","coordinates":[[[-3.681483,40.422547],[-3.681636,40.422555],[-3.681625,40.422671],[-3.681472,40.422663],[-3.681483,40.422547]]]},"properties":{"osmId":264059684,"osmType":"way","tags":{"building":"apartments"}}},{"type":"Feature","id":"osm-way-264059685","geometry":{"type":"Polygon","coordinates":[[[-3.681472,40.422663],[-3.681625,40.422671],[-3.681615,40.422786],[-3.681376,40.422772],[-3.681379,40.422744],[-3.681362,40.422743],[-3.681366,40.422683],[-3.681383,40.422684],[-3.681385,40.422658],[-3.681418,40.42266],[-3.681472,40.422663]]]},"properties":{"osmId":264059685,"osmType":"way","tags":{"building":"apartments"}}},{"type":"Feature","id":"osm-way-264059686","geometry":{"type":"Polygon","coordinates":[[[-3.681368,40.422883],[-3.68135,40.422882],[-3.681356,40.422807],[-3.681374,40.422808],[-3.681376,40.422772],[-3.681615,40.422786],[-3.681604,40.422934],[-3.681498,40.422928],[-3.681499,40.422914],[-3.681458,40.422911],[-3.681457,40.422925],[-3.681393,40.422921],[-3.681364,40.42292],[-3.681368,40.422883]]]},"properties":{"osmId":264059686,"osmType":"way","tags":{"building":"apartments"}}},{"type":"Feature","id":"osm-way-264059687","geometry":{"type":"Polygon","coordinates":[[[-3.681393,40.422921],[-3.681457,40.422925],[-3.681498,40.422928],[-3.681604,40.422934],[-3.681592,40.423067],[-3.681482,40.423062],[-3.681447,40.42306],[-3.68138,40.423056],[-3.681382,40.423037],[-3.681336,40.423035],[-3.681344,40.422939],[-3.681391,40.422942],[-3.681393,40.422921]]]},"properties":{"osmId":264059687,"osmType":"way","tags":{"building":"apartments"}}},{"type":"Feature","id":"osm-way-264059688","geometry":{"type":"Polygon","coordinates":[[[-3.681592,40.423067],[-3.68158,40.423216],[-3.681323,40.423205],[-3.681326,40.423169],[-3.681332,40.423089],[-3.681349,40.423089],[-3.681353,40.423055],[-3.68138,40.423056],[-3.681447,40.42306],[-3.681445,40.423077],[-3.68148,40.423079],[-3.681482,40.423062],[-3.681592,40.423067]]]},"properties":{"osmId":264059688,"osmType":"way","tags":{"building":"apartments"}}},{"type":"Feature","id":"osm-way-264059689","geometry":{"type":"Polygon","coordinates":[[[-3.681323,40.423205],[-3.681321,40.423226],[-3.681323,40.423234],[-3.681354,40.423236],[-3.681344,40.423338],[-3.681308,40.423337],[-3.681311,40.423366],[-3.681348,40.423367],[-3.681495,40.423377],[-3.681565,40.423381],[-3.68158,40.423216],[-3.681323,40.423205]]]},"properties":{"osmId":264059689,"osmType":"way","tags":{"building":"apartments"}}},{"type":"Feature","id":"osm-way-264059690","geometry":{"type":"Polygon","coordinates":[[[-3.681495,40.423377],[-3.681565,40.423381],[-3.68155,40.423556],[-3.681512,40.42358],[-3.681334,40.423571],[-3.681345,40.423411],[-3.681382,40.423414],[-3.681382,40.423396],[-3.681493,40.4234],[-3.681495,40.423377]]]},"properties":{"osmId":264059690,"osmType":"way","tags":{"building":"apartments"}}},{"type":"Feature","id":"osm-way-264059691","geometry":{"type":"Polygon","coordinates":[[[-3.681334,40.423571],[-3.681102,40.42356],[-3.681107,40.423491],[-3.681142,40.423493],[-3.681157,40.423302],[-3.681122,40.4233],[-3.681129,40.423215],[-3.681321,40.423226],[-3.681323,40.423234],[-3.681313,40.423288],[-3.681278,40.423281],[-3.681272,40.423334],[-3.681308,40.423337],[-3.681311,40.423366],[-3.681348,40.423367],[-3.681345,40.423411],[-3.681334,40.423571]]]},"properties":{"osmId":264059691,"osmType":"way","tags":{"building":"apartments"}}},{"type":"Feature","id":"osm-way-264384160","geometry":{"type":"Polygon","coordinates":[[[-3.679302,40.422138],[-3.67897,40.422121],[-3.678997,40.42184],[-3.679034,40.421815],[-3.679329,40.421829],[-3.679309,40.422045],[-3.679302,40.422138]]]},"properties":{"osmId":264384160,"osmType":"way","tags":{"building":"apartments","addr:street":"Calle de O'Donnell","addr:housenumber":"15","addr:postcode":"28009"}}},{"type":"Feature","id":"osm-way-264385400","geometry":{"type":"Polygon","coordinates":[[[-3.679623,40.42201],[-3.679647,40.42201],[-3.679666,40.422059],[-3.67962,40.422068],[-3.679618,40.42206],[-3.679309,40.422045],[-3.679329,40.421829],[-3.679635,40.421844],[-3.679628,40.42194],[-3.679596,40.421938],[-3.67959,40.422008],[-3.679623,40.42201]]]},"properties":{"osmId":264385400,"osmType":"way","tags":{"building":"apartments","addr:street":"Calle de O'Donnell","addr:housenumber":"13","addr:postcode":"28009"}}},{"type":"Feature","id":"osm-way-264385401","geometry":{"type":"Polygon","coordinates":[[[-3.679651,40.422011],[-3.679656,40.421941],[-3.679628,40.42194],[-3.679635,40.421844],[-3.679863,40.421859],[-3.679942,40.42208],[-3.679832,40.422104],[-3.679821,40.422076],[-3.679764,40.422089],[-3.679775,40.422117],[-3.679706,40.422132],[-3.679648,40.422145],[-3.67962,40.422068],[-3.679666,40.422059],[-3.679647,40.42201],[-3.679651,40.422011]]]},"properties":{"osmId":264385401,"osmType":"way","tags":{"building":"apartments","addr:street":"Calle de O'Donnell","addr:housenumber":"11","addr:postcode":"28009"}}},{"type":"Feature","id":"osm-way-264386305","geometry":{"type":"Polygon","coordinates":[[[-3.680089,40.422487],[-3.680044,40.422363],[-3.679942,40.42208],[-3.679832,40.422104],[-3.679795,40.422113],[-3.679818,40.422173],[-3.679729,40.422193],[-3.679706,40.422132],[-3.679648,40.422145],[-3.67956,40.422163],[-3.679574,40.422199],[-3.679559,40.422203],[-3.679685,40.422549],[-3.679698,40.422546],[-3.679715,40.42259],[-3.679729,40.422586],[-3.679813,40.422562],[-3.67986,40.422549],[-3.679839,40.422496],[-3.679855,40.422478],[-3.679926,40.422463],[-3.679948,40.422525],[-3.679993,40.422513],[-3.680089,40.422487]]]},"properties":{"osmId":264386305,"osmType":"way","tags":{"building":"apartments"}}},{"type":"Feature","id":"osm-way-264387370","geometry":{"type":"Polygon","coordinates":[[[-3.67969,40.42286],[-3.679841,40.422794],[-3.679704,40.422613],[-3.679632,40.422634],[-3.679617,40.422615],[-3.679579,40.422627],[-3.679614,40.4227],[-3.67964,40.422754],[-3.67969,40.42286]]]},"properties":{"osmId":264387370,"osmType":"way","tags":{"building":"apartments","addr:street":"Calle de Alcalá","addr:housenumber":"78","addr:postcode":"28009"}}},{"type":"Feature","id":"osm-way-264387371","geometry":{"type":"Polygon","coordinates":[[[-3.679841,40.422794],[-3.68,40.422724],[-3.679948,40.422656],[-3.679945,40.422652],[-3.679926,40.42266],[-3.679893,40.422617],[-3.679912,40.422609],[-3.679865,40.422548],[-3.67986,40.422549],[-3.679813,40.422562],[-3.679826,40.42258],[-3.679766,40.422606],[-3.679741,40.422604],[-3.679729,40.422586],[-3.679715,40.42259],[-3.67969,40.422597],[-3.679704,40.422613],[-3.679841,40.422794]]]},"properties":{"osmId":264387371,"osmType":"way","tags":{"building":"apartments","addr:street":"Calle de Alcalá","addr:housenumber":"76","addr:postcode":"28009"}}},{"type":"Feature","id":"osm-way-264387372","geometry":{"type":"Polygon","coordinates":[[[-3.67911,40.422809],[-3.679055,40.422836],[-3.679029,40.422836],[-3.679025,40.422884],[-3.678993,40.422898],[-3.67901,40.42292],[-3.679032,40.422947],[-3.679067,40.422992],[-3.679148,40.423099],[-3.679284,40.423038],[-3.67911,40.422809]]]},"properties":{"osmId":264387372,"osmType":"way","tags":{"building":"apartments","addr:street":"Calle de Alcalá","addr:housenumber":"86","addr:postcode":"28009"}}},{"type":"Feature","id":"osm-way-264387373","geometry":{"type":"Polygon","coordinates":[[[-3.68,40.422724],[-3.679948,40.422656],[-3.67997,40.422647],[-3.679936,40.422602],[-3.679914,40.422612],[-3.679912,40.422609],[-3.679865,40.422548],[-3.679917,40.422534],[-3.679933,40.422551],[-3.67996,40.42254],[-3.679976,40.422543],[-3.680001,40.42253],[-3.679993,40.422513],[-3.680089,40.422487],[-3.680149,40.42263],[-3.680126,40.422665],[-3.68,40.422724]]]},"properties":{"osmId":264387373,"osmType":"way","tags":{"building":"apartments","addr:street":"Calle de Alcalá","addr:housenumber":"74"}}},{"type":"Feature","id":"osm-way-264387374","geometry":{"type":"Polygon","coordinates":[[[-3.679557,40.422918],[-3.67969,40.42286],[-3.67964,40.422754],[-3.679635,40.422756],[-3.679598,40.422707],[-3.679614,40.4227],[-3.679579,40.422627],[-3.679569,40.422606],[-3.679507,40.422634],[-3.679382,40.422689],[-3.679557,40.422918]]]},"properties":{"osmId":264387374,"osmType":"way","tags":{"building":"apartments","addr:street":"Calle de Alcalá","addr:housenumber":"80","addr:postcode":"28009"}}},{"type":"Feature","id":"osm-way-264387434","geometry":{"type":"Polygon","coordinates":[[[-3.67893,40.423196],[-3.678884,40.423178],[-3.678901,40.422984],[-3.679028,40.42299],[-3.679067,40.422992],[-3.679148,40.423099],[-3.67893,40.423196]]]},"properties":{"osmId":264387434,"osmType":"way","tags":{"building":"apartments","addr:street":"Calle de Alcalá","addr:housenumber":"88","addr:postcode":"28009"}}},{"type":"Feature","id":"osm-way-264387756","geometry":{"type":"Polygon","coordinates":[[[-3.678915,40.422831],[-3.679009,40.422834],[-3.679029,40.422836],[-3.679025,40.422884],[-3.678993,40.422898],[-3.678981,40.422897],[-3.678979,40.422918],[-3.67901,40.42292],[-3.679032,40.422947],[-3.679028,40.42299],[-3.678901,40.422984],[-3.678915,40.422831]]]},"properties":{"osmId":264387756,"osmType":"way","tags":{"building":"apartments","addr:street":"Calle de Antonio Acuña","addr:housenumber":"4","addr:postcode":"28009"}}},{"type":"Feature","id":"osm-way-264388260","geometry":{"type":"Polygon","coordinates":[[[-3.678964,40.422254],[-3.67897,40.422121],[-3.679302,40.422138],[-3.679289,40.42227],[-3.678964,40.422254]]]},"properties":{"osmId":264388260,"osmType":"way","tags":{"building":"apartments","addr:street":"Calle de Antonio Acuña","addr:housenumber":"14","addr:postcode":"28009"}}},{"type":"Feature","id":"osm-way-264388261","geometry":{"type":"Polygon","coordinates":[[[-3.679289,40.42227],[-3.679394,40.422277],[-3.67938,40.422431],[-3.67895,40.422408],[-3.678964,40.422254],[-3.679289,40.42227]]]},"properties":{"osmId":264388261,"osmType":"way","tags":{"building":"apartments","addr:street":"Calle de Antonio Acuña","addr:housenumber":"12","addr:postcode":"28009"}}},{"type":"Feature","id":"osm-way-264388348","geometry":{"type":"Polygon","coordinates":[[[-3.678937,40.422561],[-3.67895,40.422408],[-3.67938,40.422431],[-3.679368,40.422582],[-3.679229,40.422575],[-3.678937,40.422561]]]},"properties":{"osmId":264388348,"osmType":"way","tags":{"building":"apartments","addr:street":"Calle de Antonio Acuña","addr:housenumber":"10","addr:postcode":"28009"}}},{"type":"Feature","id":"osm-way-264388378","geometry":{"type":"Polygon","coordinates":[[[-3.67892,40.422758],[-3.678915,40.422831],[-3.679009,40.422834],[-3.679009,40.422789],[-3.679051,40.422791],[-3.679052,40.422754],[-3.67892,40.422758]]]},"properties":{"osmId":264388378,"osmType":"way","tags":{"building":"apartments","addr:street":"Calle de Antonio Acuña","addr:housenumber":"6","addr:postcode":"28009"}}},{"type":"Feature","id":"osm-way-264398038","geometry":{"type":"Polygon","coordinates":[[[-3.676746,40.422593],[-3.676848,40.42274],[-3.676877,40.422762],[-3.677106,40.422806],[-3.677166,40.422806],[-3.67717,40.422749],[-3.677177,40.422613],[-3.676979,40.422603],[-3.676746,40.422593]]]},"properties":{"osmId":264398038,"osmType":"way","tags":{"building":"apartments"}}},{"type":"Feature","id":"osm-way-264398039","geometry":{"type":"Polygon","coordinates":[[[-3.677317,40.422813],[-3.677324,40.422738],[-3.677329,40.422676],[-3.677331,40.422647],[-3.677303,40.422619],[-3.677274,40.422617],[-3.677177,40.422613],[-3.67717,40.422749],[-3.677199,40.42275],[-3.677212,40.422808],[-3.677317,40.422813]]]},"properties":{"osmId":264398039,"osmType":"way","tags":{"building":"apartments"}}},{"type":"Feature","id":"osm-way-264398048","geometry":{"type":"Polygon","coordinates":[[[-3.676662,40.422588],[-3.676645,40.422786],[-3.676873,40.422797],[-3.676877,40.422762],[-3.676848,40.42274],[-3.676746,40.422593],[-3.676711,40.422591],[-3.676662,40.422588]]]},"properties":{"osmId":264398048,"osmType":"way","tags":{"building":"apartments"}}},{"type":"Feature","id":"osm-way-264398049","geometry":{"type":"Polygon","coordinates":[[[-3.676467,40.42258],[-3.676562,40.422584],[-3.676662,40.422588],[-3.676645,40.422786],[-3.676452,40.422777],[-3.676453,40.422754],[-3.676455,40.422713],[-3.676467,40.42258]]]},"properties":{"osmId":264398049,"osmType":"way","tags":{"building":"apartments"}}},{"type":"Feature","id":"osm-way-264398050","geometry":{"type":"Polygon","coordinates":[[[-3.676267,40.422569],[-3.676365,40.422574],[-3.676467,40.42258],[-3.676455,40.422713],[-3.676391,40.422711],[-3.676395,40.422668],[-3.676327,40.422664],[-3.676323,40.422707],[-3.676305,40.422706],[-3.676257,40.422703],[-3.676259,40.422662],[-3.676267,40.422569]]]},"properties":{"osmId":264398050,"osmType":"way","tags":{"building":"apartments"}}},{"type":"Feature","id":"osm-way-264398054","geometry":{"type":"Polygon","coordinates":[[[-3.676077,40.422695],[-3.676085,40.422583],[-3.676092,40.422571],[-3.676106,40.422564],[-3.676123,40.422563],[-3.676196,40.422566],[-3.676267,40.422569],[-3.676259,40.422662],[-3.676187,40.42266],[-3.676183,40.4227],[-3.676077,40.422695]]]},"properties":{"osmId":264398054,"osmType":"way","tags":{"building":"apartments"}}},{"type":"Feature","id":"osm-way-264398494","geometry":{"type":"Polygon","coordinates":[[[-3.677072,40.422947],[-3.677082,40.422838],[-3.677173,40.422836],[-3.677316,40.422843],[-3.677312,40.422894],[-3.677307,40.422957],[-3.677072,40.422947]]]},"properties":{"osmId":264398494,"osmType":"way","tags":{"building":"apartments"}}},{"type":"Feature","id":"osm-way-264398542","geometry":{"type":"Polygon","coordinates":[[[-3.677275,40.423343],[-3.677287,40.423187],[-3.677057,40.423175],[-3.677048,40.423283],[-3.677076,40.423284],[-3.677075,40.423303],[-3.677019,40.423301],[-3.677014,40.423366],[-3.677124,40.423372],[-3.677228,40.423378],[-3.677237,40.423382],[-3.677248,40.423383],[-3.677258,40.423382],[-3.677267,40.423378],[-3.677275,40.423373],[-3.677279,40.423366],[-3.677281,40.423358],[-3.67728,40.42335],[-3.677275,40.423343]]]},"properties":{"osmId":264398542,"osmType":"way","tags":{"building":"apartments"}}},{"type":"Feature","id":"osm-way-264398581","geometry":{"type":"Polygon","coordinates":[[[-3.676781,40.423355],[-3.676904,40.423361],[-3.677014,40.423366],[-3.677019,40.423301],[-3.677021,40.423257],[-3.67679,40.423246],[-3.676781,40.423355]]]},"properties":{"osmId":264398581,"osmType":"way","tags":{"building":"apartments"}}},{"type":"Feature","id":"osm-way-264398680","geometry":{"type":"Polygon","coordinates":[[[-3.676798,40.423158],[-3.676609,40.42315],[-3.676604,40.423208],[-3.676649,40.423211],[-3.676646,40.42324],[-3.676602,40.423237],[-3.676593,40.423348],[-3.676684,40.423351],[-3.676781,40.423355],[-3.67679,40.423246],[-3.67674,40.423244],[-3.676742,40.423215],[-3.676792,40.423217],[-3.676798,40.423158]]]},"properties":{"osmId":264398680,"osmType":"way","tags":{"building":"apartments"}}},{"type":"Feature","id":"osm-way-264398681","geometry":{"type":"Polygon","coordinates":[[[-3.676419,40.423139],[-3.676609,40.42315],[-3.676604,40.423208],[-3.676557,40.423206],[-3.676555,40.423235],[-3.676602,40.423237],[-3.676593,40.423348],[-3.676496,40.423342],[-3.676404,40.423338],[-3.676411,40.423263],[-3.676414,40.423228],[-3.676456,40.42323],[-3.676459,40.423201],[-3.676417,40.423199],[-3.676419,40.423173],[-3.676419,40.423139]]]},"properties":{"osmId":264398681,"osmType":"way","tags":{"building":"apartments"}}},{"type":"Feature","id":"osm-way-264400531","geometry":{"type":"Polygon","coordinates":[[[-3.676329,40.423169],[-3.676419,40.423173],[-3.676417,40.423199],[-3.676416,40.423201],[-3.676391,40.4232],[-3.676385,40.423261],[-3.676411,40.423263],[-3.676404,40.423338],[-3.676228,40.423329],[-3.676059,40.423321],[-3.676026,40.423293],[-3.676039,40.423156],[-3.676122,40.42316],[-3.676119,40.423184],[-3.676328,40.423194],[-3.676329,40.423169]]]},"properties":{"osmId":264400531,"osmType":"way","tags":{"building":"apartments"}}},{"type":"Feature","id":"osm-way-264400774","geometry":{"type":"Polygon","coordinates":[[[-3.676285,40.423053],[-3.676164,40.423046],[-3.676166,40.423012],[-3.676051,40.423006],[-3.676046,40.423073],[-3.676039,40.423156],[-3.676122,40.42316],[-3.676141,40.42316],[-3.676143,40.423127],[-3.676178,40.423128],[-3.676176,40.423162],[-3.676276,40.423166],[-3.676285,40.423053]]]},"properties":{"osmId":264400774,"osmType":"way","tags":{"building":"apartments"}}},{"type":"Feature","id":"osm-way-264400835","geometry":{"type":"Polygon","coordinates":[[[-3.676064,40.422851],[-3.676071,40.422767],[-3.676077,40.422695],[-3.676183,40.4227],[-3.67618,40.422737],[-3.676234,40.422739],[-3.676236,40.422702],[-3.676257,40.422703],[-3.676305,40.422706],[-3.676303,40.422723],[-3.676307,40.422721],[-3.676304,40.422754],[-3.676333,40.422755],[-3.676335,40.422728],[-3.676428,40.422733],[-3.676423,40.422805],[-3.676448,40.422805],[-3.676445,40.422852],[-3.676325,40.422847],[-3.676327,40.42282],[-3.676299,40.422818],[-3.67629,40.422862],[-3.676251,40.42286],[-3.676223,40.422859],[-3.676226,40.42282],[-3.676172,40.422818],[-3.676169,40.422856],[-3.67616,40.422856],[-3.676064,40.422851]]]},"properties":{"osmId":264400835,"osmType":"way","tags":{"building":"apartments"}}},{"type":"Feature","id":"osm-way-264405981","geometry":{"type":"Polygon","coordinates":[[[-3.676999,40.423646],[-3.67701,40.423499],[-3.677227,40.423508],[-3.677256,40.423531],[-3.67725,40.423608],[-3.677243,40.423697],[-3.677045,40.423688],[-3.677048,40.423656],[-3.677036,40.423648],[-3.676999,40.423646]]]},"properties":{"osmId":264405981,"osmType":"way","tags":{"building":"apartments"}}},{"type":"Feature","id":"osm-way-264406192","geometry":{"type":"Polygon","coordinates":[[[-3.676775,40.423487],[-3.676895,40.423493],[-3.67701,40.423499],[-3.676999,40.423646],[-3.67696,40.423645],[-3.67696,40.423684],[-3.676795,40.423676],[-3.676799,40.423637],[-3.676763,40.423635],[-3.676766,40.423599],[-3.676775,40.423487]]]},"properties":{"osmId":264406192,"osmType":"way","tags":{"building":"apartments"}}},{"type":"Feature","id":"osm-way-264406386","geometry":{"type":"Polygon","coordinates":[[[-3.676564,40.423477],[-3.67667,40.423482],[-3.676775,40.423487],[-3.676766,40.423599],[-3.676603,40.423603],[-3.676604,40.423588],[-3.676555,40.423586],[-3.676564,40.423477]]]},"properties":{"osmId":264406386,"osmType":"way","tags":{"building":"apartments"}}},{"type":"Feature","id":"osm-way-264406547","geometry":{"type":"Polygon","coordinates":[[[-3.676386,40.423467],[-3.676478,40.423473],[-3.676564,40.423477],[-3.676555,40.423586],[-3.676552,40.423623],[-3.676515,40.423621],[-3.676514,40.423651],[-3.676484,40.423659],[-3.676449,40.423668],[-3.676416,40.423676],[-3.676416,40.423643],[-3.676373,40.423641],[-3.676386,40.423467]]]},"properties":{"osmId":264406547,"osmType":"way","tags":{"building":"apartments"}}},{"type":"Feature","id":"osm-way-264406754","geometry":{"type":"Polygon","coordinates":[[[-3.67699,40.423723],[-3.677029,40.423725],[-3.677043,40.423716],[-3.677045,40.423688],[-3.677243,40.423697],[-3.67723,40.423859],[-3.677192,40.423882],[-3.67708,40.423877],[-3.676978,40.423872],[-3.67699,40.423723]]]},"properties":{"osmId":264406754,"osmType":"way","tags":{"building":"apartments"}}},{"type":"Feature","id":"osm-way-264407388","geometry":{"type":"Polygon","coordinates":[[[-3.676747,40.42386],[-3.676867,40.423866],[-3.676978,40.423872],[-3.67699,40.423723],[-3.676954,40.423723],[-3.67696,40.423684],[-3.676795,40.423676],[-3.676793,40.423714],[-3.676757,40.423712],[-3.676747,40.42386]]]},"properties":{"osmId":264407388,"osmType":"way","tags":{"building":"apartments"}}},{"type":"Feature","id":"osm-way-264407389","geometry":{"type":"Polygon","coordinates":[[[-3.676583,40.423853],[-3.676664,40.423856],[-3.676747,40.42386],[-3.676757,40.423712],[-3.676763,40.423645],[-3.676601,40.423637],[-3.676583,40.423853]]]},"properties":{"osmId":264407389,"osmType":"way","tags":{"building":"apartments"}}},{"type":"Feature","id":"osm-way-264407392","geometry":{"type":"Polygon","coordinates":[[[-3.676449,40.423668],[-3.676484,40.423659],[-3.676494,40.423687],[-3.676556,40.423671],[-3.676551,40.423642],[-3.676599,40.423631],[-3.676601,40.423637],[-3.676583,40.423853],[-3.676505,40.423848],[-3.676434,40.423846],[-3.676449,40.423668]]]},"properties":{"osmId":264407392,"osmType":"way","tags":{"building":"apartments"}}},{"type":"Feature","id":"osm-way-264407393","geometry":{"type":"Polygon","coordinates":[[[-3.67627,40.423772],[-3.676246,40.423774],[-3.67628,40.423838],[-3.676356,40.423841],[-3.676434,40.423846],[-3.676449,40.423668],[-3.676416,40.423676],[-3.676391,40.423682],[-3.676389,40.423729],[-3.676347,40.423726],[-3.676352,40.423693],[-3.676272,40.423714],[-3.67627,40.423772]]]},"properties":{"osmId":264407393,"osmType":"way","tags":{"building":"apartments"}}},{"type":"Feature","id":"osm-way-264407432","geometry":{"type":"Polygon","coordinates":[[[-3.675998,40.42365],[-3.676187,40.423658],[-3.676246,40.423774],[-3.67628,40.423838],[-3.676137,40.423832],[-3.676048,40.423829],[-3.676016,40.423823],[-3.675992,40.423808],[-3.675987,40.423784],[-3.675998,40.42365]]]},"properties":{"osmId":264407432,"osmType":"way","tags":{"building":"apartments"}}},{"type":"Feature","id":"osm-way-264407448","geometry":{"type":"Polygon","coordinates":[[[-3.676208,40.423459],[-3.676293,40.423464],[-3.676386,40.423467],[-3.676373,40.423641],[-3.67637,40.423665],[-3.676192,40.423656],[-3.676193,40.423646],[-3.676208,40.423459]]]},"properties":{"osmId":264407448,"osmType":"way","tags":{"building":"apartments"}}},{"type":"Feature","id":"osm-way-264407458","geometry":{"type":"Polygon","coordinates":[[[-3.676015,40.423474],[-3.676027,40.423466],[-3.676047,40.423453],[-3.676079,40.423453],[-3.676181,40.423646],[-3.676187,40.423658],[-3.675998,40.42365],[-3.676007,40.423553],[-3.676015,40.423474]]]},"properties":{"osmId":264407458,"osmType":"way","tags":{"building":"apartments"}}},{"type":"Feature","id":"osm-way-264526886","geometry":{"type":"Polygon","coordinates":[[[-3.67742,40.423691],[-3.677422,40.423646],[-3.677424,40.423614],[-3.677554,40.423578],[-3.677555,40.423601],[-3.677639,40.42358],[-3.677638,40.423656],[-3.677637,40.423701],[-3.67742,40.423691]]]},"properties":{"osmId":264526886,"osmType":"way","tags":{"building":"apartments"}}},{"type":"Feature","id":"osm-way-264527115","geometry":{"type":"Polygon","coordinates":[[[-3.677407,40.423842],[-3.67742,40.423691],[-3.677637,40.423701],[-3.677636,40.423741],[-3.677635,40.423777],[-3.677529,40.423824],[-3.677445,40.423862],[-3.677407,40.423842]]]},"properties":{"osmId":264527115,"osmType":"way","tags":{"building":"apartments"}}},{"type":"Feature","id":"osm-way-264532915","geometry":{"type":"Polygon","coordinates":[[[-3.675578,40.424475],[-3.675596,40.424285],[-3.675581,40.42427],[-3.675569,40.424257],[-3.675434,40.42425],[-3.675426,40.424327],[-3.675413,40.424326],[-3.675411,40.424337],[-3.675469,40.424341],[-3.675464,40.424387],[-3.675407,40.424384],[-3.675403,40.424417],[-3.6754,40.424466],[-3.675534,40.424473],[-3.675578,40.424475]]]},"properties":{"osmId":264532915,"osmType":"way","tags":{"building":"apartments","addr:street":"Calle de Narváez","addr:housenumber":"3","addr:postcode":"28009"}}},{"type":"Feature","id":"osm-way-264533053","geometry":{"type":"Polygon","coordinates":[[[-3.675254,40.424243],[-3.674976,40.42423],[-3.67431,40.424194],[-3.674274,40.424218],[-3.674247,40.424558],[-3.67426,40.424569],[-3.674276,40.424584],[-3.675448,40.424641],[-3.675514,40.424644],[-3.675565,40.424612],[-3.675568,40.424578],[-3.675578,40.424475],[-3.675534,40.424473],[-3.6754,40.424466],[-3.675365,40.424464],[-3.675276,40.424459],[-3.67524,40.424457],[-3.675242,40.424426],[-3.675254,40.424243]]]},"properties":{"osmId":264533053,"osmType":"way","tags":{"building":"retail","building:levels":"7","addr:street":"Calle de Goya","addr:housenumber":"76","addr:postcode":"28009"}}},{"type":"Feature","id":"osm-way-264534037","geometry":{"type":"Polygon","coordinates":[[[-3.675242,40.424426],[-3.675254,40.424243],[-3.675343,40.424247],[-3.675434,40.42425],[-3.675426,40.424327],[-3.675413,40.424326],[-3.675411,40.424337],[-3.675407,40.424384],[-3.675403,40.424417],[-3.675366,40.424416],[-3.675365,40.424464],[-3.675276,40.424459],[-3.675279,40.424427],[-3.675242,40.424426]]]},"properties":{"osmId":264534037,"osmType":"way","tags":{"building":"apartments"}}},{"type":"Feature","id":"osm-way-264534408","geometry":{"type":"Polygon","coordinates":[[[-3.675644,40.423607],[-3.675425,40.423597],[-3.67541,40.423797],[-3.675527,40.423804],[-3.675601,40.423808],[-3.675619,40.423803],[-3.675629,40.423794],[-3.67563,40.423784],[-3.675644,40.423607]]]},"properties":{"osmId":264534408,"osmType":"way","tags":{"building":"apartments"}}},{"type":"Feature","id":"osm-way-264534552","geometry":{"type":"Polygon","coordinates":[[[-3.675657,40.423458],[-3.675652,40.423446],[-3.67564,40.423435],[-3.675622,40.423434],[-3.675443,40.423426],[-3.675425,40.423597],[-3.675644,40.423607],[-3.675651,40.423526],[-3.675657,40.423458]]]},"properties":{"osmId":264534552,"osmType":"way","tags":{"building":"apartments"}}},{"type":"Feature","id":"osm-way-264534731","geometry":{"type":"Polygon","coordinates":[[[-3.67474,40.423764],[-3.674771,40.423766],[-3.675066,40.42378],[-3.675304,40.423792],[-3.67541,40.423797],[-3.675425,40.423597],[-3.675443,40.423426],[-3.675323,40.42342],[-3.6751,40.423408],[-3.674867,40.423396],[-3.674773,40.423391],[-3.674757,40.42356],[-3.674754,40.423596],[-3.67475,40.423648],[-3.674747,40.423687],[-3.67474,40.423764]]]},"properties":{"osmId":264534731,"osmType":"way","tags":{"building":"apartments"}}},{"type":"Feature","id":"osm-way-264535064","geometry":{"type":"Polygon","coordinates":[[[-3.674548,40.42352],[-3.674559,40.423381],[-3.67466,40.423386],[-3.674773,40.423391],[-3.674757,40.42356],[-3.674546,40.42355],[-3.674548,40.42352]]]},"properties":{"osmId":264535064,"osmType":"way","tags":{"building":"apartments"}}},{"type":"Feature","id":"osm-way-264535065","geometry":{"type":"Polygon","coordinates":[[[-3.674368,40.423374],[-3.674559,40.423381],[-3.674548,40.42352],[-3.674326,40.423509],[-3.67433,40.423449],[-3.674333,40.4234],[-3.674368,40.423374]]]},"properties":{"osmId":264535065,"osmType":"way","tags":{"building":"apartments"}}},{"type":"Feature","id":"osm-way-264535118","geometry":{"type":"Polygon","coordinates":[[[-3.674532,40.423753],[-3.674537,40.423677],[-3.674565,40.423678],[-3.674568,40.42364],[-3.67454,40.423638],[-3.674542,40.423614],[-3.674543,40.423586],[-3.674754,40.423596],[-3.67475,40.423648],[-3.674724,40.423647],[-3.674721,40.423686],[-3.674747,40.423687],[-3.67474,40.423764],[-3.674634,40.423759],[-3.674532,40.423753]]]},"properties":{"osmId":264535118,"osmType":"way","tags":{"building":"apartments"}}},{"type":"Feature","id":"osm-way-264537719","geometry":{"type":"Polygon","coordinates":[[[-3.674542,40.423614],[-3.67454,40.423638],[-3.67454,40.42364],[-3.674508,40.423639],[-3.674506,40.423658],[-3.674538,40.42366],[-3.674537,40.423677],[-3.674532,40.423753],[-3.674434,40.423749],[-3.674342,40.423744],[-3.674312,40.423718],[-3.674319,40.423606],[-3.674542,40.423614]]]},"properties":{"osmId":264537719,"osmType":"way","tags":{"building":"apartments"}}},{"type":"Feature","id":"osm-way-264547238","geometry":{"type":"Polygon","coordinates":[[[-3.673812,40.423347],[-3.673713,40.423343],[-3.673615,40.423339],[-3.673607,40.423428],[-3.67364,40.42343],[-3.673635,40.423483],[-3.673601,40.42348],[-3.6736,40.42351],[-3.673612,40.423511],[-3.673666,40.423515],[-3.673693,40.423517],[-3.673694,40.423489],[-3.673724,40.423489],[-3.673723,40.42353],[-3.673799,40.423533],[-3.673802,40.423492],[-3.673768,40.423489],[-3.673772,40.423434],[-3.673807,40.423436],[-3.673808,40.423417],[-3.673812,40.423347]]]},"properties":{"osmId":264547238,"osmType":"way","tags":{"building":"apartments"}}},{"type":"Feature","id":"osm-way-264547240","geometry":{"type":"Polygon","coordinates":[[[-3.673472,40.423332],[-3.673459,40.423334],[-3.673449,40.423342],[-3.673447,40.423404],[-3.673472,40.423446],[-3.673506,40.423503],[-3.6736,40.42351],[-3.673601,40.42348],[-3.673579,40.423479],[-3.673542,40.423424],[-3.673607,40.423428],[-3.673615,40.423339],[-3.673472,40.423332]]]},"properties":{"osmId":264547240,"osmType":"way","tags":{"building":"apartments"}}},{"type":"Feature","id":"osm-way-264547241","geometry":{"type":"Polygon","coordinates":[[[-3.674013,40.423357],[-3.673909,40.423352],[-3.673812,40.423347],[-3.673808,40.423417],[-3.673853,40.423419],[-3.673851,40.423442],[-3.673805,40.423441],[-3.673802,40.423492],[-3.673799,40.423533],[-3.673826,40.423534],[-3.67383,40.423492],[-3.673867,40.423493],[-3.673861,40.423534],[-3.673942,40.423539],[-3.673945,40.423498],[-3.673973,40.423499],[-3.673971,40.423531],[-3.674,40.423532],[-3.674,40.423524],[-3.674003,40.423489],[-3.674006,40.423453],[-3.674006,40.423452],[-3.673961,40.42345],[-3.673965,40.423425],[-3.674007,40.423427],[-3.674007,40.423425],[-3.674013,40.423357]]]},"properties":{"osmId":264547241,"osmType":"way","tags":{"building":"apartments"}}},{"type":"Feature","id":"osm-way-264547243","geometry":{"type":"Polygon","coordinates":[[[-3.673506,40.423503],[-3.673548,40.423599],[-3.673552,40.42361],[-3.673558,40.423626],[-3.673569,40.423675],[-3.673576,40.423705],[-3.67369,40.423712],[-3.673706,40.423529],[-3.673706,40.423518],[-3.673693,40.423517],[-3.673666,40.423515],[-3.673664,40.423532],[-3.67361,40.423529],[-3.673612,40.423511],[-3.6736,40.42351],[-3.673506,40.423503]]]},"properties":{"osmId":264547243,"osmType":"way","tags":{"building":"apartments"}}},{"type":"Feature","id":"osm-way-264547472","geometry":{"type":"Polygon","coordinates":[[[-3.67415,40.423496],[-3.674155,40.423432],[-3.674159,40.423388],[-3.674126,40.423362],[-3.674013,40.423357],[-3.674007,40.423425],[-3.674058,40.423428],[-3.674055,40.423456],[-3.674006,40.423453],[-3.674003,40.423489],[-3.67415,40.423496]]]},"properties":{"osmId":264547472,"osmType":"way","tags":{"building":"apartments"}}},{"type":"Feature","id":"osm-way-264547473","geometry":{"type":"Polygon","coordinates":[[[-3.674135,40.423707],[-3.674098,40.423732],[-3.673984,40.423725],[-3.67399,40.423654],[-3.674043,40.423657],[-3.674044,40.423628],[-3.673992,40.423627],[-3.673995,40.423589],[-3.674143,40.423596],[-3.674139,40.423647],[-3.674135,40.423707]]]},"properties":{"osmId":264547473,"osmType":"way","tags":{"building":"apartments"}}},{"type":"Feature","id":"osm-way-264547877","geometry":{"type":"Polygon","coordinates":[[[-3.673839,40.423717],[-3.67369,40.423712],[-3.673706,40.423529],[-3.673723,40.42353],[-3.673799,40.423533],[-3.673826,40.423534],[-3.673853,40.423535],[-3.673847,40.423619],[-3.673818,40.423618],[-3.673816,40.423645],[-3.673844,40.423646],[-3.673839,40.423717]]]},"properties":{"osmId":264547877,"osmType":"way","tags":{"building":"apartments"}}},{"type":"Feature","id":"osm-way-264547878","geometry":{"type":"Polygon","coordinates":[[[-3.673853,40.423535],[-3.673861,40.423534],[-3.673942,40.423539],[-3.673977,40.42354],[-3.673976,40.423547],[-3.673999,40.423549],[-3.673995,40.423589],[-3.673992,40.423627],[-3.673968,40.423626],[-3.673966,40.423653],[-3.67399,40.423654],[-3.673984,40.423725],[-3.673839,40.423717],[-3.673844,40.423646],[-3.673866,40.423647],[-3.673869,40.423619],[-3.673847,40.423619],[-3.673853,40.423535]]]},"properties":{"osmId":264547878,"osmType":"way","tags":{"building":"apartments"}}},{"type":"Feature","id":"osm-way-264549261","geometry":{"type":"Polygon","coordinates":[[[-3.674182,40.423101],[-3.673924,40.423089],[-3.673912,40.423216],[-3.674138,40.423227],[-3.674172,40.423202],[-3.674176,40.423164],[-3.674182,40.423101]]]},"properties":{"osmId":264549261,"osmType":"way","tags":{"building":"apartments"}}},{"type":"Feature","id":"osm-way-264549286","geometry":{"type":"Polygon","coordinates":[[[-3.674191,40.42298],[-3.674187,40.423045],[-3.674182,40.423101],[-3.673924,40.423089],[-3.673934,40.422968],[-3.674191,40.42298]]]},"properties":{"osmId":264549286,"osmType":"way","tags":{"building":"apartments","addr:street":"Calle de Fernán González","addr:housenumber":"19","addr:postcode":"28009"}}},{"type":"Feature","id":"osm-way-264549416","geometry":{"type":"Polygon","coordinates":[[[-3.674199,40.422867],[-3.674194,40.422931],[-3.674191,40.42298],[-3.673934,40.422968],[-3.673838,40.422964],[-3.673849,40.42285],[-3.673928,40.422854],[-3.673977,40.422856],[-3.673975,40.422874],[-3.674087,40.42288],[-3.674088,40.422863],[-3.674117,40.422863],[-3.674199,40.422867]]]},"properties":{"osmId":264549416,"osmType":"way","tags":{"building":"apartments"}}},{"type":"Feature","id":"osm-way-264549638","geometry":{"type":"Polygon","coordinates":[[[-3.674211,40.422737],[-3.674205,40.422802],[-3.674199,40.422867],[-3.674117,40.422863],[-3.674117,40.422844],[-3.673929,40.422836],[-3.673928,40.422854],[-3.673849,40.42285],[-3.673851,40.422811],[-3.673828,40.422809],[-3.673832,40.422763],[-3.673832,40.42276],[-3.673855,40.422762],[-3.673859,40.422719],[-3.673939,40.422723],[-3.673938,40.422743],[-3.674125,40.422752],[-3.674127,40.422733],[-3.674211,40.422737]]]},"properties":{"osmId":264549638,"osmType":"way","tags":{"building":"apartments"}}},{"type":"Feature","id":"osm-way-264550076","geometry":{"type":"Polygon","coordinates":[[[-3.674228,40.422493],[-3.674225,40.422545],[-3.674222,40.422607],[-3.674137,40.422602],[-3.674134,40.422601],[-3.674137,40.42258],[-3.673952,40.422572],[-3.673949,40.422592],[-3.673871,40.422588],[-3.673876,40.422521],[-3.673852,40.42252],[-3.673858,40.422453],[-3.674196,40.422468],[-3.674228,40.422493]]]},"properties":{"osmId":264550076,"osmType":"way","tags":{"building":"apartments"}}},{"type":"Feature","id":"osm-way-264550078","geometry":{"type":"Polygon","coordinates":[[[-3.674222,40.422607],[-3.674137,40.422602],[-3.674135,40.422623],[-3.673949,40.422614],[-3.673949,40.422592],[-3.673871,40.422588],[-3.673867,40.422631],[-3.673843,40.42263],[-3.673842,40.422639],[-3.67384,40.422669],[-3.673839,40.422679],[-3.673863,40.42268],[-3.673859,40.422719],[-3.673939,40.422723],[-3.673941,40.422706],[-3.674128,40.422715],[-3.674127,40.422733],[-3.674211,40.422737],[-3.674216,40.422674],[-3.674222,40.422607]]]},"properties":{"osmId":264550078,"osmType":"way","tags":{"building":"apartments"}}},{"type":"Feature","id":"osm-way-264550272","geometry":{"type":"Polygon","coordinates":[[[-3.673799,40.42321],[-3.673864,40.423214],[-3.673912,40.423216],[-3.673924,40.423089],[-3.673934,40.422968],[-3.673838,40.422964],[-3.67382,40.422963],[-3.673818,40.422986],[-3.673799,40.42321]]]},"properties":{"osmId":264550272,"osmType":"way","tags":{"building":"apartments"}}},{"type":"Feature","id":"osm-way-264550286","geometry":{"type":"Polygon","coordinates":[[[-3.673676,40.422978],[-3.673657,40.423203],[-3.673727,40.423207],[-3.673799,40.42321],[-3.673818,40.422986],[-3.673676,40.422978]]]},"properties":{"osmId":264550286,"osmType":"way","tags":{"building":"apartments"}}},{"type":"Feature","id":"osm-way-264550337","geometry":{"type":"Polygon","coordinates":[[[-3.673473,40.423195],[-3.673575,40.423199],[-3.673657,40.423203],[-3.673676,40.422978],[-3.673687,40.422842],[-3.673682,40.422841],[-3.673628,40.422839],[-3.673626,40.422857],[-3.673556,40.422854],[-3.673557,40.422836],[-3.673504,40.422835],[-3.673473,40.423195]]]},"properties":{"osmId":264550337,"osmType":"way","tags":{"building":"apartments"}}},{"type":"Feature","id":"osm-way-264550342","geometry":{"type":"Polygon","coordinates":[[[-3.673292,40.423186],[-3.673321,40.422856],[-3.673321,40.422826],[-3.673504,40.422835],[-3.673473,40.423195],[-3.673391,40.423191],[-3.673292,40.423186]]]},"properties":{"osmId":264550342,"osmType":"way","tags":{"building":"apartments"}}},{"type":"Feature","id":"osm-way-264550369","geometry":{"type":"Polygon","coordinates":[[[-3.673152,40.422844],[-3.673124,40.423177],[-3.673219,40.423182],[-3.673292,40.423186],[-3.673321,40.422856],[-3.673152,40.422844]]]},"properties":{"osmId":264550369,"osmType":"way","tags":{"building":"apartments"}}},{"type":"Feature","id":"osm-way-264550452","geometry":{"type":"Polygon","coordinates":[[[-3.672986,40.422838],[-3.673152,40.422844],[-3.673124,40.423177],[-3.673046,40.423174],[-3.672956,40.423169],[-3.672986,40.422838]]]},"properties":{"osmId":264550452,"osmType":"way","tags":{"building":"apartments"}}},{"type":"Feature","id":"osm-way-264550701","geometry":{"type":"Polygon","coordinates":[[[-3.672904,40.422833],[-3.672903,40.422805],[-3.672816,40.422801],[-3.67279,40.423135],[-3.672827,40.423163],[-3.672887,40.423166],[-3.672956,40.423169],[-3.672986,40.422838],[-3.672904,40.422833]]]},"properties":{"osmId":264550701,"osmType":"way","tags":{"building":"apartments"}}},{"type":"Feature","id":"osm-way-264550771","geometry":{"type":"Polygon","coordinates":[[[-3.673221,40.422423],[-3.673142,40.422419],[-3.673138,40.422464],[-3.673114,40.422463],[-3.673118,40.422418],[-3.673106,40.422408],[-3.673039,40.422404],[-3.672977,40.422401],[-3.672964,40.42241],[-3.67296,40.422456],[-3.672936,40.422454],[-3.67294,40.422409],[-3.672885,40.422406],[-3.672847,40.422431],[-3.672847,40.422438],[-3.672834,40.422444],[-3.67283,40.422497],[-3.672841,40.422503],[-3.67284,40.422521],[-3.673136,40.422535],[-3.673134,40.422553],[-3.673211,40.422557],[-3.673214,40.422516],[-3.67319,40.422516],[-3.673194,40.422481],[-3.673217,40.422482],[-3.673221,40.422423]]]},"properties":{"osmId":264550771,"osmType":"way","tags":{"building":"apartments"}}},{"type":"Feature","id":"osm-way-264550817","geometry":{"type":"Polygon","coordinates":[[[-3.67341,40.422718],[-3.673343,40.422715],[-3.673355,40.422563],[-3.673366,40.422429],[-3.673221,40.422423],[-3.673217,40.422482],[-3.673216,40.422492],[-3.673256,40.422494],[-3.673234,40.422788],[-3.673404,40.422797],[-3.67341,40.422718]]]},"properties":{"osmId":264550817,"osmType":"way","tags":{"building":"apartments"}}},{"type":"Feature","id":"osm-way-264550857","geometry":{"type":"Polygon","coordinates":[[[-3.673646,40.422443],[-3.673639,40.422511],[-3.673672,40.422512],[-3.673668,40.422576],[-3.673635,40.422575],[-3.673631,40.42263],[-3.673686,40.422633],[-3.673684,40.422662],[-3.673629,40.422659],[-3.673624,40.422722],[-3.673678,40.422724],[-3.673676,40.422756],[-3.67362,40.422753],[-3.673615,40.422816],[-3.673684,40.42282],[-3.673682,40.422841],[-3.673687,40.422842],[-3.673759,40.422845],[-3.67376,40.422824],[-3.673826,40.422827],[-3.673828,40.422809],[-3.673832,40.422763],[-3.673779,40.422761],[-3.673781,40.42273],[-3.673834,40.422732],[-3.673839,40.422679],[-3.67384,40.422669],[-3.673785,40.422667],[-3.673787,40.422637],[-3.673842,40.422639],[-3.673843,40.42263],[-3.673845,40.422586],[-3.673815,40.422584],[-3.673819,40.422521],[-3.673851,40.422523],[-3.673852,40.42252],[-3.673858,40.422453],[-3.673745,40.422448],[-3.673646,40.422443]]]},"properties":{"osmId":264550857,"osmType":"way","tags":{"building":"apartments"}}},{"type":"Feature","id":"osm-way-264550954","geometry":{"type":"Polygon","coordinates":[[[-3.672826,40.422689],[-3.672824,40.422708],[-3.672812,40.422716],[-3.672811,40.422736],[-3.672809,40.422753],[-3.67282,40.422762],[-3.672818,40.422781],[-3.673112,40.422796],[-3.673113,40.422816],[-3.673189,40.422818],[-3.67319,40.422789],[-3.673169,40.422789],[-3.673176,40.422717],[-3.673197,40.422718],[-3.6732,40.422688],[-3.673123,40.422684],[-3.673122,40.422703],[-3.672826,40.422689]]]},"properties":{"osmId":264550954,"osmType":"way","tags":{"building":"apartments"}}},{"type":"Feature","id":"osm-way-264692207","geometry":{"type":"Polygon","coordinates":[[[-3.673125,40.422664],[-3.672829,40.42265],[-3.672831,40.422632],[-3.67282,40.422621],[-3.672822,40.422601],[-3.672823,40.422585],[-3.672835,40.422578],[-3.672837,40.422558],[-3.673132,40.422573],[-3.673134,40.422553],[-3.673211,40.422557],[-3.673208,40.422587],[-3.673187,40.422586],[-3.673181,40.422656],[-3.673202,40.422658],[-3.6732,40.422688],[-3.673123,40.422684],[-3.673125,40.422664]]]},"properties":{"osmId":264692207,"osmType":"way","tags":{"building":"apartments"}}},{"type":"Feature","id":"osm-way-264692242","geometry":{"type":"Polygon","coordinates":[[[-3.674649,40.422631],[-3.674649,40.422654],[-3.674743,40.422659],[-3.674756,40.422495],[-3.674442,40.42248],[-3.674401,40.422504],[-3.674391,40.422641],[-3.674464,40.422642],[-3.674464,40.422619],[-3.674649,40.422631]]]},"properties":{"osmId":264692242,"osmType":"way","tags":{"building":"apartments","addr:street":"Calle del Duque de Sesto","addr:housenumber":"33","addr:postcode":"28009"}}},{"type":"Feature","id":"osm-way-264692517","geometry":{"type":"Polygon","coordinates":[[[-3.674961,40.422506],[-3.674861,40.422501],[-3.674756,40.422495],[-3.674743,40.422659],[-3.674733,40.4228],[-3.674732,40.422829],[-3.674936,40.422838],[-3.674961,40.422506]]]},"properties":{"osmId":264692517,"osmType":"way","tags":{"building":"apartments"}}},{"type":"Feature","id":"osm-way-264693135","geometry":{"type":"Polygon","coordinates":[[[-3.675168,40.422515],[-3.67506,40.42251],[-3.674961,40.422506],[-3.674936,40.422838],[-3.675138,40.422848],[-3.675153,40.422686],[-3.675168,40.422515]]]},"properties":{"osmId":264693135,"osmType":"way","tags":{"building":"apartments"}}},{"type":"Feature","id":"osm-way-264693136","geometry":{"type":"Polygon","coordinates":[[[-3.675703,40.422542],[-3.675645,40.422539],[-3.675565,40.422534],[-3.675553,40.42268],[-3.675721,40.422689],[-3.675731,40.422567],[-3.675703,40.422542]]]},"properties":{"osmId":264693136,"osmType":"way","tags":{"building":"apartments"}}},{"type":"Feature","id":"osm-way-264693137","geometry":{"type":"Polygon","coordinates":[[[-3.675565,40.422534],[-3.675481,40.42253],[-3.675391,40.422526],[-3.67538,40.422671],[-3.675553,40.42268],[-3.675565,40.422534]]]},"properties":{"osmId":264693137,"osmType":"way","tags":{"building":"apartments"}}},{"type":"Feature","id":"osm-way-264693138","geometry":{"type":"Polygon","coordinates":[[[-3.675391,40.422526],[-3.675285,40.422521],[-3.675168,40.422515],[-3.675153,40.422686],[-3.675378,40.422697],[-3.67538,40.422671],[-3.675391,40.422526]]]},"properties":{"osmId":264693138,"osmType":"way","tags":{"building":"apartments"}}},{"type":"Feature","id":"osm-way-264693661","geometry":{"type":"Polygon","coordinates":[[[-3.675708,40.422842],[-3.675721,40.422689],[-3.675553,40.42268],[-3.67538,40.422671],[-3.675378,40.422697],[-3.675419,40.422701],[-3.675412,40.422797],[-3.675424,40.422828],[-3.675708,40.422842]]]},"properties":{"osmId":264693661,"osmType":"way","tags":{"building":"apartments"}}},{"type":"Feature","id":"osm-way-264852452","geometry":{"type":"Polygon","coordinates":[[[-3.673757,40.41249],[-3.673496,40.412497],[-3.673493,40.412421],[-3.673754,40.412415],[-3.673757,40.41249]]]},"properties":{"osmId":264852452,"osmType":"way","tags":{"building":"public","building:levels":"2"}}},{"type":"Feature","id":"osm-way-264852468","geometry":{"type":"Polygon","coordinates":[[[-3.673006,40.413371],[-3.672991,40.413074],[-3.672544,40.413086],[-3.672546,40.413137],[-3.672512,40.413138],[-3.672524,40.413385],[-3.673006,40.413371]]]},"properties":{"osmId":264852468,"osmType":"way","tags":{"building":"public"}}},{"type":"Feature","id":"osm-way-264852492","geometry":{"type":"Polygon","coordinates":[[[-3.672982,40.412907],[-3.672978,40.412827],[-3.672718,40.412835],[-3.672723,40.412915],[-3.672982,40.412907]]]},"properties":{"osmId":264852492,"osmType":"way","tags":{"building":"public","building:levels":"3"}}},{"type":"Feature","id":"osm-way-264852493","geometry":{"type":"Polygon","coordinates":[[[-3.673261,40.412506],[-3.673257,40.412426],[-3.672997,40.412435],[-3.673002,40.412515],[-3.673261,40.412506]]]},"properties":{"osmId":264852493,"osmType":"way","tags":{"building":"public","building:levels":"2"}}},{"type":"Feature","id":"osm-way-264852494","geometry":{"type":"Polygon","coordinates":[[[-3.67354,40.412102],[-3.673536,40.412023],[-3.673274,40.412031],[-3.673278,40.41211],[-3.67354,40.412102]]]},"properties":{"osmId":264852494,"osmType":"way","tags":{"building":"public","building:levels":"2"}}},{"type":"Feature","id":"osm-way-264855207","geometry":{"type":"Polygon","coordinates":[[[-3.674382,40.422785],[-3.674461,40.422789],[-3.674463,40.422749],[-3.674629,40.422756],[-3.674627,40.422793],[-3.674733,40.4228],[-3.674743,40.422659],[-3.674649,40.422654],[-3.674647,40.422679],[-3.674463,40.422672],[-3.674464,40.422642],[-3.674391,40.422641],[-3.674385,40.42272],[-3.674382,40.422785]]]},"properties":{"osmId":264855207,"osmType":"way","tags":{"building":"apartments"}}},{"type":"Feature","id":"osm-way-264855272","geometry":{"type":"Polygon","coordinates":[[[-3.674371,40.422929],[-3.674377,40.422853],[-3.674382,40.422785],[-3.674461,40.422789],[-3.674458,40.422822],[-3.674628,40.422831],[-3.674627,40.422793],[-3.674733,40.4228],[-3.674732,40.422829],[-3.674723,40.422922],[-3.674723,40.422942],[-3.674689,40.42294],[-3.674605,40.422936],[-3.674605,40.422911],[-3.674461,40.422905],[-3.674458,40.422932],[-3.674371,40.422929]]]},"properties":{"osmId":264855272,"osmType":"way","tags":{"building":"apartments"}}},{"type":"Feature","id":"osm-way-264855273","geometry":{"type":"Polygon","coordinates":[[[-3.674359,40.423074],[-3.674365,40.422994],[-3.674371,40.422929],[-3.674458,40.422932],[-3.674461,40.422965],[-3.674603,40.422971],[-3.674605,40.422936],[-3.674689,40.42294],[-3.674683,40.423088],[-3.674592,40.423084],[-3.674592,40.423064],[-3.674455,40.423055],[-3.674452,40.423078],[-3.674359,40.423074]]]},"properties":{"osmId":264855273,"osmType":"way","tags":{"building":"apartments"}}},{"type":"Feature","id":"osm-way-264855410","geometry":{"type":"Polygon","coordinates":[[[-3.674348,40.423211],[-3.674359,40.423074],[-3.674452,40.423078],[-3.674592,40.423084],[-3.674683,40.423088],[-3.674712,40.42309],[-3.674702,40.423253],[-3.674536,40.423246],[-3.674415,40.42324],[-3.67438,40.423239],[-3.674351,40.42323],[-3.674348,40.423211]]]},"properties":{"osmId":264855410,"osmType":"way","tags":{"building":"apartments","addr:street":"Calle de Jorge Juan","addr:housenumber":"88","addr:postcode":"28009"}}},{"type":"Feature","id":"osm-way-264856241","geometry":{"type":"Polygon","coordinates":[[[-3.674928,40.422929],[-3.674723,40.422922],[-3.674723,40.422942],[-3.674702,40.423253],[-3.674807,40.423258],[-3.674902,40.423263],[-3.674928,40.422929]]]},"properties":{"osmId":264856241,"osmType":"way","tags":{"building":"apartments"}}},{"type":"Feature","id":"osm-way-264856243","geometry":{"type":"Polygon","coordinates":[[[-3.675132,40.422938],[-3.674928,40.422929],[-3.674902,40.423263],[-3.675009,40.423268],[-3.675104,40.423272],[-3.675132,40.422938]]]},"properties":{"osmId":264856243,"osmType":"way","tags":{"building":"apartments"}}},{"type":"Feature","id":"osm-way-264856244","geometry":{"type":"Polygon","coordinates":[[[-3.675449,40.422954],[-3.675132,40.422938],[-3.675104,40.423272],[-3.675275,40.42328],[-3.675422,40.423287],[-3.675449,40.422954]]]},"properties":{"osmId":264856244,"osmType":"way","tags":{"building":"apartments"}}},{"type":"Feature","id":"osm-way-264856278","geometry":{"type":"Polygon","coordinates":[[[-3.675673,40.423272],[-3.675689,40.423086],[-3.675538,40.423105],[-3.675473,40.42295],[-3.675449,40.422954],[-3.675422,40.423287],[-3.675638,40.423297],[-3.675673,40.423272]]]},"properties":{"osmId":264856278,"osmType":"way","tags":{"building":"apartments"}}},{"type":"Feature","id":"osm-way-264856279","geometry":{"type":"Polygon","coordinates":[[[-3.675698,40.42296],[-3.675703,40.422901],[-3.675708,40.422842],[-3.675424,40.422828],[-3.675473,40.42295],[-3.675698,40.42296]]]},"properties":{"osmId":264856279,"osmType":"way","tags":{"building":"apartments"}}},{"type":"Feature","id":"osm-way-264856305","geometry":{"type":"Polygon","coordinates":[[[-3.675693,40.423032],[-3.675698,40.42296],[-3.675473,40.42295],[-3.675538,40.423105],[-3.675689,40.423086],[-3.675693,40.423032]]]},"properties":{"osmId":264856305,"osmType":"way","tags":{"building":"apartments"}}},{"type":"Feature","id":"osm-way-264856951","geometry":{"type":"Polygon","coordinates":[[[-3.684235,40.42176],[-3.684198,40.422209],[-3.684196,40.422243],[-3.684182,40.422253],[-3.684157,40.42227],[-3.683558,40.42224],[-3.683572,40.422083],[-3.683966,40.422105],[-3.684002,40.42209],[-3.684018,40.421897],[-3.683847,40.42189],[-3.683854,40.421744],[-3.684235,40.42176]]]},"properties":{"osmId":264856951,"osmType":"way","tags":{"building":"hotel"}}},{"type":"Feature","id":"osm-way-264857295","geometry":{"type":"Polygon","coordinates":[[[-3.684259,40.421466],[-3.684171,40.421495],[-3.684123,40.421509],[-3.68412,40.421561],[-3.684044,40.421558],[-3.684042,40.42157],[-3.684012,40.42157],[-3.684012,40.421545],[-3.683954,40.421564],[-3.683904,40.42158],[-3.6839,40.421581],[-3.683887,40.421715],[-3.683854,40.421744],[-3.684235,40.42176],[-3.684259,40.421466]]]},"properties":{"osmId":264857295,"osmType":"way","tags":{"building":"apartments"}}},{"type":"Feature","id":"osm-way-264858429","geometry":{"type":"Polygon","coordinates":[[[-3.683789,40.421344],[-3.683936,40.421541],[-3.683954,40.421564],[-3.684012,40.421545],[-3.684021,40.421543],[-3.683957,40.421451],[-3.684056,40.421409],[-3.684081,40.421386],[-3.684109,40.421397],[-3.684177,40.421401],[-3.684171,40.421495],[-3.684259,40.421466],[-3.684274,40.42117],[-3.68422,40.421147],[-3.683789,40.421344]]]},"properties":{"osmId":264858429,"osmType":"way","tags":{"building":"apartments"}}},{"type":"Feature","id":"osm-way-264858430","geometry":{"type":"Polygon","coordinates":[[[-3.683607,40.421427],[-3.683789,40.421344],[-3.683936,40.421541],[-3.683891,40.421562],[-3.683904,40.42158],[-3.6839,40.421581],[-3.683767,40.421619],[-3.683607,40.421427]]]},"properties":{"osmId":264858430,"osmType":"way","tags":{"building":"apartments"}}},{"type":"Feature","id":"osm-way-264858442","geometry":{"type":"Polygon","coordinates":[[[-3.683409,40.421512],[-3.683607,40.421427],[-3.683767,40.421619],[-3.68355,40.421697],[-3.683409,40.421512]]]},"properties":{"osmId":264858442,"osmType":"way","tags":{"building":"apartments"}}},{"type":"Feature","id":"osm-way-264859029","geometry":{"type":"Polygon","coordinates":[[[-3.683237,40.421589],[-3.683409,40.421512],[-3.68355,40.421697],[-3.68336,40.421759],[-3.683237,40.421589]]]},"properties":{"osmId":264859029,"osmType":"way","tags":{"building":"apartments"}}},{"type":"Feature","id":"osm-way-264859100","geometry":{"type":"Polygon","coordinates":[[[-3.683141,40.421831],[-3.683153,40.421627],[-3.683237,40.421589],[-3.68336,40.421759],[-3.683251,40.421796],[-3.683141,40.421831]]]},"properties":{"osmId":264859100,"osmType":"way","tags":{"building":"apartments"}}},{"type":"Feature","id":"osm-way-264859103","geometry":{"type":"Polygon","coordinates":[[[-3.683234,40.422008],[-3.683205,40.422016],[-3.683123,40.422038],[-3.683141,40.421831],[-3.683251,40.421796],[-3.683234,40.422008]]]},"properties":{"osmId":264859103,"osmType":"way","tags":{"building":"construction","building:levels":"7"}}},{"type":"Feature","id":"osm-way-264859115","geometry":{"type":"Polygon","coordinates":[[[-3.683508,40.422051],[-3.683237,40.422038],[-3.683234,40.422008],[-3.683205,40.422016],[-3.683123,40.422038],[-3.683111,40.422191],[-3.683135,40.422218],[-3.683558,40.42224],[-3.683572,40.422083],[-3.683508,40.422051]]]},"properties":{"osmId":264859115,"osmType":"way","tags":{"building":"apartments","building:levels":"6"}}},{"type":"Feature","id":"osm-way-264859157","geometry":{"type":"Polygon","coordinates":[[[-3.682671,40.421842],[-3.682939,40.421723],[-3.682971,40.42174],[-3.68295,40.421976],[-3.682854,40.421972],[-3.682856,40.42195],[-3.682828,40.42195],[-3.682813,40.42195],[-3.682811,40.42197],[-3.682765,40.421968],[-3.682671,40.421842]]]},"properties":{"osmId":264859157,"osmType":"way","tags":{"building":"apartments"}}},{"type":"Feature","id":"osm-way-264859233","geometry":{"type":"Polygon","coordinates":[[[-3.682422,40.421951],[-3.682671,40.421842],[-3.682765,40.421968],[-3.682741,40.421996],[-3.682642,40.422037],[-3.68255,40.422075],[-3.682511,40.422092],[-3.682515,40.422068],[-3.682506,40.422056],[-3.682532,40.422044],[-3.682503,40.422007],[-3.682476,40.422019],[-3.682422,40.421951]]]},"properties":{"osmId":264859233,"osmType":"way","tags":{"building":"apartments"}}},{"type":"Feature","id":"osm-way-264859302","geometry":{"type":"Polygon","coordinates":[[[-3.682714,40.422041],[-3.682642,40.422037],[-3.68255,40.422075],[-3.682547,40.422104],[-3.682509,40.422102],[-3.682504,40.42218],[-3.6827,40.42219],[-3.682707,40.422095],[-3.682714,40.422041]]]},"properties":{"osmId":264859302,"osmType":"way","tags":{"building":"apartments"}}},{"type":"Feature","id":"osm-way-264859303","geometry":{"type":"Polygon","coordinates":[[[-3.682259,40.422023],[-3.682422,40.421951],[-3.682476,40.422019],[-3.682506,40.422056],[-3.682469,40.42207],[-3.682482,40.422089],[-3.682511,40.422092],[-3.682509,40.422102],[-3.682504,40.42218],[-3.682317,40.422172],[-3.682314,40.4221],[-3.682259,40.422023]]]},"properties":{"osmId":264859303,"osmType":"way","tags":{"building":"apartments"}}},{"type":"Feature","id":"osm-way-264859304","geometry":{"type":"Polygon","coordinates":[[[-3.682046,40.422117],[-3.682056,40.422159],[-3.682317,40.422172],[-3.682314,40.4221],[-3.682259,40.422023],[-3.682046,40.422117]]]},"properties":{"osmId":264859304,"osmType":"way","tags":{"building":"apartments"}}},{"type":"Feature","id":"osm-way-265903386","geometry":{"type":"Polygon","coordinates":[[[-3.686376,40.420663],[-3.686483,40.420883],[-3.686536,40.420878],[-3.686523,40.420851],[-3.686566,40.42084],[-3.686584,40.420873],[-3.686635,40.420867],[-3.68652,40.420631],[-3.686376,40.420663]]]},"properties":{"osmId":265903386,"osmType":"way","tags":{"building":"apartments"}}},{"type":"Feature","id":"osm-way-265903387","geometry":{"type":"Polygon","coordinates":[[[-3.686786,40.420576],[-3.68652,40.420631],[-3.686635,40.420867],[-3.686731,40.420847],[-3.686832,40.420825],[-3.686874,40.420816],[-3.686862,40.420781],[-3.686853,40.420759],[-3.686831,40.420701],[-3.686819,40.420666],[-3.686786,40.420576]]]},"properties":{"osmId":265903387,"osmType":"way","tags":{"building":"apartments"}}},{"type":"Feature","id":"osm-way-265903388","geometry":{"type":"Polygon","coordinates":[[[-3.686938,40.420544],[-3.686786,40.420576],[-3.686819,40.420666],[-3.68684,40.420661],[-3.686853,40.420696],[-3.686831,40.420701],[-3.686853,40.420759],[-3.686921,40.420745],[-3.686924,40.420754],[-3.686934,40.420752],[-3.686946,40.420676],[-3.686932,40.420679],[-3.686922,40.420653],[-3.686932,40.420651],[-3.686928,40.420641],[-3.686952,40.420636],[-3.686953,40.420632],[-3.686938,40.420544]]]},"properties":{"osmId":265903388,"osmType":"way","tags":{"building":"apartments"}}},{"type":"Feature","id":"osm-way-265903389","geometry":{"type":"Polygon","coordinates":[[[-3.686938,40.420544],[-3.687131,40.420503],[-3.687167,40.420525],[-3.687127,40.4208],[-3.686954,40.420788],[-3.686959,40.420757],[-3.686934,40.420756],[-3.686934,40.420752],[-3.686946,40.420676],[-3.686952,40.420636],[-3.686953,40.420632],[-3.686938,40.420544]]]},"properties":{"osmId":265903389,"osmType":"way","tags":{"building":"apartments"}}},{"type":"Feature","id":"osm-way-265903390","geometry":{"type":"Polygon","coordinates":[[[-3.687127,40.4208],[-3.687112,40.420907],[-3.686868,40.420895],[-3.686874,40.420816],[-3.686862,40.420781],[-3.686954,40.420788],[-3.687127,40.4208]]]},"properties":{"osmId":265903390,"osmType":"way","tags":{"building":"apartments"}}},{"type":"Feature","id":"osm-way-265903391","geometry":{"type":"Polygon","coordinates":[[[-3.687112,40.420907],[-3.687093,40.421048],[-3.687055,40.421071],[-3.686817,40.421062],[-3.686816,40.42104],[-3.686828,40.420895],[-3.686868,40.420895],[-3.687112,40.420907]]]},"properties":{"osmId":265903391,"osmType":"way","tags":{"building":"apartments"}}},{"type":"Feature","id":"osm-way-265903392","geometry":{"type":"Polygon","coordinates":[[[-3.686656,40.420863],[-3.686731,40.420847],[-3.68673,40.420867],[-3.686829,40.420871],[-3.686832,40.420825],[-3.686874,40.420816],[-3.686868,40.420895],[-3.686828,40.420895],[-3.686816,40.42104],[-3.686719,40.421037],[-3.686718,40.421057],[-3.686429,40.421044],[-3.686439,40.420908],[-3.686441,40.420887],[-3.686483,40.420883],[-3.686536,40.420878],[-3.686562,40.420875],[-3.686559,40.42091],[-3.686651,40.420913],[-3.686656,40.420863]]]},"properties":{"osmId":265903392,"osmType":"way","tags":{"building":"apartments"}}},{"type":"Feature","id":"osm-way-265907010","geometry":{"type":"Polygon","coordinates":[[[-3.687034,40.42146],[-3.68705,40.421336],[-3.687065,40.421237],[-3.687039,40.421206],[-3.68687,40.421198],[-3.686838,40.421451],[-3.687034,40.42146]]]},"properties":{"osmId":265907010,"osmType":"way","tags":{"building":"apartments"}}},{"type":"Feature","id":"osm-way-265907011","geometry":{"type":"Polygon","coordinates":[[[-3.686668,40.421192],[-3.686775,40.421195],[-3.68687,40.421198],[-3.686838,40.421451],[-3.686701,40.421444],[-3.686636,40.421441],[-3.686668,40.421192]]]},"properties":{"osmId":265907011,"osmType":"way","tags":{"building":"apartments"}}},{"type":"Feature","id":"osm-way-265907012","geometry":{"type":"Polygon","coordinates":[[[-3.686464,40.421184],[-3.686578,40.421189],[-3.686668,40.421192],[-3.686636,40.421441],[-3.686466,40.421433],[-3.686435,40.421432],[-3.686464,40.421184]]]},"properties":{"osmId":265907012,"osmType":"way","tags":{"building":"apartments"}}},{"type":"Feature","id":"osm-way-265907013","geometry":{"type":"Polygon","coordinates":[[[-3.686263,40.421173],[-3.686369,40.421178],[-3.686464,40.421184],[-3.686435,40.421432],[-3.686231,40.421423],[-3.686241,40.421346],[-3.686263,40.421173]]]},"properties":{"osmId":265907013,"osmType":"way","tags":{"building":"apartments"}}},{"type":"Feature","id":"osm-way-265907014","geometry":{"type":"Polygon","coordinates":[[[-3.686092,40.421169],[-3.686177,40.421171],[-3.686263,40.421173],[-3.686241,40.421346],[-3.686068,40.421339],[-3.686092,40.421169]]]},"properties":{"osmId":265907014,"osmType":"way","tags":{"building":"apartments"}}},{"type":"Feature","id":"osm-way-265907015","geometry":{"type":"Polygon","coordinates":[[[-3.686092,40.421169],[-3.685985,40.421163],[-3.685955,40.421161],[-3.685916,40.421184],[-3.685906,40.421332],[-3.686068,40.421339],[-3.686092,40.421169]]]},"properties":{"osmId":265907015,"osmType":"way","tags":{"building":"apartments"}}},{"type":"Feature","id":"osm-way-265907016","geometry":{"type":"Polygon","coordinates":[[[-3.685892,40.42146],[-3.685899,40.421396],[-3.685906,40.421332],[-3.686068,40.421339],[-3.686241,40.421346],[-3.686231,40.421423],[-3.686224,40.421473],[-3.685892,40.42146]]]},"properties":{"osmId":265907016,"osmType":"way","tags":{"building":"apartments"}}},{"type":"Feature","id":"osm-way-265907018","geometry":{"type":"Polygon","coordinates":[[[-3.685868,40.421659],[-3.685881,40.421552],[-3.685892,40.42146],[-3.686224,40.421473],[-3.686196,40.42167],[-3.685868,40.421659]]]},"properties":{"osmId":265907018,"osmType":"way","tags":{"building":"apartments"}}},{"type":"Feature","id":"osm-way-265907019","geometry":{"type":"Polygon","coordinates":[[[-3.686437,40.421679],[-3.686319,40.421675],[-3.686196,40.42167],[-3.686224,40.421473],[-3.686231,40.421423],[-3.686435,40.421432],[-3.686466,40.421433],[-3.686437,40.421679]]]},"properties":{"osmId":265907019,"osmType":"way","tags":{"building":"apartments"}}},{"type":"Feature","id":"osm-way-265907020","geometry":{"type":"Polygon","coordinates":[[[-3.686673,40.421692],[-3.686701,40.421444],[-3.686636,40.421441],[-3.686466,40.421433],[-3.686437,40.421679],[-3.686561,40.421686],[-3.686673,40.421692]]]},"properties":{"osmId":265907020,"osmType":"way","tags":{"building":"apartments"}}},{"type":"Feature","id":"osm-way-265907022","geometry":{"type":"Polygon","coordinates":[[[-3.687034,40.42146],[-3.687017,40.421574],[-3.687004,40.421679],[-3.686957,40.421707],[-3.686673,40.421692],[-3.686701,40.421444],[-3.686838,40.421451],[-3.687034,40.42146]]]},"properties":{"osmId":265907022,"osmType":"way","tags":{"building":"apartments"}}},{"type":"Feature","id":"osm-way-266077838","geometry":{"type":"Polygon","coordinates":[[[-3.684919,40.420975],[-3.684665,40.421026],[-3.684643,40.421059],[-3.684626,40.42136],[-3.684749,40.421325],[-3.684753,40.421324],[-3.684745,40.421308],[-3.68481,40.421291],[-3.684818,40.421307],[-3.684826,40.421305],[-3.68489,40.421287],[-3.684899,40.421285],[-3.684894,40.421272],[-3.684937,40.421261],[-3.684943,40.421274],[-3.68502,40.421254],[-3.685009,40.421221],[-3.685032,40.421215],[-3.684981,40.421107],[-3.684931,40.421119],[-3.684921,40.421091],[-3.684968,40.42108],[-3.684919,40.420975]]]},"properties":{"osmId":266077838,"osmType":"way","tags":{"building":"apartments"}}},{"type":"Feature","id":"osm-way-266077839","geometry":{"type":"Polygon","coordinates":[[[-3.684872,40.421531],[-3.684889,40.421345],[-3.68489,40.421287],[-3.684826,40.421305],[-3.684824,40.42133],[-3.684749,40.421325],[-3.684626,40.42136],[-3.684624,40.421377],[-3.68462,40.421424],[-3.68461,40.421518],[-3.684764,40.421526],[-3.684768,40.421483],[-3.684811,40.421486],[-3.684809,40.421528],[-3.684872,40.421531]]]},"properties":{"osmId":266077839,"osmType":"way","tags":{"building":"apartments"}}},{"type":"Feature","id":"osm-way-266077840","geometry":{"type":"Polygon","coordinates":[[[-3.684864,40.421614],[-3.684974,40.421619],[-3.685099,40.421624],[-3.685107,40.421532],[-3.68511,40.421485],[-3.685115,40.421429],[-3.685118,40.421392],[-3.685062,40.421388],[-3.685065,40.421351],[-3.684889,40.421345],[-3.684872,40.421531],[-3.684864,40.421614]]]},"properties":{"osmId":266077840,"osmType":"way","tags":{"building":"apartments"}}},{"type":"Feature","id":"osm-way-266077841","geometry":{"type":"Polygon","coordinates":[[[-3.685115,40.421429],[-3.68511,40.421485],[-3.685136,40.421486],[-3.685133,40.421533],[-3.685107,40.421532],[-3.685099,40.421624],[-3.685332,40.421633],[-3.685338,40.421556],[-3.68534,40.421541],[-3.685313,40.42154],[-3.685317,40.421492],[-3.685344,40.421493],[-3.685346,40.421483],[-3.685349,40.42144],[-3.685323,40.421439],[-3.685325,40.42139],[-3.685352,40.421391],[-3.685359,40.421325],[-3.685123,40.421316],[-3.685118,40.421383],[-3.685144,40.421384],[-3.685141,40.421431],[-3.685115,40.421429]]]},"properties":{"osmId":266077841,"osmType":"way","tags":{"building":"apartments"}}},{"type":"Feature","id":"osm-way-266077842","geometry":{"type":"Polygon","coordinates":[[[-3.685694,40.421647],[-3.685332,40.421633],[-3.685338,40.421556],[-3.685372,40.421558],[-3.685375,40.421521],[-3.685342,40.421519],[-3.685344,40.421493],[-3.685346,40.421483],[-3.685416,40.421486],[-3.685458,40.421487],[-3.685708,40.421498],[-3.685694,40.421647]]]},"properties":{"osmId":266077842,"osmType":"way","tags":{"building":"apartments"}}},{"type":"Feature","id":"osm-way-266077843","geometry":{"type":"Polygon","coordinates":[[[-3.684919,40.420975],[-3.685079,40.420941],[-3.685105,40.421018],[-3.685087,40.421022],[-3.685096,40.421048],[-3.685115,40.421044],[-3.685161,40.421182],[-3.685141,40.421187],[-3.685155,40.421218],[-3.68507,40.421239],[-3.685056,40.421209],[-3.685032,40.421215],[-3.684981,40.421107],[-3.685001,40.421104],[-3.684991,40.421076],[-3.684968,40.42108],[-3.684919,40.420975]]]},"properties":{"osmId":266077843,"osmType":"way","tags":{"building":"apartments"}}},{"type":"Feature","id":"osm-way-266077844","geometry":{"type":"Polygon","coordinates":[[[-3.685079,40.420941],[-3.685281,40.420899],[-3.685315,40.421002],[-3.685298,40.421005],[-3.685316,40.421061],[-3.685333,40.421058],[-3.685359,40.421138],[-3.685314,40.421148],[-3.685324,40.421174],[-3.685217,40.421202],[-3.685206,40.421172],[-3.685161,40.421182],[-3.685115,40.421044],[-3.685139,40.421038],[-3.685129,40.421013],[-3.685105,40.421018],[-3.685079,40.420941]]]},"properties":{"osmId":266077844,"osmType":"way","tags":{"building":"apartments"}}},{"type":"Feature","id":"osm-way-266077845","geometry":{"type":"Polygon","coordinates":[[[-3.685472,40.420859],[-3.685281,40.420899],[-3.685315,40.421002],[-3.68536,40.420993],[-3.685378,40.421049],[-3.685333,40.421058],[-3.685359,40.421138],[-3.685366,40.42116],[-3.685415,40.42115],[-3.685409,40.421127],[-3.68546,40.421116],[-3.685468,40.421133],[-3.685529,40.421119],[-3.685514,40.421077],[-3.685551,40.42107],[-3.685552,40.421067],[-3.685531,40.421014],[-3.685513,40.421018],[-3.685493,40.420961],[-3.68551,40.420958],[-3.685472,40.420859]]]},"properties":{"osmId":266077845,"osmType":"way","tags":{"building":"apartments"}}},{"type":"Feature","id":"osm-way-266077846","geometry":{"type":"Polygon","coordinates":[[[-3.685551,40.420977],[-3.685542,40.420952],[-3.68551,40.420958],[-3.685472,40.420859],[-3.68572,40.420807],[-3.68573,40.420807],[-3.685742,40.420809],[-3.685756,40.420815],[-3.685766,40.420828],[-3.685769,40.420845],[-3.68576,40.420937],[-3.685711,40.420932],[-3.685702,40.420958],[-3.685648,40.420955],[-3.685654,40.420915],[-3.68564,40.420918],[-3.685646,40.420935],[-3.685623,40.42094],[-3.685616,40.420923],[-3.685579,40.420931],[-3.685593,40.420967],[-3.685551,40.420977]]]},"properties":{"osmId":266077846,"osmType":"way","tags":{"building":"apartments"}}},{"type":"Feature","id":"osm-way-266077847","geometry":{"type":"Polygon","coordinates":[[[-3.685749,40.42106],[-3.685735,40.421217],[-3.685439,40.421209],[-3.685447,40.42114],[-3.685468,40.421133],[-3.685529,40.421119],[-3.685528,40.421155],[-3.685587,40.421158],[-3.685593,40.421102],[-3.685598,40.4211],[-3.685749,40.42106]]]},"properties":{"osmId":266077847,"osmType":"way","tags":{"building":"apartments"}}},{"type":"Feature","id":"osm-way-266077848","geometry":{"type":"Polygon","coordinates":[[[-3.68539,40.421393],[-3.685352,40.421391],[-3.685351,40.421415],[-3.685417,40.421418],[-3.685416,40.421432],[-3.68535,40.421429],[-3.685349,40.42144],[-3.685346,40.421483],[-3.685416,40.421486],[-3.685418,40.421466],[-3.685459,40.421467],[-3.685458,40.421487],[-3.685708,40.421498],[-3.685717,40.421406],[-3.68539,40.421393]]]},"properties":{"osmId":266077848,"osmType":"way","tags":{"building":"apartments"}}},{"type":"Feature","id":"osm-way-266079588","geometry":{"type":"Polygon","coordinates":[[[-3.672909,40.42591],[-3.67287,40.42585],[-3.672634,40.425837],[-3.672601,40.425859],[-3.672587,40.426031],[-3.672624,40.426048],[-3.672756,40.425984],[-3.672909,40.42591]]]},"properties":{"osmId":266079588,"osmType":"way","tags":{"building":"apartments","building:levels":"8"}}},{"type":"Feature","id":"osm-way-266079590","geometry":{"type":"Polygon","coordinates":[[[-3.672909,40.42591],[-3.67297,40.425881],[-3.672979,40.42587],[-3.672976,40.425859],[-3.672966,40.425854],[-3.672919,40.425852],[-3.67287,40.42585],[-3.672909,40.42591]]]},"properties":{"osmId":266079590,"osmType":"way","tags":{"building":"apartments","building:levels":"4"}}},{"type":"Feature","id":"osm-way-266079956","geometry":{"type":"Polygon","coordinates":[[[-3.673032,40.424325],[-3.672973,40.424273],[-3.672927,40.424315],[-3.672902,40.424299],[-3.672946,40.42425],[-3.672923,40.42423],[-3.672899,40.424209],[-3.67289,40.424208],[-3.672868,40.424207],[-3.672868,40.424229],[-3.672849,40.42428],[-3.672823,40.424279],[-3.672829,40.424205],[-3.672734,40.424201],[-3.672715,40.424482],[-3.672742,40.424506],[-3.67276,40.42451],[-3.672784,40.424503],[-3.672858,40.424462],[-3.672901,40.424435],[-3.672947,40.424397],[-3.673032,40.424325]]]},"properties":{"osmId":266079956,"osmType":"way","tags":{"building":"apartments"}}},{"type":"Feature","id":"osm-way-266079957","geometry":{"type":"Polygon","coordinates":[[[-3.673032,40.424325],[-3.673101,40.424265],[-3.673142,40.424215],[-3.673163,40.424175],[-3.673179,40.424134],[-3.67313,40.424058],[-3.672744,40.424047],[-3.672734,40.424201],[-3.672829,40.424205],[-3.672868,40.424207],[-3.67289,40.424208],[-3.672893,40.424166],[-3.67296,40.424169],[-3.672957,40.424208],[-3.672923,40.42423],[-3.672946,40.42425],[-3.672973,40.424273],[-3.673032,40.424325]]]},"properties":{"osmId":266079957,"osmType":"way","tags":{"building":"apartments"}}},{"type":"Feature","id":"osm-way-266079958","geometry":{"type":"Polygon","coordinates":[[[-3.673133,40.423531],[-3.673032,40.423425],[-3.672987,40.423391],[-3.672855,40.423303],[-3.672782,40.423301],[-3.672762,40.423605],[-3.672861,40.423609],[-3.672862,40.423589],[-3.672951,40.423588],[-3.673038,40.423556],[-3.67305,40.423573],[-3.673133,40.423531]]]},"properties":{"osmId":266079958,"osmType":"way","tags":{"building":"apartments"}}},{"type":"Feature","id":"osm-way-266079959","geometry":{"type":"Polygon","coordinates":[[[-3.67305,40.423573],[-3.673044,40.42366],[-3.672966,40.423656],[-3.672967,40.423642],[-3.672873,40.423638],[-3.672861,40.423609],[-3.672762,40.423605],[-3.672755,40.423733],[-3.673145,40.423753],[-3.673216,40.423684],[-3.673133,40.423531],[-3.67305,40.423573]]]},"properties":{"osmId":266079959,"osmType":"way","tags":{"building":"apartments"}}},{"type":"Feature","id":"osm-way-266232494","geometry":{"type":"Polygon","coordinates":[[[-3.677383,40.422048],[-3.677408,40.421762],[-3.677379,40.421734],[-3.67718,40.421724],[-3.677094,40.42172],[-3.677087,40.421804],[-3.677111,40.421807],[-3.677104,40.421885],[-3.67708,40.421884],[-3.677079,40.421913],[-3.677068,40.422014],[-3.677068,40.422033],[-3.677383,40.422048]]]},"properties":{"osmId":266232494,"osmType":"way","tags":{"building":"apartments"}}},{"type":"Feature","id":"osm-way-266232495","geometry":{"type":"Polygon","coordinates":[[[-3.677383,40.422048],[-3.677377,40.422111],[-3.677371,40.422173],[-3.676935,40.422149],[-3.676887,40.422146],[-3.676889,40.422124],[-3.676944,40.422095],[-3.677014,40.422098],[-3.677068,40.422033],[-3.677383,40.422048]]]},"properties":{"osmId":266232495,"osmType":"way","tags":{"building":"apartments"}}},{"type":"Feature","id":"osm-way-266232496","geometry":{"type":"Polygon","coordinates":[[[-3.676929,40.422203],[-3.676935,40.422149],[-3.677371,40.422173],[-3.677367,40.422233],[-3.677362,40.422298],[-3.677076,40.422284],[-3.676967,40.422277],[-3.676843,40.422273],[-3.676796,40.422211],[-3.67681,40.422208],[-3.67681,40.422197],[-3.676929,40.422203]]]},"properties":{"osmId":266232496,"osmType":"way","tags":{"building":"apartments"}}},{"type":"Feature","id":"osm-way-266232497","geometry":{"type":"Polygon","coordinates":[[[-3.677362,40.422298],[-3.677354,40.422393],[-3.677348,40.42246],[-3.677313,40.422485],[-3.677108,40.422476],[-3.677059,40.422474],[-3.677076,40.422284],[-3.677362,40.422298]]]},"properties":{"osmId":266232497,"osmType":"way","tags":{"building":"apartments"}}},{"type":"Feature","id":"osm-way-266232499","geometry":{"type":"Polygon","coordinates":[[[-3.676967,40.422277],[-3.677076,40.422284],[-3.677059,40.422474],[-3.677021,40.422471],[-3.676992,40.422469],[-3.676843,40.422273],[-3.676967,40.422277]]]},"properties":{"osmId":266232499,"osmType":"way","tags":{"building":"apartments"}}},{"type":"Feature","id":"osm-way-266232500","geometry":{"type":"Polygon","coordinates":[[[-3.676992,40.422469],[-3.67687,40.422462],[-3.676822,40.422459],[-3.676637,40.422205],[-3.676796,40.422211],[-3.676843,40.422273],[-3.676992,40.422469]]]},"properties":{"osmId":266232500,"osmType":"way","tags":{"building":"apartments"}}},{"type":"Feature","id":"osm-way-266232501","geometry":{"type":"Polygon","coordinates":[[[-3.676647,40.42245],[-3.676671,40.422451],[-3.676822,40.422459],[-3.676637,40.422205],[-3.676472,40.4222],[-3.676542,40.4223],[-3.676647,40.42245]]]},"properties":{"osmId":266232501,"osmType":"way","tags":{"building":"apartments"}}},{"type":"Feature","id":"osm-way-266232503","geometry":{"type":"Polygon","coordinates":[[[-3.676312,40.422434],[-3.676424,40.422439],[-3.676453,40.42244],[-3.676647,40.42245],[-3.676542,40.4223],[-3.676472,40.4222],[-3.676391,40.422182],[-3.676116,40.422169],[-3.676107,40.422266],[-3.676324,40.422278],[-3.676324,40.422283],[-3.676387,40.422286],[-3.676382,40.422344],[-3.676319,40.422341],[-3.676312,40.422434]]]},"properties":{"osmId":266232503,"osmType":"way","tags":{"building":"apartments"}}},{"type":"Feature","id":"osm-way-266237718","geometry":{"type":"Polygon","coordinates":[[[-3.676323,40.421915],[-3.67614,40.421907],[-3.676156,40.421701],[-3.676193,40.421674],[-3.676276,40.421678],[-3.676299,40.421679],[-3.676323,40.421915]]]},"properties":{"osmId":266237718,"osmType":"way","tags":{"building":"apartments"}}},{"type":"Feature","id":"osm-way-266237719","geometry":{"type":"Polygon","coordinates":[[[-3.676124,40.422068],[-3.676133,40.421977],[-3.67614,40.421907],[-3.676323,40.421915],[-3.676329,40.421965],[-3.676323,40.422089],[-3.676124,40.422068]]]},"properties":{"osmId":266237719,"osmType":"way","tags":{"building":"apartments"}}},{"type":"Feature","id":"osm-way-266237720","geometry":{"type":"Polygon","coordinates":[[[-3.676124,40.422068],[-3.676122,40.422101],[-3.676116,40.422169],[-3.676391,40.422182],[-3.676399,40.4221],[-3.676323,40.422089],[-3.676124,40.422068]]]},"properties":{"osmId":266237720,"osmType":"way","tags":{"building":"apartments"}}},{"type":"Feature","id":"osm-way-266237721","geometry":{"type":"Polygon","coordinates":[[[-3.67664,40.421697],[-3.676753,40.421702],[-3.676889,40.42171],[-3.676885,40.421794],[-3.676775,40.421788],[-3.67685,40.421875],[-3.676795,40.421898],[-3.676788,40.42189],[-3.676616,40.421696],[-3.67664,40.421697]]]},"properties":{"osmId":266237721,"osmType":"way","tags":{"building":"apartments"}}},{"type":"Feature","id":"osm-way-266237722","geometry":{"type":"Polygon","coordinates":[[[-3.676329,40.421965],[-3.676641,40.421981],[-3.67663,40.421964],[-3.676428,40.421687],[-3.67636,40.421683],[-3.676299,40.421679],[-3.676323,40.421915],[-3.676329,40.421965]]]},"properties":{"osmId":266237722,"osmType":"way","tags":{"building":"apartments"}}},{"type":"Feature","id":"osm-way-266237723","geometry":{"type":"Polygon","coordinates":[[[-3.676428,40.421687],[-3.676499,40.42169],[-3.676616,40.421696],[-3.676788,40.42189],[-3.67663,40.421964],[-3.676428,40.421687]]]},"properties":{"osmId":266237723,"osmType":"way","tags":{"building":"apartments"}}},{"type":"Feature","id":"osm-way-266255979","geometry":{"type":"Polygon","coordinates":[[[-3.673895,40.412291],[-3.673891,40.41221],[-3.673631,40.412218],[-3.673636,40.412299],[-3.673895,40.412291]]]},"properties":{"osmId":266255979,"osmType":"way","tags":{"building":"public","building:levels":"2"}}},{"type":"Feature","id":"osm-way-266255980","geometry":{"type":"Polygon","coordinates":[[[-3.673859,40.412094],[-3.673855,40.412015],[-3.673592,40.412023],[-3.673597,40.412102],[-3.673859,40.412094]]]},"properties":{"osmId":266255980,"osmType":"way","tags":{"building":"public","building:levels":"2"}}},{"type":"Feature","id":"osm-way-266255981","geometry":{"type":"Polygon","coordinates":[[[-3.673584,40.412323],[-3.673493,40.412325],[-3.673488,40.412171],[-3.673579,40.412169],[-3.673584,40.412323]]]},"properties":{"osmId":266255981,"osmType":"way","tags":{"building":"public","building:levels":"1"}}},{"type":"Feature","id":"osm-way-266255982","geometry":{"type":"Polygon","coordinates":[[[-3.673122,40.412706],[-3.673119,40.412627],[-3.672857,40.412634],[-3.672861,40.412714],[-3.673122,40.412706]]]},"properties":{"osmId":266255982,"osmType":"way","tags":{"building":"public","building:levels":"2"}}},{"type":"Feature","id":"osm-way-266255983","geometry":{"type":"Polygon","coordinates":[[[-3.673478,40.412893],[-3.673473,40.412812],[-3.673214,40.412821],[-3.673218,40.412902],[-3.673478,40.412893]]]},"properties":{"osmId":266255983,"osmType":"way","tags":{"building":"public","building:levels":"3"}}},{"type":"Feature","id":"osm-way-266255984","geometry":{"type":"Polygon","coordinates":[[[-3.673357,40.412699],[-3.673353,40.412621],[-3.673614,40.412614],[-3.673617,40.412692],[-3.673357,40.412699]]]},"properties":{"osmId":266255984,"osmType":"way","tags":{"building":"public","building:levels":"2"}}},{"type":"Feature","id":"osm-way-266255985","geometry":{"type":"Polygon","coordinates":[[[-3.673401,40.412305],[-3.673396,40.412226],[-3.673136,40.412234],[-3.67314,40.412313],[-3.673401,40.412305]]]},"properties":{"osmId":266255985,"osmType":"way","tags":{"building":"public","building:levels":"2"}}},{"type":"Feature","id":"osm-way-266255986","geometry":{"type":"Polygon","coordinates":[[[-3.673442,40.412519],[-3.673319,40.412523],[-3.673311,40.412375],[-3.673434,40.412371],[-3.673442,40.412519]]]},"properties":{"osmId":266255986,"osmType":"way","tags":{"building":"public","building:levels":"1"}}},{"type":"Feature","id":"osm-way-266255987","geometry":{"type":"Polygon","coordinates":[[[-3.673304,40.41272],[-3.673175,40.412724],[-3.673167,40.412575],[-3.673297,40.412572],[-3.673304,40.41272]]]},"properties":{"osmId":266255987,"osmType":"way","tags":{"building":"public","building:levels":"1"}}},{"type":"Feature","id":"osm-way-267344896","geometry":{"type":"Polygon","coordinates":[[[-3.666679,40.419489],[-3.666588,40.419461],[-3.666542,40.419449],[-3.66673,40.41909],[-3.666869,40.419136],[-3.666679,40.419489]]]},"properties":{"osmId":267344896,"osmType":"way","tags":{"building":"apartments"}}},{"type":"Feature","id":"osm-way-267344898","geometry":{"type":"Polygon","coordinates":[[[-3.666669,40.419895],[-3.66672,40.419794],[-3.666842,40.419829],[-3.666792,40.41993],[-3.666669,40.419895]]]},"properties":{"osmId":267344898,"osmType":"way","tags":{"building":"apartments"}}},{"type":"Feature","id":"osm-way-267344899","geometry":{"type":"Polygon","coordinates":[[[-3.66672,40.419794],[-3.666599,40.41976],[-3.66656,40.419833],[-3.66658,40.419838],[-3.666573,40.419867],[-3.666669,40.419895],[-3.66672,40.419794]]]},"properties":{"osmId":267344899,"osmType":"way","tags":{"building":"apartments"}}},{"type":"Feature","id":"osm-way-267344902","geometry":{"type":"Polygon","coordinates":[[[-3.666882,40.419595],[-3.666737,40.419555],[-3.666692,40.419641],[-3.666679,40.419666],[-3.666824,40.419709],[-3.666857,40.419644],[-3.666882,40.419595]]]},"properties":{"osmId":267344902,"osmType":"way","tags":{"building":"apartments"}}},{"type":"Feature","id":"osm-way-267344903","geometry":{"type":"Polygon","coordinates":[[[-3.667155,40.419804],[-3.666824,40.419709],[-3.666857,40.419644],[-3.667077,40.419706],[-3.667186,40.419737],[-3.667155,40.419804]]]},"properties":{"osmId":267344903,"osmType":"way","tags":{"building":"apartments"}}},{"type":"Feature","id":"osm-way-267344904","geometry":{"type":"Polygon","coordinates":[[[-3.667512,40.419087],[-3.666832,40.418885],[-3.66673,40.41909],[-3.666869,40.419136],[-3.666896,40.41909],[-3.6673,40.419199],[-3.667281,40.419233],[-3.667421,40.419275],[-3.667512,40.419087]]]},"properties":{"osmId":267344904,"osmType":"way","tags":{"building":"apartments"}}},{"type":"Feature","id":"osm-way-267344905","geometry":{"type":"Polygon","coordinates":[[[-3.666521,40.419884],[-3.666401,40.419849],[-3.666468,40.419722],[-3.666599,40.41976],[-3.66656,40.419833],[-3.666547,40.419828],[-3.666521,40.419884]]]},"properties":{"osmId":267344905,"osmType":"way","tags":{"building":"apartments"}}},{"type":"Feature","id":"osm-way-267344906","geometry":{"type":"Polygon","coordinates":[[[-3.666966,40.420082],[-3.666979,40.420058],[-3.66699,40.420062],[-3.667061,40.419919],[-3.66705,40.419916],[-3.667062,40.419893],[-3.666842,40.419829],[-3.666804,40.419907],[-3.66684,40.419917],[-3.666823,40.41995],[-3.666787,40.419939],[-3.666776,40.41996],[-3.666751,40.420018],[-3.666966,40.420082]]]},"properties":{"osmId":267344906,"osmType":"way","tags":{"building":"apartments"}}},{"type":"Feature","id":"osm-way-267355905","geometry":{"type":"Polygon","coordinates":[[[-3.663341,40.417617],[-3.663203,40.417585],[-3.663191,40.417589],[-3.663174,40.417632],[-3.66318,40.417637],[-3.663172,40.417637],[-3.663163,40.417663],[-3.663169,40.417669],[-3.663167,40.417674],[-3.663157,40.417676],[-3.663146,40.417703],[-3.663151,40.417706],[-3.663144,40.417708],[-3.663136,40.417729],[-3.663141,40.417732],[-3.663134,40.417733],[-3.663107,40.417803],[-3.66311,40.417807],[-3.663105,40.417808],[-3.663094,40.417836],[-3.663099,40.417839],[-3.663097,40.417845],[-3.663089,40.417847],[-3.663082,40.417863],[-3.663086,40.417868],[-3.66308,40.41787],[-3.663051,40.417932],[-3.663035,40.417964],[-3.663039,40.417968],[-3.663033,40.417968],[-3.663018,40.417995],[-3.663022,40.418],[-3.663019,40.418005],[-3.663012,40.418006],[-3.662997,40.41803],[-3.663,40.418034],[-3.662995,40.418034],[-3.662979,40.41806],[-3.662953,40.418097],[-3.662957,40.418101],[-3.66295,40.418101],[-3.662939,40.418116],[-3.662943,40.418121],[-3.662935,40.418121],[-3.662917,40.418144],[-3.66292,40.41815],[-3.662917,40.418155],[-3.662908,40.418155],[-3.66289,40.418176],[-3.662893,40.418182],[-3.662885,40.418181],[-3.662857,40.418215],[-3.662861,40.418227],[-3.662977,40.418289],[-3.662992,40.41829],[-3.66303,40.418247],[-3.663036,40.418248],[-3.66306,40.41822],[-3.663085,40.418187],[-3.663083,40.418181],[-3.663114,40.418136],[-3.663111,40.418133],[-3.663116,40.418132],[-3.663147,40.418087],[-3.663156,40.418086],[-3.663175,40.418052],[-3.663192,40.418021],[-3.663188,40.418017],[-3.663213,40.417967],[-3.66321,40.417965],[-3.663215,40.417965],[-3.663237,40.417914],[-3.663243,40.417912],[-3.663255,40.417881],[-3.66327,40.417845],[-3.663265,40.417842],[-3.663284,40.417794],[-3.66328,40.417791],[-3.663285,40.41779],[-3.663304,40.417741],[-3.66331,40.41774],[-3.663323,40.417707],[-3.663335,40.417674],[-3.663331,40.417671],[-3.663349,40.417624],[-3.663341,40.417617]]]},"properties":{"osmId":267355905,"osmType":"way","tags":{"building":"apartments"}}},{"type":"Feature","id":"osm-way-267359661","geometry":{"type":"Polygon","coordinates":[[[-3.663928,40.416769],[-3.664009,40.416714],[-3.664094,40.416665],[-3.664183,40.416619],[-3.664276,40.416578],[-3.664374,40.416541],[-3.664476,40.416508],[-3.664416,40.416393],[-3.664332,40.41642],[-3.664275,40.41644],[-3.664202,40.416468],[-3.664125,40.416502],[-3.664071,40.416527],[-3.664001,40.416564],[-3.663934,40.416602],[-3.663881,40.416634],[-3.66382,40.416679],[-3.663928,40.416769]]]},"properties":{"osmId":267359661,"osmType":"way","tags":{"building":"apartments","building:levels":"14","addr:street":"Calle del Marqués de Lozoya","addr:housenumber":"12","addr:postcode":"28007"}}},{"type":"Feature","id":"osm-way-268511048","geometry":{"type":"Polygon","coordinates":[[[-3.686927,40.421809],[-3.686746,40.421802],[-3.686727,40.421947],[-3.686958,40.421968],[-3.686975,40.42185],[-3.686927,40.421809]]]},"properties":{"osmId":268511048,"osmType":"way","tags":{"building":"apartments"}}},{"type":"Feature","id":"osm-way-268511049","geometry":{"type":"Polygon","coordinates":[[[-3.686929,40.422172],[-3.686958,40.421968],[-3.686727,40.421947],[-3.686632,40.421939],[-3.686604,40.422147],[-3.686929,40.422172]]]},"properties":{"osmId":268511049,"osmType":"way","tags":{"building":"apartments"}}},{"type":"Feature","id":"osm-way-268511050","geometry":{"type":"Polygon","coordinates":[[[-3.686294,40.42205],[-3.68611,40.422043],[-3.686113,40.421986],[-3.686117,40.421776],[-3.686315,40.421785],[-3.686298,40.421985],[-3.686294,40.42205]]]},"properties":{"osmId":268511050,"osmType":"way","tags":{"building":"apartments"}}},{"type":"Feature","id":"osm-way-268511051","geometry":{"type":"Polygon","coordinates":[[[-3.686525,40.421793],[-3.686315,40.421785],[-3.686298,40.421985],[-3.686507,40.421994],[-3.686512,40.42193],[-3.686525,40.421793]]]},"properties":{"osmId":268511051,"osmType":"way","tags":{"building":"apartments"}}},{"type":"Feature","id":"osm-way-268511052","geometry":{"type":"Polygon","coordinates":[[[-3.6861,40.422362],[-3.686105,40.422195],[-3.686029,40.422192],[-3.686035,40.422144],[-3.685811,40.422128],[-3.685793,40.422308],[-3.685841,40.422349],[-3.6861,40.422362]]]},"properties":{"osmId":268511052,"osmType":"way","tags":{"building":"apartments"}}},{"type":"Feature","id":"osm-way-268511053","geometry":{"type":"Polygon","coordinates":[[[-3.686113,40.421986],[-3.686117,40.421776],[-3.685849,40.421765],[-3.685827,40.421977],[-3.686113,40.421986]]]},"properties":{"osmId":268511053,"osmType":"way","tags":{"building":"apartments"}}},{"type":"Feature","id":"osm-way-268511054","geometry":{"type":"Polygon","coordinates":[[[-3.686899,40.422373],[-3.686929,40.422172],[-3.686604,40.422147],[-3.6866,40.422172],[-3.686566,40.422383],[-3.686863,40.422395],[-3.686899,40.422373]]]},"properties":{"osmId":268511054,"osmType":"way","tags":{"building":"apartments"}}},{"type":"Feature","id":"osm-way-268511055","geometry":{"type":"Polygon","coordinates":[[[-3.686106,40.422147],[-3.68611,40.422043],[-3.686113,40.421986],[-3.685827,40.421977],[-3.685811,40.422128],[-3.686035,40.422144],[-3.686106,40.422147]]]},"properties":{"osmId":268511055,"osmType":"way","tags":{"building":"apartments"}}},{"type":"Feature","id":"osm-way-268511056","geometry":{"type":"Polygon","coordinates":[[[-3.686491,40.422171],[-3.686417,40.422167],[-3.686409,40.422272],[-3.686179,40.422261],[-3.686186,40.422156],[-3.686107,40.422152],[-3.686105,40.422195],[-3.6861,40.422362],[-3.686281,40.42237],[-3.686472,40.42238],[-3.686491,40.422171]]]},"properties":{"osmId":268511056,"osmType":"way","tags":{"building":"office"}}},{"type":"Feature","id":"osm-way-268511057","geometry":{"type":"Polygon","coordinates":[[[-3.686746,40.421802],[-3.686525,40.421793],[-3.686512,40.42193],[-3.686632,40.421939],[-3.686727,40.421947],[-3.686746,40.421802]]]},"properties":{"osmId":268511057,"osmType":"way","tags":{"building":"apartments"}}},{"type":"Feature","id":"osm-way-268511284","geometry":{"type":"Polygon","coordinates":[[[-3.686553,40.422383],[-3.686517,40.422381],[-3.686472,40.42238],[-3.686491,40.422171],[-3.6866,40.422172],[-3.686566,40.422383],[-3.686553,40.422383]]]},"properties":{"osmId":268511284,"osmType":"way","tags":{"building":"apartments"}}},{"type":"Feature","id":"osm-way-268522434","geometry":{"type":"Polygon","coordinates":[[[-3.671678,40.414374],[-3.671712,40.413966],[-3.670959,40.413929],[-3.670924,40.414338],[-3.671678,40.414374]]]},"properties":{"osmId":268522434,"osmType":"way","tags":{"building":"yes"}}},{"type":"Feature","id":"osm-way-268784246","geometry":{"type":"Polygon","coordinates":[[[-3.686699,40.423802],[-3.686725,40.423606],[-3.686394,40.423574],[-3.68636,40.423809],[-3.686659,40.423824],[-3.686699,40.423802]]]},"properties":{"osmId":268784246,"osmType":"way","tags":{"building":"yes"}}},{"type":"Feature","id":"osm-way-268784247","geometry":{"type":"Polygon","coordinates":[[[-3.686725,40.423606],[-3.686761,40.423388],[-3.686436,40.423361],[-3.686394,40.423574],[-3.686725,40.423606]]]},"properties":{"osmId":268784247,"osmType":"way","tags":{"building":"yes"}}},{"type":"Feature","id":"osm-way-268784248","geometry":{"type":"Polygon","coordinates":[[[-3.686454,40.423167],[-3.686483,40.422963],[-3.686813,40.422993],[-3.686785,40.423193],[-3.686454,40.423167]]]},"properties":{"osmId":268784248,"osmType":"way","tags":{"building":"apartments"}}},{"type":"Feature","id":"osm-way-268784249","geometry":{"type":"Polygon","coordinates":[[[-3.686761,40.423388],[-3.686785,40.423193],[-3.686454,40.423167],[-3.686436,40.423361],[-3.686761,40.423388]]]},"properties":{"osmId":268784249,"osmType":"way","tags":{"building":"apartments"}}},{"type":"Feature","id":"osm-way-268784250","geometry":{"type":"Polygon","coordinates":[[[-3.686813,40.422993],[-3.686827,40.422889],[-3.686841,40.422788],[-3.686514,40.422761],[-3.686483,40.422963],[-3.686813,40.422993]]]},"properties":{"osmId":268784250,"osmType":"way","tags":{"building":"apartments"}}},{"type":"Feature","id":"osm-way-269106483","geometry":{"type":"Polygon","coordinates":[[[-3.686428,40.422787],[-3.686433,40.422756],[-3.686438,40.422709],[-3.686439,40.422696],[-3.686451,40.422569],[-3.686457,40.422514],[-3.686311,40.422508],[-3.686158,40.422503],[-3.686138,40.422772],[-3.686428,40.422787]]]},"properties":{"osmId":269106483,"osmType":"way","tags":{"building":"office","building:levels":"8"}}},{"type":"Feature","id":"osm-way-269106484","geometry":{"type":"Polygon","coordinates":[[[-3.686114,40.4225],[-3.685807,40.422482],[-3.68577,40.422504],[-3.685747,40.422754],[-3.686088,40.42277],[-3.686114,40.4225]]]},"properties":{"osmId":269106484,"osmType":"way","tags":{"building":"apartments"}}},{"type":"Feature","id":"osm-way-269106485","geometry":{"type":"Polygon","coordinates":[[[-3.686289,40.42364],[-3.686079,40.423624],[-3.686055,40.423798],[-3.686268,40.42381],[-3.686289,40.42364]]]},"properties":{"osmId":269106485,"osmType":"way","tags":{"building":"yes"}}},{"type":"Feature","id":"osm-way-269106486","geometry":{"type":"Polygon","coordinates":[[[-3.685874,40.42379],[-3.685769,40.423785],[-3.685676,40.42378],[-3.685657,40.423768],[-3.685637,40.423756],[-3.685665,40.423501],[-3.68591,40.423517],[-3.685874,40.42379]]]},"properties":{"osmId":269106486,"osmType":"way","tags":{"building":"yes","building:levels":"6","addr:street":"Callejón de Jorge Juan"}}},{"type":"Feature","id":"osm-way-269106487","geometry":{"type":"Polygon","coordinates":[[[-3.68583,40.42351],[-3.685858,40.423306],[-3.685937,40.423312],[-3.685947,40.423261],[-3.685697,40.423247],[-3.685687,40.423322],[-3.685681,40.423374],[-3.685673,40.423437],[-3.685665,40.423501],[-3.68583,40.42351]]]},"properties":{"osmId":269106487,"osmType":"way","tags":{"building":"apartments","building:levels":"6"}}},{"type":"Feature","id":"osm-way-269106488","geometry":{"type":"Polygon","coordinates":[[[-3.686502,40.422515],[-3.686457,40.422514],[-3.686451,40.422569],[-3.686439,40.422696],[-3.686438,40.422709],[-3.686433,40.422756],[-3.686492,40.42276],[-3.686514,40.422761],[-3.686535,40.4226],[-3.686539,40.422576],[-3.686546,40.422517],[-3.686502,40.422515]]]},"properties":{"osmId":269106488,"osmType":"way","tags":{"building":"yes","building:levels":"2"}}},{"type":"Feature","id":"osm-way-269106489","geometry":{"type":"Polygon","coordinates":[[[-3.685722,40.422994],[-3.685747,40.422754],[-3.686088,40.42277],[-3.686138,40.422772],[-3.686428,40.422787],[-3.686375,40.423073],[-3.686156,40.423046],[-3.686074,40.423036],[-3.685979,40.423025],[-3.685722,40.422994]]]},"properties":{"osmId":269106489,"osmType":"way","tags":{"building":"public"}}},{"type":"Feature","id":"osm-way-269106490","geometry":{"type":"Polygon","coordinates":[[[-3.685697,40.423247],[-3.685722,40.422994],[-3.685979,40.423025],[-3.685972,40.423078],[-3.68589,40.423073],[-3.685876,40.423197],[-3.685954,40.423201],[-3.685947,40.423261],[-3.685697,40.423247]]]},"properties":{"osmId":269106490,"osmType":"way","tags":{"building":"apartments"}}},{"type":"Feature","id":"osm-way-269114292","geometry":{"type":"Polygon","coordinates":[[[-3.68503,40.423156],[-3.684796,40.423145],[-3.684774,40.423401],[-3.684771,40.423436],[-3.685009,40.423448],[-3.68503,40.423156]]]},"properties":{"osmId":269114292,"osmType":"way","tags":{"building":"yes"}}},{"type":"Feature","id":"osm-way-269114293","geometry":{"type":"Polygon","coordinates":[[[-3.685266,40.423167],[-3.68503,40.423156],[-3.685009,40.423448],[-3.685047,40.423451],[-3.685052,40.423397],[-3.685215,40.423406],[-3.685204,40.423459],[-3.685241,40.423461],[-3.685266,40.423167]]]},"properties":{"osmId":269114293,"osmType":"way","tags":{"building":"apartments"}}},{"type":"Feature","id":"osm-way-269114294","geometry":{"type":"Polygon","coordinates":[[[-3.6855,40.423178],[-3.685266,40.423167],[-3.685241,40.423461],[-3.6855,40.42348],[-3.685528,40.423207],[-3.6855,40.423178]]]},"properties":{"osmId":269114294,"osmType":"way","tags":{"building":"apartments"}}},{"type":"Feature","id":"osm-way-269114295","geometry":{"type":"Polygon","coordinates":[[[-3.684744,40.423736],[-3.684506,40.423724],[-3.684502,40.423718],[-3.684471,40.423722],[-3.684438,40.423706],[-3.684429,40.423679],[-3.68444,40.423663],[-3.684431,40.423658],[-3.68444,40.423545],[-3.684454,40.42338],[-3.684774,40.423401],[-3.684771,40.423436],[-3.684754,40.423631],[-3.684744,40.423736]]]},"properties":{"osmId":269114295,"osmType":"way","tags":{"building":"apartments"}}},{"type":"Feature","id":"osm-way-269114296","geometry":{"type":"Polygon","coordinates":[[[-3.685231,40.423584],[-3.685225,40.423652],[-3.685216,40.423757],[-3.685434,40.423768],[-3.685472,40.423745],[-3.685488,40.423597],[-3.685231,40.423584]]]},"properties":{"osmId":269114296,"osmType":"way","tags":{"building":"apartments"}}},{"type":"Feature","id":"osm-way-269114297","geometry":{"type":"Polygon","coordinates":[[[-3.685489,40.423589],[-3.6855,40.42348],[-3.685241,40.423461],[-3.685231,40.423584],[-3.685488,40.423597],[-3.685489,40.423589]]]},"properties":{"osmId":269114297,"osmType":"way","tags":{"building":"apartments"}}},{"type":"Feature","id":"osm-way-269114298","geometry":{"type":"Polygon","coordinates":[[[-3.684454,40.42338],[-3.684464,40.42325],[-3.684469,40.423188],[-3.684482,40.423183],[-3.684476,40.423161],[-3.684489,40.423142],[-3.684521,40.423132],[-3.684548,40.423142],[-3.684555,40.423133],[-3.684796,40.423145],[-3.684774,40.423401],[-3.684454,40.42338]]]},"properties":{"osmId":269114298,"osmType":"way","tags":{"building":"apartments"}}},{"type":"Feature","id":"osm-way-269114299","geometry":{"type":"Polygon","coordinates":[[[-3.685201,40.423756],[-3.684744,40.423736],[-3.684754,40.423631],[-3.685225,40.423652],[-3.685216,40.423757],[-3.685201,40.423756]]]},"properties":{"osmId":269114299,"osmType":"way","tags":{"building":"apartments"}}},{"type":"Feature","id":"osm-way-269758736","geometry":{"type":"Polygon","coordinates":[[[-3.684525,40.422605],[-3.684533,40.422517],[-3.684539,40.422446],[-3.684571,40.422421],[-3.684811,40.422432],[-3.684793,40.422619],[-3.684525,40.422605]]]},"properties":{"osmId":269758736,"osmType":"way","tags":{"building":"apartments"}}},{"type":"Feature","id":"osm-way-269758737","geometry":{"type":"Polygon","coordinates":[[[-3.684508,40.422822],[-3.684516,40.422724],[-3.684525,40.422605],[-3.684793,40.422619],[-3.684782,40.422725],[-3.684774,40.422818],[-3.684772,40.422836],[-3.684508,40.422822]]]},"properties":{"osmId":269758737,"osmType":"way","tags":{"building":"apartments"}}},{"type":"Feature","id":"osm-way-269758738","geometry":{"type":"Polygon","coordinates":[[[-3.684621,40.423],[-3.684524,40.422995],[-3.684506,40.422978],[-3.684495,40.422968],[-3.684502,40.422898],[-3.684508,40.422822],[-3.684772,40.422836],[-3.684755,40.423008],[-3.684621,40.423]]]},"properties":{"osmId":269758738,"osmType":"way","tags":{"building":"apartments"}}},{"type":"Feature","id":"osm-way-269758739","geometry":{"type":"Polygon","coordinates":[[[-3.684985,40.422441],[-3.684811,40.422432],[-3.684793,40.422619],[-3.684782,40.422725],[-3.684958,40.422728],[-3.684972,40.422613],[-3.684985,40.422441]]]},"properties":{"osmId":269758739,"osmType":"way","tags":{"building":"apartments"}}},{"type":"Feature","id":"osm-way-269758740","geometry":{"type":"Polygon","coordinates":[[[-3.68555,40.423027],[-3.685511,40.423051],[-3.685278,40.423038],[-3.685297,40.42285],[-3.685386,40.422854],[-3.685467,40.422859],[-3.685566,40.422864],[-3.68555,40.423027]]]},"properties":{"osmId":269758740,"osmType":"way","tags":{"building":"apartments"}}},{"type":"Feature","id":"osm-way-269758741","geometry":{"type":"Polygon","coordinates":[[[-3.684774,40.422818],[-3.684772,40.422836],[-3.684755,40.423008],[-3.685278,40.423038],[-3.685297,40.42285],[-3.684774,40.422818]]]},"properties":{"osmId":269758741,"osmType":"way","tags":{"building":"apartments"}}},{"type":"Feature","id":"osm-way-269758742","geometry":{"type":"Polygon","coordinates":[[[-3.685574,40.42247],[-3.685453,40.422464],[-3.685331,40.422458],[-3.685323,40.422575],[-3.685355,40.422576],[-3.685353,40.422595],[-3.685383,40.422595],[-3.685377,40.422643],[-3.685405,40.422645],[-3.685489,40.422649],[-3.685588,40.422656],[-3.685605,40.422498],[-3.685574,40.42247]]]},"properties":{"osmId":269758742,"osmType":"way","tags":{"building":"apartments"}}},{"type":"Feature","id":"osm-way-269758744","geometry":{"type":"Polygon","coordinates":[[[-3.685318,40.42264],[-3.684972,40.422613],[-3.684985,40.422441],[-3.685331,40.422458],[-3.685323,40.422575],[-3.685318,40.42264]]]},"properties":{"osmId":269758744,"osmType":"way","tags":{"building":"apartments"}}},{"type":"Feature","id":"osm-way-270744243","geometry":{"type":"Polygon","coordinates":[[[-3.685271,40.422323],[-3.685283,40.422176],[-3.685283,40.422137],[-3.684819,40.422115],[-3.684804,40.422299],[-3.685271,40.422323]]]},"properties":{"osmId":270744243,"osmType":"way","tags":{"building":"apartments"}}},{"type":"Feature","id":"osm-way-270744245","geometry":{"type":"Polygon","coordinates":[[[-3.684859,40.42172],[-3.684976,40.421725],[-3.685093,40.421729],[-3.685074,40.421919],[-3.684844,40.421909],[-3.684848,40.421862],[-3.684859,40.42172]]]},"properties":{"osmId":270744245,"osmType":"way","tags":{"building":"apartments"}}},{"type":"Feature","id":"osm-way-270744246","geometry":{"type":"Polygon","coordinates":[[[-3.685584,40.422339],[-3.685271,40.422323],[-3.685283,40.422176],[-3.685642,40.422197],[-3.68563,40.42231],[-3.685584,40.422339]]]},"properties":{"osmId":270744246,"osmType":"way","tags":{"building":"apartments"}}},{"type":"Feature","id":"osm-way-270744248","geometry":{"type":"Polygon","coordinates":[[[-3.685093,40.421729],[-3.685326,40.421737],[-3.685298,40.421991],[-3.685242,40.421988],[-3.685238,40.422025],[-3.685132,40.42202],[-3.685137,40.421984],[-3.685068,40.421981],[-3.685074,40.421919],[-3.685093,40.421729]]]},"properties":{"osmId":270744248,"osmType":"way","tags":{"building":"apartments"}}},{"type":"Feature","id":"osm-way-270744249","geometry":{"type":"Polygon","coordinates":[[[-3.684574,40.421851],[-3.684581,40.421736],[-3.6846,40.421724],[-3.684619,40.421711],[-3.684636,40.421712],[-3.684859,40.42172],[-3.684848,40.421862],[-3.684574,40.421851]]]},"properties":{"osmId":270744249,"osmType":"way","tags":{"building":"apartments"}}},{"type":"Feature","id":"osm-way-270744251","geometry":{"type":"Polygon","coordinates":[[[-3.685656,40.422059],[-3.685642,40.422197],[-3.685283,40.422176],[-3.685283,40.422137],[-3.685294,40.422036],[-3.685656,40.422059]]]},"properties":{"osmId":270744251,"osmType":"way","tags":{"building":"apartments"}}},{"type":"Feature","id":"osm-way-270744252","geometry":{"type":"Polygon","coordinates":[[[-3.685326,40.421737],[-3.685298,40.421991],[-3.685294,40.422036],[-3.685656,40.422059],[-3.685688,40.421753],[-3.685684,40.42175],[-3.685666,40.42175],[-3.685326,40.421737]]]},"properties":{"osmId":270744252,"osmType":"way","tags":{"building":"apartments"}}},{"type":"Feature","id":"osm-way-270744894","geometry":{"type":"Polygon","coordinates":[[[-3.684828,40.422055],[-3.684844,40.421909],[-3.684848,40.421862],[-3.684574,40.421851],[-3.684568,40.42194],[-3.684559,40.422058],[-3.684828,40.422055]]]},"properties":{"osmId":270744894,"osmType":"way","tags":{"building":"apartments"}}},{"type":"Feature","id":"osm-way-270744895","geometry":{"type":"Polygon","coordinates":[[[-3.684742,40.422297],[-3.684576,40.422289],[-3.684565,40.422278],[-3.684554,40.422268],[-3.684546,40.422261],[-3.684555,40.422128],[-3.684559,40.422058],[-3.684828,40.422055],[-3.684819,40.422115],[-3.684804,40.422299],[-3.684742,40.422297]]]},"properties":{"osmId":270744895,"osmType":"way","tags":{"building":"apartments"}}},{"type":"Feature","id":"osm-way-270767359","geometry":{"type":"Polygon","coordinates":[[[-3.681506,40.424069],[-3.681206,40.424054],[-3.681208,40.424045],[-3.681202,40.424042],[-3.681204,40.423999],[-3.681216,40.424001],[-3.681218,40.423984],[-3.681208,40.42398],[-3.68121,40.423931],[-3.68125,40.423931],[-3.681269,40.423706],[-3.681401,40.423712],[-3.681485,40.423716],[-3.681532,40.423754],[-3.681516,40.423948],[-3.681506,40.424069]]]},"properties":{"osmId":270767359,"osmType":"way","tags":{"building":"apartments"}}},{"type":"Feature","id":"osm-way-270767360","geometry":{"type":"Polygon","coordinates":[[[-3.681466,40.424555],[-3.681474,40.424467],[-3.681479,40.424408],[-3.681392,40.424405],[-3.68139,40.424424],[-3.681205,40.424416],[-3.681207,40.424397],[-3.681122,40.424393],[-3.681118,40.424435],[-3.681086,40.424433],[-3.681087,40.424421],[-3.680938,40.424413],[-3.680937,40.424426],[-3.680931,40.424512],[-3.681264,40.424527],[-3.681264,40.424543],[-3.681466,40.424555]]]},"properties":{"osmId":270767360,"osmType":"way","tags":{"building":"apartments"}}},{"type":"Feature","id":"osm-way-274898729","geometry":{"type":"Polygon","coordinates":[[[-3.683432,40.423671],[-3.683445,40.423502],[-3.683253,40.423492],[-3.683261,40.423392],[-3.683012,40.42338],[-3.683,40.423514],[-3.683163,40.423524],[-3.683183,40.423525],[-3.683181,40.423546],[-3.683178,40.423585],[-3.683176,40.423602],[-3.683172,40.423659],[-3.683432,40.423671]]]},"properties":{"osmId":274898729,"osmType":"way","tags":{"building":"apartments"}}},{"type":"Feature","id":"osm-way-274898730","geometry":{"type":"Polygon","coordinates":[[[-3.684099,40.423432],[-3.684106,40.423334],[-3.684113,40.423257],[-3.683724,40.423239],[-3.683707,40.423413],[-3.683976,40.423426],[-3.684099,40.423432]]]},"properties":{"osmId":274898730,"osmType":"way","tags":{"building":"apartments"}}},{"type":"Feature","id":"osm-way-274898731","geometry":{"type":"Polygon","coordinates":[[[-3.683081,40.422577],[-3.683099,40.422371],[-3.683131,40.422348],[-3.683284,40.422355],[-3.683266,40.42256],[-3.6832,40.422558],[-3.683197,40.422582],[-3.683081,40.422577]]]},"properties":{"osmId":274898731,"osmType":"way","tags":{"building":"apartments","building:levels":"6"}}},{"type":"Feature","id":"osm-way-274898732","geometry":{"type":"Polygon","coordinates":[[[-3.683397,40.423112],[-3.683411,40.422977],[-3.68304,40.422958],[-3.683027,40.423091],[-3.68333,40.423108],[-3.683397,40.423112]]]},"properties":{"osmId":274898732,"osmType":"way","tags":{"building":"apartments"}}},{"type":"Feature","id":"osm-way-274898733","geometry":{"type":"Polygon","coordinates":[[[-3.683314,40.423382],[-3.683261,40.423392],[-3.683012,40.42338],[-3.683027,40.423091],[-3.68333,40.423108],[-3.683314,40.423382]]]},"properties":{"osmId":274898733,"osmType":"way","tags":{"building":"apartments"}}},{"type":"Feature","id":"osm-way-274898734","geometry":{"type":"Polygon","coordinates":[[[-3.684165,40.422633],[-3.683896,40.42262],[-3.683778,40.422615],[-3.683765,40.422766],[-3.684152,40.422787],[-3.684158,40.422709],[-3.684165,40.422633]]]},"properties":{"osmId":274898734,"osmType":"way","tags":{"building":"apartments"}}},{"type":"Feature","id":"osm-way-274898735","geometry":{"type":"Polygon","coordinates":[[[-3.683427,40.422839],[-3.683051,40.422818],[-3.683062,40.422679],[-3.683381,40.422694],[-3.683427,40.422712],[-3.683427,40.422839]]]},"properties":{"osmId":274898735,"osmType":"way","tags":{"building":"apartments"}}},{"type":"Feature","id":"osm-way-274898736","geometry":{"type":"Polygon","coordinates":[[[-3.68408,40.423676],[-3.684089,40.423567],[-3.684099,40.423432],[-3.683976,40.423426],[-3.683975,40.423458],[-3.68391,40.423448],[-3.683892,40.423694],[-3.684043,40.4237],[-3.684061,40.423688],[-3.68408,40.423676]]]},"properties":{"osmId":274898736,"osmType":"way","tags":{"building":"apartments"}}},{"type":"Feature","id":"osm-way-274898737","geometry":{"type":"Polygon","coordinates":[[[-3.684113,40.423257],[-3.684123,40.423135],[-3.684132,40.423022],[-3.683743,40.423002],[-3.683724,40.423239],[-3.684113,40.423257]]]},"properties":{"osmId":274898737,"osmType":"way","tags":{"building":"apartments"}}},{"type":"Feature","id":"osm-way-274898738","geometry":{"type":"Polygon","coordinates":[[[-3.683704,40.423684],[-3.683892,40.423694],[-3.68391,40.423448],[-3.683724,40.423442],[-3.683704,40.423684]]]},"properties":{"osmId":274898738,"osmType":"way","tags":{"building":"apartments"}}},{"type":"Feature","id":"osm-way-274898739","geometry":{"type":"Polygon","coordinates":[[[-3.683587,40.42237],[-3.683867,40.422384],[-3.683848,40.422575],[-3.683802,40.422581],[-3.683801,40.422596],[-3.683726,40.422587],[-3.683725,40.422606],[-3.683624,40.42259],[-3.683628,40.422555],[-3.683523,40.422554],[-3.683577,40.422487],[-3.683587,40.42237]]]},"properties":{"osmId":274898739,"osmType":"way","tags":{"building":"apartments"}}},{"type":"Feature","id":"osm-way-274898740","geometry":{"type":"Polygon","coordinates":[[[-3.683765,40.422766],[-3.683743,40.423002],[-3.684132,40.423022],[-3.684142,40.422913],[-3.684152,40.422787],[-3.683765,40.422766]]]},"properties":{"osmId":274898740,"osmType":"way","tags":{"building":"apartments"}}},{"type":"Feature","id":"osm-way-274898741","geometry":{"type":"Polygon","coordinates":[[[-3.683284,40.422355],[-3.683587,40.42237],[-3.683577,40.422487],[-3.683523,40.422554],[-3.683395,40.422553],[-3.683395,40.422575],[-3.68333,40.422575],[-3.68333,40.422555],[-3.683266,40.42256],[-3.683284,40.422355]]]},"properties":{"osmId":274898741,"osmType":"way","tags":{"building":"apartments"}}},{"type":"Feature","id":"osm-way-274898742","geometry":{"type":"Polygon","coordinates":[[[-3.683867,40.422384],[-3.684152,40.422398],[-3.684181,40.422428],[-3.684165,40.422633],[-3.683896,40.42262],[-3.683899,40.422577],[-3.683848,40.422575],[-3.683867,40.422384]]]},"properties":{"osmId":274898742,"osmType":"way","tags":{"building":"office"}}},{"type":"Feature","id":"osm-way-274898743","geometry":{"type":"Polygon","coordinates":[[[-3.683381,40.422694],[-3.683062,40.422679],[-3.683081,40.422577],[-3.683197,40.422582],[-3.68333,40.422575],[-3.683395,40.422575],[-3.683381,40.422694]]]},"properties":{"osmId":274898743,"osmType":"way","tags":{"building":"apartments","building:levels":"6"}}},{"type":"Feature","id":"osm-way-274898744","geometry":{"type":"Polygon","coordinates":[[[-3.683471,40.423673],[-3.683704,40.423684],[-3.683724,40.423442],[-3.683609,40.423428],[-3.68361,40.423408],[-3.683493,40.423403],[-3.683471,40.423673]]]},"properties":{"osmId":274898744,"osmType":"way","tags":{"building":"apartments"}}},{"type":"Feature","id":"osm-way-274898745","geometry":{"type":"Polygon","coordinates":[[[-3.683411,40.422977],[-3.683427,40.422839],[-3.683051,40.422818],[-3.68304,40.422958],[-3.683411,40.422977]]]},"properties":{"osmId":274898745,"osmType":"way","tags":{"building":"apartments"}}},{"type":"Feature","id":"osm-way-276145697","geometry":{"type":"Polygon","coordinates":[[[-3.681725,40.423563],[-3.681738,40.423423],[-3.682008,40.423434],[-3.681996,40.423603],[-3.681756,40.423592],[-3.681725,40.423563]]]},"properties":{"osmId":276145697,"osmType":"way","tags":{"building":"apartments"}}},{"type":"Feature","id":"osm-way-276145698","geometry":{"type":"Polygon","coordinates":[[[-3.681738,40.423423],[-3.681752,40.423257],[-3.682021,40.423269],[-3.682017,40.423315],[-3.682008,40.423434],[-3.681738,40.423423]]]},"properties":{"osmId":276145698,"osmType":"way","tags":{"building":"apartments"}}},{"type":"Feature","id":"osm-way-276145699","geometry":{"type":"Polygon","coordinates":[[[-3.682079,40.42262],[-3.681809,40.422606],[-3.68182,40.422487],[-3.68206,40.422502],[-3.682089,40.422504],[-3.682079,40.42262]]]},"properties":{"osmId":276145699,"osmType":"way","tags":{"building":"apartments"}}},{"type":"Feature","id":"osm-way-276145700","geometry":{"type":"Polygon","coordinates":[[[-3.681752,40.423257],[-3.681766,40.423097],[-3.6819,40.423103],[-3.681931,40.423105],[-3.682006,40.423109],[-3.682048,40.42311],[-3.682158,40.423117],[-3.682146,40.423275],[-3.682021,40.423269],[-3.681752,40.423257]]]},"properties":{"osmId":276145700,"osmType":"way","tags":{"building":"apartments"}}},{"type":"Feature","id":"osm-way-276145701","geometry":{"type":"Polygon","coordinates":[[[-3.681779,40.422932],[-3.681907,40.422941],[-3.681938,40.422943],[-3.682012,40.422946],[-3.682053,40.422947],[-3.682179,40.422952],[-3.682181,40.422952],[-3.682185,40.422911],[-3.682072,40.422905],[-3.682074,40.422879],[-3.682112,40.422881],[-3.682114,40.42286],[-3.682076,40.422858],[-3.682079,40.422831],[-3.682192,40.422838],[-3.682195,40.422796],[-3.681794,40.422778],[-3.681789,40.42282],[-3.681914,40.422828],[-3.681909,40.422895],[-3.681784,40.422889],[-3.681779,40.422932]]]},"properties":{"osmId":276145701,"osmType":"way","tags":{"building":"apartments"}}},{"type":"Feature","id":"osm-way-276145703","geometry":{"type":"Polygon","coordinates":[[[-3.682237,40.4223],[-3.682108,40.422293],[-3.682092,40.422468],[-3.682122,40.422469],[-3.682135,40.42248],[-3.682133,40.4225],[-3.682121,40.422505],[-3.682089,40.422504],[-3.682079,40.42262],[-3.68221,40.422627],[-3.682215,40.422563],[-3.682237,40.4223]]]},"properties":{"osmId":276145703,"osmType":"way","tags":{"building":"apartments"}}},{"type":"Feature","id":"osm-way-276145704","geometry":{"type":"Polygon","coordinates":[[[-3.682884,40.422336],[-3.682649,40.422322],[-3.682634,40.422489],[-3.682907,40.422499],[-3.682918,40.422361],[-3.682884,40.422336]]]},"properties":{"osmId":276145704,"osmType":"way","tags":{"building":"apartments"}}},{"type":"Feature","id":"osm-way-276145705","geometry":{"type":"Polygon","coordinates":[[[-3.682649,40.422322],[-3.682376,40.422307],[-3.682355,40.422571],[-3.682499,40.422579],[-3.682491,40.422643],[-3.682621,40.422648],[-3.682634,40.422489],[-3.682649,40.422322]]]},"properties":{"osmId":276145705,"osmType":"way","tags":{"building":"apartments"}}},{"type":"Feature","id":"osm-way-276145706","geometry":{"type":"Polygon","coordinates":[[[-3.681794,40.422778],[-3.681809,40.422606],[-3.682079,40.42262],[-3.68221,40.422627],[-3.682195,40.422796],[-3.681794,40.422778]]]},"properties":{"osmId":276145706,"osmType":"way","tags":{"building":"apartments"}}},{"type":"Feature","id":"osm-way-276145707","geometry":{"type":"Polygon","coordinates":[[[-3.68182,40.422487],[-3.681836,40.4223],[-3.681866,40.42228],[-3.682108,40.422293],[-3.682092,40.422468],[-3.682063,40.422466],[-3.68206,40.422502],[-3.68182,40.422487]]]},"properties":{"osmId":276145707,"osmType":"way","tags":{"building":"apartments"}}},{"type":"Feature","id":"osm-way-276145708","geometry":{"type":"Polygon","coordinates":[[[-3.682355,40.422571],[-3.682215,40.422563],[-3.682237,40.4223],[-3.682376,40.422307],[-3.682355,40.422571]]]},"properties":{"osmId":276145708,"osmType":"way","tags":{"building":"apartments"}}},{"type":"Feature","id":"osm-way-276148602","geometry":{"type":"Polygon","coordinates":[[[-3.682877,40.422853],[-3.682893,40.422663],[-3.682621,40.422648],[-3.682491,40.422643],[-3.682475,40.422834],[-3.682483,40.422834],[-3.682877,40.422853]]]},"properties":{"osmId":276148602,"osmType":"way","tags":{"building":"apartments"}}},{"type":"Feature","id":"osm-way-276148603","geometry":{"type":"Polygon","coordinates":[[[-3.682846,40.423228],[-3.682877,40.422853],[-3.682483,40.422834],[-3.682448,40.423202],[-3.682846,40.423228]]]},"properties":{"osmId":276148603,"osmType":"way","tags":{"building":"apartments"}}},{"type":"Feature","id":"osm-way-276148604","geometry":{"type":"Polygon","coordinates":[[[-3.682893,40.422663],[-3.682621,40.422648],[-3.682634,40.422489],[-3.682907,40.422499],[-3.682893,40.422663]]]},"properties":{"osmId":276148604,"osmType":"way","tags":{"building":"apartments"}}},{"type":"Feature","id":"osm-way-276151585","geometry":{"type":"Polygon","coordinates":[[[-3.682538,40.423628],[-3.682267,40.423616],[-3.682291,40.423328],[-3.682293,40.423305],[-3.682449,40.423312],[-3.68245,40.423294],[-3.682506,40.423297],[-3.682565,40.4233],[-3.682551,40.423465],[-3.682538,40.423628]]]},"properties":{"osmId":276151585,"osmType":"way","tags":{"building":"apartments"}}},{"type":"Feature","id":"osm-way-276151586","geometry":{"type":"Polygon","coordinates":[[[-3.682267,40.423616],[-3.681996,40.423603],[-3.682008,40.423434],[-3.682017,40.423315],[-3.682291,40.423328],[-3.682267,40.423616]]]},"properties":{"osmId":276151586,"osmType":"way","tags":{"building":"apartments"}}},{"type":"Feature","id":"osm-way-276151587","geometry":{"type":"Polygon","coordinates":[[[-3.682824,40.423475],[-3.682551,40.423465],[-3.682538,40.423628],[-3.682776,40.423639],[-3.682812,40.423617],[-3.682824,40.423475]]]},"properties":{"osmId":276151587,"osmType":"way","tags":{"building":"apartments"}}},{"type":"Feature","id":"osm-way-276151588","geometry":{"type":"Polygon","coordinates":[[[-3.682837,40.423326],[-3.682824,40.423475],[-3.682551,40.423465],[-3.682565,40.4233],[-3.682506,40.423297],[-3.682448,40.423202],[-3.682846,40.423228],[-3.682837,40.423326]]]},"properties":{"osmId":276151588,"osmType":"way","tags":{"building":"apartments"}}},{"type":"Feature","id":"osm-way-289827022","geometry":{"type":"Polygon","coordinates":[[[-3.668816,40.426099],[-3.668832,40.425923],[-3.668839,40.425848],[-3.668894,40.425853],[-3.66889,40.425872],[-3.669068,40.425883],[-3.669099,40.425888],[-3.669108,40.425962],[-3.669097,40.425962],[-3.669021,40.425959],[-3.669014,40.426046],[-3.669011,40.426084],[-3.668888,40.426093],[-3.668816,40.426099]]]},"properties":{"osmId":289827022,"osmType":"way","tags":{"building":"apartments","building:levels":"8"}}},{"type":"Feature","id":"osm-way-289827023","geometry":{"type":"Polygon","coordinates":[[[-3.670737,40.425907],[-3.670747,40.425763],[-3.670735,40.425753],[-3.670716,40.425737],[-3.670469,40.425726],[-3.670459,40.425856],[-3.670606,40.425864],[-3.670607,40.425901],[-3.670737,40.425907]]]},"properties":{"osmId":289827023,"osmType":"way","tags":{"building":"apartments","building:levels":"8"}}},{"type":"Feature","id":"osm-way-289827025","geometry":{"type":"Polygon","coordinates":[[[-3.670469,40.425726],[-3.670202,40.425712],[-3.66983,40.425692],[-3.669898,40.425814],[-3.67004,40.425819],[-3.670035,40.425902],[-3.670454,40.425926],[-3.670456,40.425894],[-3.670459,40.425856],[-3.670469,40.425726]]]},"properties":{"osmId":289827025,"osmType":"way","tags":{"building":"apartments","building:levels":"6"}}},{"type":"Feature","id":"osm-way-289827029","geometry":{"type":"Polygon","coordinates":[[[-3.669704,40.425686],[-3.669601,40.425681],[-3.669497,40.425676],[-3.66959,40.425833],[-3.669596,40.425845],[-3.669655,40.425825],[-3.669665,40.425843],[-3.669606,40.425862],[-3.669638,40.425918],[-3.669693,40.425899],[-3.669703,40.425916],[-3.669647,40.425933],[-3.669679,40.425989],[-3.669816,40.425943],[-3.669785,40.42589],[-3.669728,40.425907],[-3.669718,40.42589],[-3.669775,40.42587],[-3.669768,40.425856],[-3.669745,40.425817],[-3.669684,40.425836],[-3.669674,40.42582],[-3.669734,40.425799],[-3.669699,40.425739],[-3.669704,40.425686]]]},"properties":{"osmId":289827029,"osmType":"way","tags":{"building":"apartments","building:levels":"7"}}},{"type":"Feature","id":"osm-way-289827030","geometry":{"type":"Polygon","coordinates":[[[-3.669497,40.425676],[-3.669371,40.425668],[-3.669284,40.425663],[-3.669301,40.42584],[-3.669499,40.425834],[-3.669509,40.425849],[-3.669551,40.425833],[-3.66959,40.425833],[-3.669497,40.425676]]]},"properties":{"osmId":289827030,"osmType":"way","tags":{"building":"apartments","building:levels":"5"}}},{"type":"Feature","id":"osm-way-289827031","geometry":{"type":"Polygon","coordinates":[[[-3.668839,40.425848],[-3.66884,40.425835],[-3.668841,40.425821],[-3.668896,40.425823],[-3.668894,40.425853],[-3.668839,40.425848]]]},"properties":{"osmId":289827031,"osmType":"way","tags":{"building":"commercial","building:levels":"5"}}},{"type":"Feature","id":"osm-way-289827032","geometry":{"type":"Polygon","coordinates":[[[-3.670717,40.426183],[-3.670722,40.426103],[-3.670728,40.426011],[-3.670618,40.426006],[-3.670616,40.426025],[-3.670569,40.426023],[-3.67057,40.426004],[-3.670448,40.425998],[-3.67033,40.425994],[-3.670319,40.426166],[-3.670559,40.426175],[-3.67056,40.426155],[-3.670605,40.426157],[-3.670603,40.426179],[-3.670717,40.426183]]]},"properties":{"osmId":289827032,"osmType":"way","tags":{"building":"apartments"}}},{"type":"Feature","id":"osm-way-289827045","geometry":{"type":"Polygon","coordinates":[[[-3.668841,40.425821],[-3.668846,40.425763],[-3.668855,40.425671],[-3.668893,40.425645],[-3.669202,40.42566],[-3.669203,40.425837],[-3.669072,40.425831],[-3.668896,40.425823],[-3.668841,40.425821]]]},"properties":{"osmId":289827045,"osmType":"way","tags":{"building":"apartments","building:levels":"8"}}},{"type":"Feature","id":"osm-way-289827047","geometry":{"type":"Polygon","coordinates":[[[-3.670728,40.426011],[-3.670735,40.425932],[-3.670737,40.425907],[-3.670607,40.425901],[-3.670456,40.425894],[-3.670454,40.425926],[-3.670448,40.425998],[-3.67057,40.426004],[-3.670618,40.426006],[-3.670728,40.426011]]]},"properties":{"osmId":289827047,"osmType":"way","tags":{"building":"apartments"}}},{"type":"Feature","id":"osm-way-289827049","geometry":{"type":"Polygon","coordinates":[[[-3.669203,40.425837],[-3.669215,40.425918],[-3.669218,40.425934],[-3.669188,40.425933],[-3.669177,40.426071],[-3.669011,40.426084],[-3.669014,40.426046],[-3.66909,40.426051],[-3.669097,40.425962],[-3.669108,40.425962],[-3.669099,40.425888],[-3.669068,40.425883],[-3.669072,40.425831],[-3.669203,40.425837]]]},"properties":{"osmId":289827049,"osmType":"way","tags":{"building":"apartments","building:levels":"5"}}},{"type":"Feature","id":"osm-way-291776324","geometry":{"type":"Polygon","coordinates":[[[-3.659813,40.412863],[-3.660013,40.412951],[-3.659926,40.413037],[-3.659743,40.412958],[-3.659813,40.412863]]]},"properties":{"osmId":291776324,"osmType":"way","tags":{"building":"apartments","addr:street":"Calle del Corregidor Diego de Valderrábano","addr:housenumber":"41","addr:postcode":"28030"}}},{"type":"Feature","id":"osm-way-291776325","geometry":{"type":"Polygon","coordinates":[[[-3.660013,40.412951],[-3.660096,40.413011],[-3.66017,40.413076],[-3.660057,40.413137],[-3.659926,40.413037],[-3.660013,40.412951]]]},"properties":{"osmId":291776325,"osmType":"way","tags":{"building":"apartments","addr:street":"Calle del Corregidor Diego de Valderrábano","addr:housenumber":"45","addr:postcode":"28030"}}},{"type":"Feature","id":"osm-way-291776326","geometry":{"type":"Polygon","coordinates":[[[-3.66017,40.413076],[-3.660221,40.413147],[-3.660264,40.413226],[-3.660131,40.413256],[-3.660057,40.413137],[-3.66017,40.413076]]]},"properties":{"osmId":291776326,"osmType":"way","tags":{"building":"apartments","addr:street":"Calle del Corregidor Diego de Valderrábano","addr:housenumber":"47","addr:postcode":"28030"}}},{"type":"Feature","id":"osm-way-291776327","geometry":{"type":"Polygon","coordinates":[[[-3.660131,40.413256],[-3.660264,40.413226],[-3.660291,40.413304],[-3.660293,40.413383],[-3.660157,40.413381],[-3.660131,40.413256]]]},"properties":{"osmId":291776327,"osmType":"way","tags":{"building":"apartments","addr:street":"Calle del Corregidor Diego de Valderrábano","addr:housenumber":"49","addr:postcode":"28030"}}},{"type":"Feature","id":"osm-way-291776328","geometry":{"type":"Polygon","coordinates":[[[-3.660157,40.413381],[-3.660293,40.413383],[-3.660287,40.413459],[-3.660264,40.41354],[-3.660128,40.413509],[-3.660157,40.413381]]]},"properties":{"osmId":291776328,"osmType":"way","tags":{"building":"apartments","addr:street":"Calle del Corregidor Diego de Valderrábano","addr:housenumber":"51","addr:postcode":"28030"}}},{"type":"Feature","id":"osm-way-291776329","geometry":{"type":"Polygon","coordinates":[[[-3.660128,40.413509],[-3.660264,40.41354],[-3.660223,40.413613],[-3.660167,40.41368],[-3.660058,40.413624],[-3.660128,40.413509]]]},"properties":{"osmId":291776329,"osmType":"way","tags":{"building":"apartments","addr:street":"Calle del Corregidor Diego de Valderrábano","addr:housenumber":"53","addr:postcode":"28030"}}},{"type":"Feature","id":"osm-way-291776330","geometry":{"type":"Polygon","coordinates":[[[-3.660058,40.413624],[-3.660167,40.41368],[-3.660108,40.413743],[-3.660021,40.413796],[-3.659943,40.413713],[-3.660058,40.413624]]]},"properties":{"osmId":291776330,"osmType":"way","tags":{"building":"apartments","addr:street":"Calle del Corregidor Diego de Valderrábano","addr:housenumber":"55","addr:postcode":"28030"}}},{"type":"Feature","id":"osm-way-291776331","geometry":{"type":"Polygon","coordinates":[[[-3.659943,40.413713],[-3.660021,40.413796],[-3.659935,40.413839],[-3.659838,40.413872],[-3.659798,40.413777],[-3.659943,40.413713]]]},"properties":{"osmId":291776331,"osmType":"way","tags":{"building":"apartments","addr:street":"Calle del Corregidor Diego de Valderrábano","addr:housenumber":"57","addr:postcode":"28030"}}},{"type":"Feature","id":"osm-way-292002950","geometry":{"type":"Polygon","coordinates":[[[-3.674708,40.412966],[-3.674625,40.412882],[-3.674989,40.41267],[-3.675073,40.412757],[-3.674708,40.412966]]]},"properties":{"osmId":292002950,"osmType":"way","tags":{"building":"yes","building:levels":"4","addr:street":"Calle Anunciación","addr:housenumber":"1","addr:postcode":"28009"}}},{"type":"Feature","id":"osm-way-292096366","geometry":{"type":"Polygon","coordinates":[[[-3.677642,40.423527],[-3.6778,40.423534],[-3.677799,40.423548],[-3.677797,40.423593],[-3.67784,40.423594],[-3.677837,40.423649],[-3.677797,40.423648],[-3.677794,40.423704],[-3.677746,40.423703],[-3.677712,40.423702],[-3.677711,40.423741],[-3.677636,40.423741],[-3.677637,40.423701],[-3.677638,40.423656],[-3.677652,40.423656],[-3.677654,40.42358],[-3.677639,40.42358],[-3.677641,40.423553],[-3.677642,40.423527]]]},"properties":{"osmId":292096366,"osmType":"way","tags":{"building":"yes"}}},{"type":"Feature","id":"osm-way-292096367","geometry":{"type":"Polygon","coordinates":[[[-3.679245,40.422749],[-3.67911,40.422809],[-3.679284,40.423038],[-3.679421,40.422978],[-3.679245,40.422749]]]},"properties":{"osmId":292096367,"osmType":"way","tags":{"building":"apartments","addr:street":"Calle de Alcalá","addr:housenumber":"84","addr:postcode":"28009"}}},{"type":"Feature","id":"osm-way-292096368","geometry":{"type":"Polygon","coordinates":[[[-3.679421,40.422978],[-3.679557,40.422918],[-3.679382,40.422689],[-3.679245,40.422749],[-3.679421,40.422978]]]},"properties":{"osmId":292096368,"osmType":"way","tags":{"building":"apartments","addr:street":"Calle de Alcalá","addr:housenumber":"82","addr:postcode":"28009"}}},{"type":"Feature","id":"osm-way-292096369","geometry":{"type":"Polygon","coordinates":[[[-3.681365,40.421852],[-3.681466,40.42207],[-3.681309,40.42214],[-3.681235,40.422048],[-3.681304,40.42203],[-3.68128,40.421976],[-3.681193,40.421999],[-3.681123,40.421913],[-3.681219,40.421888],[-3.681237,40.421925],[-3.681274,40.421915],[-3.681257,40.421879],[-3.681365,40.421852]]]},"properties":{"osmId":292096369,"osmType":"way","tags":{"building":"apartments","addr:street":"Calle de Aguirre","addr:housenumber":"1","addr:postcode":"28009"}}},{"type":"Feature","id":"osm-way-292096370","geometry":{"type":"Polygon","coordinates":[[[-3.677424,40.423614],[-3.677428,40.423564],[-3.67743,40.423534],[-3.677446,40.42352],[-3.677593,40.423525],[-3.677642,40.423527],[-3.677641,40.423553],[-3.677554,40.423578],[-3.677424,40.423614]]]},"properties":{"osmId":292096370,"osmType":"way","tags":{"building":"yes"}}},{"type":"Feature","id":"osm-way-292120118","geometry":{"type":"Polygon","coordinates":[[[-3.674319,40.423606],[-3.674326,40.423509],[-3.674548,40.42352],[-3.674546,40.42355],[-3.674546,40.423554],[-3.674516,40.423553],[-3.674514,40.423581],[-3.674544,40.423582],[-3.674543,40.423586],[-3.674542,40.423614],[-3.674319,40.423606]]]},"properties":{"osmId":292120118,"osmType":"way","tags":{"building":"apartments"}}},{"type":"Feature","id":"osm-way-292120119","geometry":{"type":"Polygon","coordinates":[[[-3.667611,40.422793],[-3.668013,40.422772],[-3.668016,40.422803],[-3.668031,40.422813],[-3.668123,40.422807],[-3.668136,40.422796],[-3.668133,40.422766],[-3.668497,40.422747],[-3.668483,40.422595],[-3.668083,40.422616],[-3.668076,40.422522],[-3.668154,40.422517],[-3.668148,40.422456],[-3.668175,40.422454],[-3.66817,40.422407],[-3.668163,40.422349],[-3.668139,40.42235],[-3.668134,40.422295],[-3.668053,40.422299],[-3.668044,40.422204],[-3.668444,40.422182],[-3.66843,40.422033],[-3.668065,40.422051],[-3.668062,40.42202],[-3.668048,40.422013],[-3.667956,40.422017],[-3.667942,40.422026],[-3.667945,40.422058],[-3.667539,40.422078],[-3.667554,40.422229],[-3.667897,40.422209],[-3.667911,40.422365],[-3.667788,40.422373],[-3.667784,40.422362],[-3.667779,40.422357],[-3.667774,40.422352],[-3.667765,40.422347],[-3.667755,40.422345],[-3.667744,40.422345],[-3.667741,40.422319],[-3.667677,40.422322],[-3.667679,40.422349],[-3.66767,40.42235],[-3.667661,40.422351],[-3.667652,40.422357],[-3.667645,40.422364],[-3.66764,40.422375],[-3.667642,40.422382],[-3.667627,40.422383],[-3.667588,40.422417],[-3.667594,40.422457],[-3.667637,40.422487],[-3.667651,40.422486],[-3.667654,40.422495],[-3.66766,40.422503],[-3.667671,40.42251],[-3.667682,40.422513],[-3.667696,40.422513],[-3.667698,40.42254],[-3.667762,40.422536],[-3.667759,40.422509],[-3.667766,40.422509],[-3.667777,40.422505],[-3.667785,40.4225],[-3.667792,40.422492],[-3.667795,40.422485],[-3.667795,40.422477],[-3.667919,40.422471],[-3.667933,40.422627],[-3.667596,40.422647],[-3.667611,40.422793]]]},"properties":{"osmId":292120119,"osmType":"way","tags":{"building":"yes"}}},{"type":"Feature","id":"osm-way-292120120","geometry":{"type":"Polygon","coordinates":[[[-3.673404,40.422797],[-3.673576,40.422806],[-3.673599,40.422509],[-3.673639,40.422511],[-3.673646,40.422443],[-3.673501,40.422436],[-3.67349,40.422568],[-3.673476,40.422721],[-3.67341,40.422718],[-3.673404,40.422797]]]},"properties":{"osmId":292120120,"osmType":"way","tags":{"building":"apartments"}}},{"type":"Feature","id":"osm-way-292120121","geometry":{"type":"Polygon","coordinates":[[[-3.674003,40.423489],[-3.674,40.423524],[-3.674049,40.423526],[-3.674047,40.423551],[-3.673999,40.423549],[-3.673995,40.423589],[-3.674143,40.423596],[-3.674147,40.423537],[-3.67415,40.423496],[-3.674003,40.423489]]]},"properties":{"osmId":292120121,"osmType":"way","tags":{"building":"apartments"}}},{"type":"Feature","id":"osm-way-294786852","geometry":{"type":"Polygon","coordinates":[[[-3.674081,40.424398],[-3.673808,40.42449],[-3.673751,40.42451],[-3.673706,40.424525],[-3.673702,40.424555],[-3.674038,40.424571],[-3.674069,40.424547],[-3.674081,40.424398]]]},"properties":{"osmId":294786852,"osmType":"way","tags":{"building":"residential","building:levels":"7"}}},{"type":"Feature","id":"osm-way-294786853","geometry":{"type":"Polygon","coordinates":[[[-3.674087,40.424314],[-3.673878,40.424302],[-3.673831,40.4243],[-3.673819,40.424397],[-3.673817,40.424419],[-3.673845,40.424421],[-3.673841,40.424456],[-3.673812,40.424454],[-3.673808,40.42449],[-3.674081,40.424398],[-3.674087,40.424314]]]},"properties":{"osmId":294786853,"osmType":"way","tags":{"building":"residential"}}},{"type":"Feature","id":"osm-way-294786854","geometry":{"type":"Polygon","coordinates":[[[-3.673837,40.424251],[-3.673847,40.424173],[-3.674066,40.424184],[-3.674096,40.42421],[-3.674087,40.424314],[-3.673878,40.424302],[-3.67388,40.424253],[-3.673837,40.424251]]]},"properties":{"osmId":294786854,"osmType":"way","tags":{"building":"residential"}}},{"type":"Feature","id":"osm-way-294786855","geometry":{"type":"Polygon","coordinates":[[[-3.673688,40.424407],[-3.673732,40.424392],[-3.673819,40.424397],[-3.673831,40.4243],[-3.673837,40.424251],[-3.673847,40.424173],[-3.673762,40.42417],[-3.673755,40.424259],[-3.673681,40.424254],[-3.673689,40.424166],[-3.673679,40.424165],[-3.673537,40.424159],[-3.67361,40.424278],[-3.673634,40.424318],[-3.673656,40.424354],[-3.673688,40.424407]]]},"properties":{"osmId":294786855,"osmType":"way","tags":{"building":"residential"}}},{"type":"Feature","id":"osm-way-294786856","geometry":{"type":"Polygon","coordinates":[[[-3.673454,40.424352],[-3.673495,40.424281],[-3.673503,40.42426],[-3.673513,40.424236],[-3.673537,40.424159],[-3.67361,40.424278],[-3.673581,40.424288],[-3.673572,40.424297],[-3.673571,40.424316],[-3.673587,40.424325],[-3.673608,40.424329],[-3.673634,40.424318],[-3.673656,40.424354],[-3.673503,40.424351],[-3.673495,40.42437],[-3.673454,40.424352]]]},"properties":{"osmId":294786856,"osmType":"way","tags":{"building":"residential"}}},{"type":"Feature","id":"osm-way-294786857","geometry":{"type":"Polygon","coordinates":[[[-3.673628,40.424551],[-3.673371,40.424538],[-3.673376,40.424469],[-3.673454,40.424352],[-3.673495,40.42437],[-3.673503,40.424351],[-3.673656,40.424354],[-3.673688,40.424407],[-3.673712,40.424445],[-3.673591,40.42444],[-3.673592,40.424473],[-3.673733,40.42448],[-3.673751,40.42451],[-3.673706,40.424525],[-3.673628,40.424551]]]},"properties":{"osmId":294786857,"osmType":"way","tags":{"building":"residential","building:levels":"8"}}},{"type":"Feature","id":"osm-way-295768498","geometry":{"type":"Polygon","coordinates":[[[-3.666227,40.424332],[-3.66628,40.424118],[-3.666248,40.424078],[-3.665955,40.424031],[-3.665902,40.424226],[-3.665983,40.424233],[-3.665979,40.424294],[-3.666227,40.424332]]]},"properties":{"osmId":295768498,"osmType":"way","tags":{"building":"apartments","addr:postcode":"28028"}}},{"type":"Feature","id":"osm-way-295768499","geometry":{"type":"Polygon","coordinates":[[[-3.665829,40.424592],[-3.666115,40.424595],[-3.666175,40.424559],[-3.666227,40.424332],[-3.665979,40.424294],[-3.665939,40.424403],[-3.665845,40.424403],[-3.665829,40.424592]]]},"properties":{"osmId":295768499,"osmType":"way","tags":{"building":"apartments","addr:postcode":"28028"}}},{"type":"Feature","id":"osm-way-295768500","geometry":{"type":"Polygon","coordinates":[[[-3.6655,40.424585],[-3.665829,40.424592],[-3.665845,40.424403],[-3.665642,40.424397],[-3.665605,40.424446],[-3.665406,40.424449],[-3.665427,40.424539],[-3.6655,40.424585]]]},"properties":{"osmId":295768500,"osmType":"way","tags":{"building":"apartments","addr:postcode":"28028"}}},{"type":"Feature","id":"osm-way-295768501","geometry":{"type":"Polygon","coordinates":[[[-3.665618,40.424248],[-3.665378,40.424267],[-3.665406,40.424449],[-3.665605,40.424446],[-3.665642,40.424397],[-3.665618,40.424248]]]},"properties":{"osmId":295768501,"osmType":"way","tags":{"building":"apartments","addr:postcode":"28028"}}},{"type":"Feature","id":"osm-way-295768502","geometry":{"type":"Polygon","coordinates":[[[-3.665666,40.424195],[-3.665902,40.424226],[-3.665955,40.424031],[-3.665715,40.423997],[-3.665666,40.424195]]]},"properties":{"osmId":295768502,"osmType":"way","tags":{"building":"apartments","addr:postcode":"28028"}}},{"type":"Feature","id":"osm-way-295768503","geometry":{"type":"Polygon","coordinates":[[[-3.665609,40.424183],[-3.665666,40.424195],[-3.665715,40.423997],[-3.665382,40.423945],[-3.665325,40.423982],[-3.665345,40.424099],[-3.665479,40.424084],[-3.665609,40.424183]]]},"properties":{"osmId":295768503,"osmType":"way","tags":{"building":"apartments","addr:postcode":"28028"}}},{"type":"Feature","id":"osm-way-295768504","geometry":{"type":"Polygon","coordinates":[[[-3.665378,40.424267],[-3.665345,40.424099],[-3.665479,40.424084],[-3.665609,40.424183],[-3.665618,40.424248],[-3.665378,40.424267]]]},"properties":{"osmId":295768504,"osmType":"way","tags":{"building":"apartments","addr:postcode":"28028"}}},{"type":"Feature","id":"osm-way-298205548","geometry":{"type":"Polygon","coordinates":[[[-3.680761,40.423679],[-3.680884,40.423686],[-3.680874,40.42376],[-3.680791,40.423752],[-3.680793,40.423742],[-3.680758,40.423744],[-3.680761,40.423679]]]},"properties":{"osmId":298205548,"osmType":"way","tags":{"building":"yes","addr:street":"Calle de Jorge Juan","addr:housenumber":"47","addr:postcode":"28001"}}},{"type":"Feature","id":"osm-way-298205549","geometry":{"type":"Polygon","coordinates":[[[-3.678937,40.422561],[-3.67892,40.422758],[-3.679052,40.422754],[-3.679223,40.422678],[-3.679229,40.422575],[-3.678937,40.422561]]]},"properties":{"osmId":298205549,"osmType":"way","tags":{"building":"apartments","addr:street":"Calle de Antonio Acuña","addr:housenumber":"8","addr:postcode":"28009"}}},{"type":"Feature","id":"osm-way-300526178","geometry":{"type":"Polygon","coordinates":[[[-3.662685,40.422564],[-3.662981,40.422583],[-3.663013,40.422296],[-3.662891,40.422288],[-3.662894,40.422257],[-3.662876,40.422256],[-3.662847,40.422254],[-3.662843,40.422286],[-3.662717,40.422278],[-3.662701,40.422415],[-3.662606,40.422409],[-3.662601,40.422458],[-3.662696,40.422464],[-3.662685,40.422564]]]},"properties":{"osmId":300526178,"osmType":"way","tags":{"building":"yes","addr:street":"Calle de Enrique D'Almonte","addr:housenumber":"1","addr:postcode":"28028"}}},{"type":"Feature","id":"osm-way-308302751","geometry":{"type":"Polygon","coordinates":[[[-3.682315,40.412264],[-3.682339,40.412226],[-3.682294,40.412209],[-3.682269,40.412246],[-3.682315,40.412264]]]},"properties":{"osmId":308302751,"osmType":"way","tags":{"building":"service"}}},{"type":"Feature","id":"osm-way-308900139","geometry":{"type":"Polygon","coordinates":[[[-3.678502,40.416869],[-3.678475,40.41679],[-3.679468,40.416589],[-3.679462,40.416572],[-3.679572,40.41655],[-3.679613,40.416667],[-3.679503,40.41669],[-3.679496,40.416671],[-3.678726,40.416827],[-3.678745,40.416881],[-3.678862,40.416858],[-3.678867,40.416872],[-3.678897,40.416957],[-3.6786,40.417018],[-3.678564,40.416915],[-3.678685,40.416891],[-3.678666,40.416836],[-3.678502,40.416869]]]},"properties":{"osmId":308900139,"osmType":"way","tags":{"building":"civic","addr:street":"Paseo de Fernán Núñez","addr:housenumber":"24","addr:postcode":"28009"}}},{"type":"Feature","id":"osm-way-309259568","geometry":{"type":"Polygon","coordinates":[[[-3.662974,40.422048],[-3.66292,40.422054],[-3.662917,40.422034],[-3.662971,40.422029],[-3.662974,40.422048]]]},"properties":{"osmId":309259568,"osmType":"way","tags":{"building":"yes","addr:postcode":"28028"}}},{"type":"Feature","id":"osm-way-309259573","geometry":{"type":"Polygon","coordinates":[[[-3.662986,40.422123],[-3.662932,40.422128],[-3.662928,40.4221],[-3.662981,40.422095],[-3.662986,40.422123]]]},"properties":{"osmId":309259573,"osmType":"way","tags":{"building":"yes","addr:postcode":"28028"}}},{"type":"Feature","id":"osm-way-309259575","geometry":{"type":"Polygon","coordinates":[[[-3.662828,40.423612],[-3.662747,40.423607],[-3.662745,40.423622],[-3.662684,40.423617],[-3.662678,40.423662],[-3.662744,40.423667],[-3.662733,40.423755],[-3.662809,40.423761],[-3.662828,40.423612]]]},"properties":{"osmId":309259575,"osmType":"way","tags":{"building":"yes","addr:postcode":"28028"}}},{"type":"Feature","id":"osm-way-309274267","geometry":{"type":"Polygon","coordinates":[[[-3.661577,40.424521],[-3.661478,40.424506],[-3.661496,40.424435],[-3.661595,40.42445],[-3.661577,40.424521]]]},"properties":{"osmId":309274267,"osmType":"way","tags":{"building":"house","addr:street":"Calle Gabriel Abreu","addr:housenumber":"1","addr:postcode":"28028"}}},{"type":"Feature","id":"osm-way-309274268","geometry":{"type":"Polygon","coordinates":[[[-3.661918,40.424193],[-3.661817,40.424178],[-3.661835,40.424108],[-3.661936,40.424124],[-3.661918,40.424193]]]},"properties":{"osmId":309274268,"osmType":"way","tags":{"building":"house","addr:street":"Calle Gabriel Abreu","addr:housenumber":"10","addr:postcode":"28028"}}},{"type":"Feature","id":"osm-way-309274269","geometry":{"type":"Polygon","coordinates":[[[-3.661684,40.424079],[-3.661584,40.424064],[-3.661603,40.423991],[-3.661703,40.424006],[-3.661684,40.424079]]]},"properties":{"osmId":309274269,"osmType":"way","tags":{"building":"house","addr:street":"Calle Gabriel Abreu","addr:housenumber":"11","addr:postcode":"28028"}}},{"type":"Feature","id":"osm-way-309274270","geometry":{"type":"Polygon","coordinates":[[[-3.661936,40.424124],[-3.661835,40.424108],[-3.661852,40.424043],[-3.661953,40.424058],[-3.661936,40.424124]]]},"properties":{"osmId":309274270,"osmType":"way","tags":{"building":"yes","addr:street":"Calle Gabriel Abreu","addr:housenumber":"12","addr:postcode":"28028"}}},{"type":"Feature","id":"osm-way-309274271","geometry":{"type":"Polygon","coordinates":[[[-3.661953,40.424058],[-3.661852,40.424043],[-3.661871,40.42397],[-3.661972,40.423985],[-3.661953,40.424058]]]},"properties":{"osmId":309274271,"osmType":"way","tags":{"building":"yes","addr:street":"Calle Gabriel Abreu","addr:housenumber":"14","addr:postcode":"28028"}}},{"type":"Feature","id":"osm-way-309274272","geometry":{"type":"Polygon","coordinates":[[[-3.661595,40.42445],[-3.661496,40.424435],[-3.661514,40.424364],[-3.661614,40.424378],[-3.661595,40.42445]]]},"properties":{"osmId":309274272,"osmType":"way","tags":{"building":"house","addr:street":"Calle Gabriel Abreu","addr:housenumber":"2","addr:postcode":"28028"}}},{"type":"Feature","id":"osm-way-309274273","geometry":{"type":"Polygon","coordinates":[[[-3.662775,40.424834],[-3.662754,40.42491],[-3.662663,40.424896],[-3.662685,40.42482],[-3.662775,40.424834]]]},"properties":{"osmId":309274273,"osmType":"way","tags":{"building":"yes","addr:street":"Calle Dolores Romero","addr:housenumber":"31","addr:postcode":"28028"}}},{"type":"Feature","id":"osm-way-309274274","geometry":{"type":"Polygon","coordinates":[[[-3.662685,40.42482],[-3.662663,40.424896],[-3.662569,40.42488],[-3.662591,40.424805],[-3.662685,40.42482]]]},"properties":{"osmId":309274274,"osmType":"way","tags":{"building":"yes","addr:street":"Calle Dolores Romero","addr:housenumber":"33","addr:postcode":"28028"}}},{"type":"Feature","id":"osm-way-309274275","geometry":{"type":"Polygon","coordinates":[[[-3.662544,40.424796],[-3.662523,40.424873],[-3.662432,40.424858],[-3.662452,40.424782],[-3.662544,40.424796]]]},"properties":{"osmId":309274275,"osmType":"way","tags":{"building":"yes","addr:street":"Calle Dolores Romero","addr:housenumber":"35","addr:postcode":"28028"}}},{"type":"Feature","id":"osm-way-309274276","geometry":{"type":"Polygon","coordinates":[[[-3.662452,40.424782],[-3.662432,40.424858],[-3.662396,40.424853],[-3.662338,40.424844],[-3.662359,40.424767],[-3.662452,40.424782]]]},"properties":{"osmId":309274276,"osmType":"way","tags":{"building":"yes","addr:street":"Calle Dolores Romero","addr:housenumber":"37","addr:postcode":"28028"}}},{"type":"Feature","id":"osm-way-309274277","geometry":{"type":"Polygon","coordinates":[[[-3.662293,40.424834],[-3.662202,40.424819],[-3.662223,40.424745],[-3.662314,40.424759],[-3.662293,40.424834]]]},"properties":{"osmId":309274277,"osmType":"way","tags":{"building":"yes","addr:street":"Calle Dolores Romero","addr:housenumber":"39","addr:postcode":"28028"}}},{"type":"Feature","id":"osm-way-309274278","geometry":{"type":"Polygon","coordinates":[[[-3.662223,40.424745],[-3.662202,40.424819],[-3.662111,40.424805],[-3.662129,40.42473],[-3.662223,40.424745]]]},"properties":{"osmId":309274278,"osmType":"way","tags":{"building":"yes","addr:street":"Calle Dolores Romero","addr:housenumber":"41","addr:postcode":"28028"}}},{"type":"Feature","id":"osm-way-309274279","geometry":{"type":"Polygon","coordinates":[[[-3.662058,40.424798],[-3.661969,40.424784],[-3.661989,40.42471],[-3.662078,40.424724],[-3.662058,40.424798]]]},"properties":{"osmId":309274279,"osmType":"way","tags":{"building":"yes","addr:street":"Calle Dolores Romero","addr:housenumber":"43","addr:postcode":"28028"}}},{"type":"Feature","id":"osm-way-309274280","geometry":{"type":"Polygon","coordinates":[[[-3.661989,40.42471],[-3.661969,40.424784],[-3.661877,40.424769],[-3.661897,40.424695],[-3.661989,40.42471]]]},"properties":{"osmId":309274280,"osmType":"way","tags":{"building":"yes","addr:street":"Calle Dolores Romero","addr:housenumber":"45","addr:postcode":"28028"}}},{"type":"Feature","id":"osm-way-309274281","geometry":{"type":"Polygon","coordinates":[[[-3.661829,40.424762],[-3.661739,40.424749],[-3.661757,40.424673],[-3.661847,40.424685],[-3.661829,40.424762]]]},"properties":{"osmId":309274281,"osmType":"way","tags":{"building":"yes","addr:street":"Calle Dolores Romero","addr:housenumber":"47","addr:postcode":"28028"}}},{"type":"Feature","id":"osm-way-309274282","geometry":{"type":"Polygon","coordinates":[[[-3.661739,40.424749],[-3.661645,40.424736],[-3.661664,40.424659],[-3.661757,40.424673],[-3.661739,40.424749]]]},"properties":{"osmId":309274282,"osmType":"way","tags":{"building":"yes","addr:street":"Calle Dolores Romero","addr:housenumber":"49","addr:postcode":"28028"}}},{"type":"Feature","id":"osm-way-309274283","geometry":{"type":"Polygon","coordinates":[[[-3.661623,40.424333],[-3.661523,40.424318],[-3.661541,40.424248],[-3.661641,40.424263],[-3.661623,40.424333]]]},"properties":{"osmId":309274283,"osmType":"way","tags":{"building":"yes","addr:street":"Calle Gabriel Abreu","addr:housenumber":"5","addr:postcode":"28028"}}},{"type":"Feature","id":"osm-way-309274284","geometry":{"type":"Polygon","coordinates":[[[-3.661617,40.424652],[-3.661597,40.424729],[-3.661503,40.424714],[-3.661523,40.424638],[-3.661617,40.424652]]]},"properties":{"osmId":309274284,"osmType":"way","tags":{"building":"yes","addr:street":"Calle Dolores Romero","addr:housenumber":"51","addr:postcode":"28028"}}},{"type":"Feature","id":"osm-way-309274285","geometry":{"type":"Polygon","coordinates":[[[-3.661503,40.424714],[-3.661412,40.4247],[-3.661433,40.424624],[-3.661523,40.424638],[-3.661503,40.424714]]]},"properties":{"osmId":309274285,"osmType":"way","tags":{"building":"yes","addr:street":"Calle Dolores Romero","addr:housenumber":"53","addr:postcode":"28028"}}},{"type":"Feature","id":"osm-way-309274286","geometry":{"type":"Polygon","coordinates":[[[-3.661641,40.424263],[-3.661541,40.424248],[-3.661559,40.424178],[-3.661658,40.424192],[-3.661641,40.424263]]]},"properties":{"osmId":309274286,"osmType":"way","tags":{"building":"house","addr:street":"Calle Gabriel Abreu","addr:housenumber":"7","addr:postcode":"28028"}}},{"type":"Feature","id":"osm-way-309274287","geometry":{"type":"Polygon","coordinates":[[[-3.661666,40.42415],[-3.661543,40.424132],[-3.661561,40.424061],[-3.661584,40.424064],[-3.661684,40.424079],[-3.661666,40.42415]]]},"properties":{"osmId":309274287,"osmType":"way","tags":{"building":"yes","addr:street":"Calle Gabriel Abreu","addr:housenumber":"9","addr:postcode":"28028"}}},{"type":"Feature","id":"osm-way-309274288","geometry":{"type":"Polygon","coordinates":[[[-3.66243,40.424863],[-3.662449,40.424866],[-3.662442,40.424894],[-3.662423,40.424891],[-3.66243,40.424863]]]},"properties":{"osmId":309274288,"osmType":"way","tags":{"building":"yes"}}},{"type":"Feature","id":"osm-way-309274289","geometry":{"type":"Polygon","coordinates":[[[-3.661475,40.42436],[-3.661416,40.424352],[-3.661419,40.424327],[-3.661481,40.424337],[-3.661475,40.42436]]]},"properties":{"osmId":309274289,"osmType":"way","tags":{"building":"yes"}}},{"type":"Feature","id":"osm-way-309274290","geometry":{"type":"Polygon","coordinates":[[[-3.661481,40.424337],[-3.661419,40.424327],[-3.661423,40.42429],[-3.661489,40.4243],[-3.661481,40.424337]]]},"properties":{"osmId":309274290,"osmType":"way","tags":{"building":"yes"}}},{"type":"Feature","id":"osm-way-309274291","geometry":{"type":"Polygon","coordinates":[[[-3.662432,40.424858],[-3.66243,40.424863],[-3.662423,40.424891],[-3.662414,40.424889],[-3.662407,40.424888],[-3.662399,40.424887],[-3.662388,40.424885],[-3.662396,40.424853],[-3.662432,40.424858]]]},"properties":{"osmId":309274291,"osmType":"way","tags":{"building":"yes"}}},{"type":"Feature","id":"osm-way-309438042","geometry":{"type":"Polygon","coordinates":[[[-3.663992,40.42508],[-3.664081,40.4251],[-3.664052,40.425174],[-3.663963,40.425154],[-3.663992,40.42508]]]},"properties":{"osmId":309438042,"osmType":"way","tags":{"building":"yes","addr:street":"Calle Dolores Romero","addr:housenumber":"11","addr:postcode":"28028"}}},{"type":"Feature","id":"osm-way-309438043","geometry":{"type":"Polygon","coordinates":[[[-3.663977,40.424213],[-3.663878,40.424192],[-3.663904,40.424122],[-3.664003,40.424144],[-3.663977,40.424213]]]},"properties":{"osmId":309438043,"osmType":"way","tags":{"building":"house","addr:street":"Calle Domingo Fontán","addr:housenumber":"11","addr:postcode":"28028"}}},{"type":"Feature","id":"osm-way-309438044","geometry":{"type":"Polygon","coordinates":[[[-3.664113,40.424498],[-3.664087,40.424573],[-3.663999,40.424555],[-3.664025,40.42448],[-3.664113,40.424498]]]},"properties":{"osmId":309438044,"osmType":"way","tags":{"building":"house","addr:street":"Calle Francisco Lastres","addr:housenumber":"11","addr:postcode":"28028"}}},{"type":"Feature","id":"osm-way-309438045","geometry":{"type":"Polygon","coordinates":[[[-3.663513,40.424255],[-3.663417,40.424227],[-3.66345,40.424159],[-3.663547,40.424187],[-3.663513,40.424255]]]},"properties":{"osmId":309438045,"osmType":"way","tags":{"building":"house","addr:street":"Calle Manuela Torregrosa","addr:housenumber":"11","addr:postcode":"28028"}}},{"type":"Feature","id":"osm-way-309438046","geometry":{"type":"Polygon","coordinates":[[[-3.66329,40.424112],[-3.663384,40.42414],[-3.663365,40.424175],[-3.663349,40.424208],[-3.663255,40.42418],[-3.66329,40.424112]]]},"properties":{"osmId":309438046,"osmType":"way","tags":{"building":"house","addr:street":"Calle de Ambrós","addr:housenumber":"12","addr:postcode":"28028"}}},{"type":"Feature","id":"osm-way-309438047","geometry":{"type":"Polygon","coordinates":[[[-3.663842,40.425047],[-3.663934,40.425066],[-3.663908,40.42514],[-3.663816,40.425121],[-3.663842,40.425047]]]},"properties":{"osmId":309438047,"osmType":"way","tags":{"building":"yes","addr:street":"Calle Dolores Romero","addr:housenumber":"13","addr:postcode":"28028"}}},{"type":"Feature","id":"osm-way-309438048","geometry":{"type":"Polygon","coordinates":[[[-3.663871,40.424447],[-3.663848,40.42451],[-3.663843,40.424522],[-3.663786,40.424509],[-3.663754,40.424502],[-3.663782,40.424427],[-3.663871,40.424447]]]},"properties":{"osmId":309438048,"osmType":"way","tags":{"building":"yes","addr:street":"Calle Francisco Lastres","addr:housenumber":"13","addr:postcode":"28028"}}},{"type":"Feature","id":"osm-way-309438049","geometry":{"type":"Polygon","coordinates":[[[-3.663547,40.424187],[-3.66345,40.424159],[-3.663482,40.424096],[-3.663579,40.424124],[-3.663547,40.424187]]]},"properties":{"osmId":309438049,"osmType":"way","tags":{"building":"yes","addr:street":"Calle Manuela Torregrosa","addr:housenumber":"13","addr:postcode":"28028"}}},{"type":"Feature","id":"osm-way-309438050","geometry":{"type":"Polygon","coordinates":[[[-3.664133,40.424977],[-3.664043,40.424958],[-3.66407,40.424882],[-3.664161,40.424901],[-3.664133,40.424977]]]},"properties":{"osmId":309438050,"osmType":"way","tags":{"building":"house","addr:street":"Calle Dolores Romero","addr:housenumber":"14","addr:postcode":"28028"}}},{"type":"Feature","id":"osm-way-309438051","geometry":{"type":"Polygon","coordinates":[[[-3.663837,40.424199],[-3.663788,40.42419],[-3.663677,40.424166],[-3.663711,40.42408],[-3.663735,40.424085],[-3.663832,40.424106],[-3.663867,40.424114],[-3.663837,40.424199]]]},"properties":{"osmId":309438051,"osmType":"way","tags":{"building":"yes","addr:street":"Calle Manuela Torregrosa","addr:housenumber":"14","addr:postcode":"28028"}}},{"type":"Feature","id":"osm-way-309438052","geometry":{"type":"Polygon","coordinates":[[[-3.663322,40.42405],[-3.663416,40.424077],[-3.663384,40.42414],[-3.66329,40.424112],[-3.663322,40.42405]]]},"properties":{"osmId":309438052,"osmType":"way","tags":{"building":"yes","addr:street":"Calle de Ambrós","addr:housenumber":"14","addr:postcode":"28028"}}},{"type":"Feature","id":"osm-way-309438053","geometry":{"type":"Polygon","coordinates":[[[-3.663726,40.425103],[-3.663752,40.425029],[-3.663842,40.425047],[-3.663816,40.425121],[-3.663726,40.425103]]]},"properties":{"osmId":309438053,"osmType":"way","tags":{"building":"yes","addr:street":"Calle Dolores Romero","addr:housenumber":"15","addr:postcode":"28028"}}},{"type":"Feature","id":"osm-way-309438054","geometry":{"type":"Polygon","coordinates":[[[-3.664003,40.424144],[-3.663904,40.424122],[-3.663929,40.424056],[-3.664027,40.424077],[-3.664003,40.424144]]]},"properties":{"osmId":309438054,"osmType":"way","tags":{"building":"house","addr:street":"Calle Domingo Fontán","addr:housenumber":"15","addr:postcode":"28028"}}},{"type":"Feature","id":"osm-way-309438055","geometry":{"type":"Polygon","coordinates":[[[-3.663782,40.424427],[-3.663754,40.424502],[-3.663668,40.424483],[-3.663696,40.424409],[-3.663782,40.424427]]]},"properties":{"osmId":309438055,"osmType":"way","tags":{"building":"yes","addr:street":"Calle Francisco Lastres","addr:housenumber":"15","addr:postcode":"28028"}}},{"type":"Feature","id":"osm-way-309438056","geometry":{"type":"Polygon","coordinates":[[[-3.663579,40.424124],[-3.663482,40.424096],[-3.663516,40.424029],[-3.663612,40.424058],[-3.663579,40.424124]]]},"properties":{"osmId":309438056,"osmType":"way","tags":{"building":"house","addr:street":"Calle Manuela Torregrosa","addr:housenumber":"15","addr:postcode":"28028"}}},{"type":"Feature","id":"osm-way-309438057","geometry":{"type":"Polygon","coordinates":[[[-3.664043,40.424958],[-3.663957,40.42494],[-3.663983,40.424863],[-3.66407,40.424882],[-3.664043,40.424958]]]},"properties":{"osmId":309438057,"osmType":"way","tags":{"building":"yes","addr:street":"Calle Dolores Romero","addr:housenumber":"16","addr:postcode":"28028"}}},{"type":"Feature","id":"osm-way-309438058","geometry":{"type":"Polygon","coordinates":[[[-3.663957,40.424253],[-3.663931,40.424328],[-3.66384,40.42431],[-3.663867,40.424235],[-3.663957,40.424253]]]},"properties":{"osmId":309438058,"osmType":"way","tags":{"building":"house","addr:street":"Calle Francisco Lastres","addr:housenumber":"16","addr:postcode":"28028"}}},{"type":"Feature","id":"osm-way-309438059","geometry":{"type":"Polygon","coordinates":[[[-3.663857,40.424041],[-3.663832,40.424106],[-3.663735,40.424085],[-3.663759,40.42402],[-3.663857,40.424041]]]},"properties":{"osmId":309438059,"osmType":"way","tags":{"building":"house","addr:street":"Calle Manuela Torregrosa","addr:housenumber":"16","addr:postcode":"28028"}}},{"type":"Feature","id":"osm-way-309438060","geometry":{"type":"Polygon","coordinates":[[[-3.663355,40.423984],[-3.663449,40.424012],[-3.663423,40.424062],[-3.663416,40.424077],[-3.663322,40.42405],[-3.663355,40.423984]]]},"properties":{"osmId":309438060,"osmType":"way","tags":{"building":"house","addr:street":"Calle de Ambrós","addr:housenumber":"16","addr:postcode":"28028"}}},{"type":"Feature","id":"osm-way-309438061","geometry":{"type":"Polygon","coordinates":[[[-3.663679,40.425093],[-3.663587,40.425074],[-3.663614,40.424999],[-3.663706,40.425019],[-3.663679,40.425093]]]},"properties":{"osmId":309438061,"osmType":"way","tags":{"building":"yes","addr:street":"Calle Dolores Romero","addr:housenumber":"17","addr:postcode":"28028"}}},{"type":"Feature","id":"osm-way-309438062","geometry":{"type":"Polygon","coordinates":[[[-3.664027,40.424077],[-3.663929,40.424056],[-3.663954,40.423987],[-3.663985,40.423994],[-3.664053,40.424008],[-3.664027,40.424077]]]},"properties":{"osmId":309438062,"osmType":"way","tags":{"building":"house","addr:street":"Calle Domingo Fontán","addr:housenumber":"17","addr:postcode":"28028"}}},{"type":"Feature","id":"osm-way-309438063","geometry":{"type":"Polygon","coordinates":[[[-3.663696,40.424409],[-3.663668,40.424483],[-3.6636,40.424469],[-3.663579,40.424464],[-3.663607,40.424389],[-3.663696,40.424409]]]},"properties":{"osmId":309438063,"osmType":"way","tags":{"building":"yes","addr:street":"Calle Francisco Lastres","addr:housenumber":"17","addr:postcode":"28028"}}},{"type":"Feature","id":"osm-way-309438064","geometry":{"type":"Polygon","coordinates":[[[-3.663619,40.424039],[-3.663531,40.424015],[-3.663573,40.423929],[-3.663661,40.423953],[-3.663619,40.424039]]]},"properties":{"osmId":309438064,"osmType":"way","tags":{"building":"house","addr:street":"Calle Manuela Torregrosa","addr:housenumber":"17","addr:postcode":"28028"}}},{"type":"Feature","id":"osm-way-309438065","geometry":{"type":"Polygon","coordinates":[[[-3.663983,40.424863],[-3.663957,40.42494],[-3.663864,40.42492],[-3.663891,40.424844],[-3.663913,40.424848],[-3.663983,40.424863]]]},"properties":{"osmId":309438065,"osmType":"way","tags":{"building":"yes","addr:street":"Calle Dolores Romero","addr:housenumber":"18","addr:postcode":"28028"}}},{"type":"Feature","id":"osm-way-309438066","geometry":{"type":"Polygon","coordinates":[[[-3.66384,40.42431],[-3.663752,40.424292],[-3.663778,40.424217],[-3.663867,40.424235],[-3.66384,40.42431]]]},"properties":{"osmId":309438066,"osmType":"way","tags":{"building":"yes","addr:street":"Calle Francisco Lastres","addr:housenumber":"18","addr:postcode":"28028"}}},{"type":"Feature","id":"osm-way-309438067","geometry":{"type":"Polygon","coordinates":[[[-3.663759,40.42402],[-3.663785,40.42395],[-3.663882,40.423971],[-3.663857,40.424041],[-3.663759,40.42402]]]},"properties":{"osmId":309438067,"osmType":"way","tags":{"building":"yes","addr:street":"Calle Manuela Torregrosa","addr:housenumber":"18","addr:postcode":"28028"}}},{"type":"Feature","id":"osm-way-309438068","geometry":{"type":"Polygon","coordinates":[[[-3.663452,40.423992],[-3.663363,40.423967],[-3.663405,40.423881],[-3.663494,40.423906],[-3.663452,40.423992]]]},"properties":{"osmId":309438068,"osmType":"way","tags":{"building":"yes","addr:street":"Calle de Ambrós","addr:housenumber":"18","addr:postcode":"28028"}}},{"type":"Feature","id":"osm-way-309438069","geometry":{"type":"Polygon","coordinates":[[[-3.663587,40.425074],[-3.663502,40.425056],[-3.663529,40.424981],[-3.663614,40.424999],[-3.663587,40.425074]]]},"properties":{"osmId":309438069,"osmType":"way","tags":{"building":"yes","addr:street":"Calle Dolores Romero","addr:housenumber":"19","addr:postcode":"28028"}}},{"type":"Feature","id":"osm-way-309438070","geometry":{"type":"Polygon","coordinates":[[[-3.663427,40.424429],[-3.663337,40.42441],[-3.663365,40.424333],[-3.663456,40.424353],[-3.663427,40.424429]]]},"properties":{"osmId":309438070,"osmType":"way","tags":{"building":"house","addr:street":"Calle Francisco Lastres","addr:housenumber":"19","addr:postcode":"28028"}}},{"type":"Feature","id":"osm-way-309438071","geometry":{"type":"Polygon","coordinates":[[[-3.663661,40.423953],[-3.663573,40.423929],[-3.663605,40.42386],[-3.663694,40.423885],[-3.663661,40.423953]]]},"properties":{"osmId":309438071,"osmType":"way","tags":{"building":"yes","addr:street":"Calle Manuela Torregrosa","addr:housenumber":"19","addr:postcode":"28028"}}},{"type":"Feature","id":"osm-way-309438072","geometry":{"type":"Polygon","coordinates":[[[-3.663736,40.424809],[-3.66371,40.424884],[-3.663618,40.424866],[-3.663644,40.424791],[-3.663736,40.424809]]]},"properties":{"osmId":309438072,"osmType":"way","tags":{"building":"house","addr:street":"Calle Dolores Romero","addr:housenumber":"20","addr:postcode":"28028"}}},{"type":"Feature","id":"osm-way-309438073","geometry":{"type":"Polygon","coordinates":[[[-3.663778,40.424217],[-3.663752,40.424292],[-3.663659,40.424273],[-3.663684,40.424202],[-3.663686,40.424198],[-3.663778,40.424217]]]},"properties":{"osmId":309438073,"osmType":"way","tags":{"building":"yes","addr:street":"Calle Francisco Lastres","addr:housenumber":"20","addr:postcode":"28028"}}},{"type":"Feature","id":"osm-way-309438074","geometry":{"type":"Polygon","coordinates":[[[-3.663838,40.423917],[-3.663859,40.423875],[-3.663814,40.423862],[-3.663793,40.423856],[-3.663749,40.423844],[-3.663729,40.423886],[-3.663838,40.423917]]]},"properties":{"osmId":309438074,"osmType":"way","tags":{"building":"yes","addr:street":"Calle Manuela Torregrosa","addr:housenumber":"20","addr:postcode":"28028"}}},{"type":"Feature","id":"osm-way-309438075","geometry":{"type":"Polygon","coordinates":[[[-3.663494,40.423906],[-3.663405,40.423881],[-3.663436,40.423813],[-3.663526,40.423839],[-3.663494,40.423906]]]},"properties":{"osmId":309438075,"osmType":"way","tags":{"building":"yes","addr:street":"Calle de Ambrós","addr:housenumber":"20","addr:postcode":"28028"}}},{"type":"Feature","id":"osm-way-309438076","geometry":{"type":"Polygon","coordinates":[[[-3.663529,40.424981],[-3.663502,40.425056],[-3.663412,40.425037],[-3.66344,40.424963],[-3.663529,40.424981]]]},"properties":{"osmId":309438076,"osmType":"way","tags":{"building":"yes","addr:street":"Calle Dolores Romero","addr:housenumber":"21","addr:postcode":"28028"}}},{"type":"Feature","id":"osm-way-309438077","geometry":{"type":"Polygon","coordinates":[[[-3.663365,40.424333],[-3.663337,40.42441],[-3.663234,40.424387],[-3.663263,40.424311],[-3.663365,40.424333]]]},"properties":{"osmId":309438077,"osmType":"way","tags":{"building":"house","addr:street":"Calle Francisco Lastres","addr:housenumber":"21","addr:postcode":"28028"}}},{"type":"Feature","id":"osm-way-309438078","geometry":{"type":"Polygon","coordinates":[[[-3.663644,40.424791],[-3.663618,40.424866],[-3.663531,40.424849],[-3.663557,40.424774],[-3.663581,40.424778],[-3.663644,40.424791]]]},"properties":{"osmId":309438078,"osmType":"way","tags":{"building":"yes","addr:street":"Calle Dolores Romero","addr:housenumber":"22","addr:postcode":"28028"}}},{"type":"Feature","id":"osm-way-309438079","geometry":{"type":"Polygon","coordinates":[[[-3.663526,40.423839],[-3.663436,40.423813],[-3.66347,40.423739],[-3.663564,40.423761],[-3.663537,40.423816],[-3.663526,40.423839]]]},"properties":{"osmId":309438079,"osmType":"way","tags":{"building":"yes","addr:street":"Calle de Ambrós","addr:housenumber":"22","addr:postcode":"28028"}}},{"type":"Feature","id":"osm-way-309438080","geometry":{"type":"Polygon","coordinates":[[[-3.663263,40.424311],[-3.663234,40.424387],[-3.663161,40.424371],[-3.663189,40.424295],[-3.663263,40.424311]]]},"properties":{"osmId":309438080,"osmType":"way","tags":{"building":"yes","addr:street":"Calle Francisco Lastres","addr:housenumber":"23","addr:postcode":"28028"}}},{"type":"Feature","id":"osm-way-309438081","geometry":{"type":"Polygon","coordinates":[[[-3.663557,40.424774],[-3.663531,40.424849],[-3.663441,40.424831],[-3.663467,40.424756],[-3.663557,40.424774]]]},"properties":{"osmId":309438081,"osmType":"way","tags":{"building":"yes","addr:street":"Calle Dolores Romero","addr:housenumber":"24","addr:postcode":"28028"}}},{"type":"Feature","id":"osm-way-309438082","geometry":{"type":"Polygon","coordinates":[[[-3.662895,40.424245],[-3.662991,40.424259],[-3.662972,40.424336],[-3.662959,40.424334],[-3.662954,40.424354],[-3.662918,40.424349],[-3.662923,40.424329],[-3.662876,40.424322],[-3.662895,40.424245]]]},"properties":{"osmId":309438082,"osmType":"way","tags":{"building":"yes","addr:street":"Calle Francisco Lastres","addr:housenumber":"25","addr:postcode":"28028"}}},{"type":"Feature","id":"osm-way-309438083","geometry":{"type":"Polygon","coordinates":[[[-3.663279,40.424793],[-3.663191,40.424775],[-3.663219,40.424699],[-3.663307,40.424717],[-3.663279,40.424793]]]},"properties":{"osmId":309438083,"osmType":"way","tags":{"building":"yes","addr:street":"Calle Dolores Romero","addr:housenumber":"26","addr:postcode":"28028"}}},{"type":"Feature","id":"osm-way-309438084","geometry":{"type":"Polygon","coordinates":[[[-3.662806,40.424232],[-3.662895,40.424245],[-3.662876,40.424322],[-3.662787,40.424307],[-3.662806,40.424232]]]},"properties":{"osmId":309438084,"osmType":"way","tags":{"building":"yes","addr:street":"Calle Francisco Lastres","addr:housenumber":"27","addr:postcode":"28028"}}},{"type":"Feature","id":"osm-way-309438085","geometry":{"type":"Polygon","coordinates":[[[-3.663219,40.424699],[-3.663191,40.424775],[-3.663104,40.424756],[-3.663132,40.42468],[-3.663219,40.424699]]]},"properties":{"osmId":309438085,"osmType":"way","tags":{"building":"house","addr:street":"Calle Dolores Romero","addr:housenumber":"28","addr:postcode":"28028"}}},{"type":"Feature","id":"osm-way-309438086","geometry":{"type":"Polygon","coordinates":[[[-3.66285,40.424017],[-3.662832,40.424094],[-3.66274,40.424081],[-3.662758,40.424005],[-3.66285,40.424017]]]},"properties":{"osmId":309438086,"osmType":"way","tags":{"building":"yes","addr:street":"Calle Francisco Lastres","addr:housenumber":"28","addr:postcode":"28028"}}},{"type":"Feature","id":"osm-way-309438087","geometry":{"type":"Polygon","coordinates":[[[-3.663801,40.423437],[-3.663823,40.423368],[-3.663847,40.423373],[-3.663866,40.423309],[-3.663675,40.423278],[-3.663618,40.423397],[-3.663732,40.423421],[-3.663801,40.423437]]]},"properties":{"osmId":309438087,"osmType":"way","tags":{"building":"yes","addr:street":"Calle de Ambrós","addr:housenumber":"28","addr:postcode":"28028"}}},{"type":"Feature","id":"osm-way-309438088","geometry":{"type":"Polygon","coordinates":[[[-3.662851,40.425073],[-3.662864,40.425049],[-3.662896,40.425057],[-3.662906,40.425036],[-3.662928,40.424989],[-3.662819,40.424966],[-3.662777,40.425056],[-3.662851,40.425073]]]},"properties":{"osmId":309438088,"osmType":"way","tags":{"building":"yes","addr:street":"Calle de Ambrós","addr:housenumber":"28","addr:postcode":"28028"}}},{"type":"Feature","id":"osm-way-309438089","geometry":{"type":"Polygon","coordinates":[[[-3.662689,40.424323],[-3.662715,40.424218],[-3.662806,40.424232],[-3.662787,40.424307],[-3.66278,40.424336],[-3.662689,40.424323]]]},"properties":{"osmId":309438089,"osmType":"way","tags":{"building":"house","addr:street":"Calle Francisco Lastres","addr:housenumber":"29","addr:postcode":"28028"}}},{"type":"Feature","id":"osm-way-309438090","geometry":{"type":"Polygon","coordinates":[[[-3.664177,40.42486],[-3.66408,40.42484],[-3.664104,40.424772],[-3.664201,40.424792],[-3.664177,40.42486]]]},"properties":{"osmId":309438090,"osmType":"way","tags":{"building":"house","addr:street":"Calle Coronel Blanco","addr:housenumber":"3","addr:postcode":"28028"}}},{"type":"Feature","id":"osm-way-309438091","geometry":{"type":"Polygon","coordinates":[[[-3.663753,40.424768],[-3.663727,40.424763],[-3.663678,40.424753],[-3.663656,40.424748],[-3.663681,40.424679],[-3.663778,40.424699],[-3.663753,40.424768]]]},"properties":{"osmId":309438091,"osmType":"way","tags":{"building":"house","addr:street":"Calle Domingo Fontán","addr:housenumber":"3","addr:postcode":"28028"}}},{"type":"Feature","id":"osm-way-309438092","geometry":{"type":"Polygon","coordinates":[[[-3.66336,40.424605],[-3.663334,40.424672],[-3.663236,40.42465],[-3.663261,40.424583],[-3.66336,40.424605]]]},"properties":{"osmId":309438092,"osmType":"way","tags":{"building":"yes","addr:street":"Calle Manuela Torregrosa","addr:housenumber":"3","addr:postcode":"28028"}}},{"type":"Feature","id":"osm-way-309438093","geometry":{"type":"Polygon","coordinates":[[[-3.663132,40.42468],[-3.663104,40.424756],[-3.663011,40.424737],[-3.663039,40.42466],[-3.663132,40.42468]]]},"properties":{"osmId":309438093,"osmType":"way","tags":{"building":"yes","addr:street":"Calle Dolores Romero","addr:housenumber":"30","addr:postcode":"28028"}}},{"type":"Feature","id":"osm-way-309438094","geometry":{"type":"Polygon","coordinates":[[[-3.66274,40.424081],[-3.662649,40.424069],[-3.662666,40.423992],[-3.662758,40.424005],[-3.66274,40.424081]]]},"properties":{"osmId":309438094,"osmType":"way","tags":{"building":"house","addr:street":"Calle Francisco Lastres","addr:housenumber":"30","addr:postcode":"28028"}}},{"type":"Feature","id":"osm-way-309438095","geometry":{"type":"Polygon","coordinates":[[[-3.662536,40.424193],[-3.662516,40.424272],[-3.662422,40.424259],[-3.662442,40.424179],[-3.662536,40.424193]]]},"properties":{"osmId":309438095,"osmType":"way","tags":{"building":"house","addr:street":"Calle Francisco Lastres","addr:housenumber":"31","addr:postcode":"28028"}}},{"type":"Feature","id":"osm-way-309438096","geometry":{"type":"Polygon","coordinates":[[[-3.662848,40.424707],[-3.662756,40.424694],[-3.662774,40.424617],[-3.662867,40.424631],[-3.662848,40.424707]]]},"properties":{"osmId":309438096,"osmType":"way","tags":{"building":"house","addr:street":"Calle Dolores Romero","addr:housenumber":"32","addr:postcode":"28028"}}},{"type":"Feature","id":"osm-way-309438097","geometry":{"type":"Polygon","coordinates":[[[-3.662594,40.424],[-3.662574,40.424079],[-3.662478,40.424064],[-3.662498,40.423986],[-3.662594,40.424]]]},"properties":{"osmId":309438097,"osmType":"way","tags":{"building":"house","addr:street":"Calle Francisco Lastres","addr:housenumber":"32","addr:postcode":"28028"}}},{"type":"Feature","id":"osm-way-309438098","geometry":{"type":"Polygon","coordinates":[[[-3.663675,40.42311],[-3.663677,40.423071],[-3.663885,40.423104],[-3.663894,40.423077],[-3.66392,40.423081],[-3.663919,40.423087],[-3.663901,40.423147],[-3.663675,40.42311]]]},"properties":{"osmId":309438098,"osmType":"way","tags":{"building":"yes","addr:street":"Calle de Ambrós","addr:housenumber":"32","addr:postcode":"28028"}}},{"type":"Feature","id":"osm-way-309438099","geometry":{"type":"Polygon","coordinates":[[[-3.662422,40.424259],[-3.662337,40.424246],[-3.662357,40.424167],[-3.662442,40.424179],[-3.662422,40.424259]]]},"properties":{"osmId":309438099,"osmType":"way","tags":{"building":"house","addr:street":"Calle Francisco Lastres","addr:housenumber":"33","addr:postcode":"28028"}}},{"type":"Feature","id":"osm-way-309438100","geometry":{"type":"Polygon","coordinates":[[[-3.662774,40.424617],[-3.662756,40.424694],[-3.662667,40.424681],[-3.662685,40.424605],[-3.662774,40.424617]]]},"properties":{"osmId":309438100,"osmType":"way","tags":{"building":"yes","addr:street":"Calle Dolores Romero","addr:housenumber":"34","addr:postcode":"28028"}}},{"type":"Feature","id":"osm-way-309438101","geometry":{"type":"Polygon","coordinates":[[[-3.663697,40.422859],[-3.663776,40.422866],[-3.663864,40.42287],[-3.663907,40.422873],[-3.663889,40.423076],[-3.66368,40.423043],[-3.663697,40.422859]]]},"properties":{"osmId":309438101,"osmType":"way","tags":{"building":"yes","addr:street":"Calle de Ambrós","addr:housenumber":"34","addr:postcode":"28028"}}},{"type":"Feature","id":"osm-way-309438102","geometry":{"type":"Polygon","coordinates":[[[-3.664197,40.425612],[-3.664262,40.425498],[-3.664138,40.425425],[-3.664071,40.425386],[-3.664038,40.425443],[-3.663982,40.425549],[-3.664197,40.425612]]]},"properties":{"osmId":309438102,"osmType":"way","tags":{"building":"apartments","addr:street":"Paseo del Marqués de Zafra","addr:housenumber":"34","addr:postcode":"28028"}}},{"type":"Feature","id":"osm-way-309438103","geometry":{"type":"Polygon","coordinates":[[[-3.662357,40.424167],[-3.662337,40.424246],[-3.662242,40.424232],[-3.662262,40.424153],[-3.662357,40.424167]]]},"properties":{"osmId":309438103,"osmType":"way","tags":{"building":"house","addr:street":"Calle Francisco Lastres","addr:housenumber":"35","addr:postcode":"28028"}}},{"type":"Feature","id":"osm-way-309438104","geometry":{"type":"Polygon","coordinates":[[[-3.663982,40.425549],[-3.664038,40.425443],[-3.66401,40.425434],[-3.664001,40.42545],[-3.663986,40.425446],[-3.663979,40.425457],[-3.663932,40.425443],[-3.663925,40.425456],[-3.6639,40.425448],[-3.663907,40.425436],[-3.663872,40.425425],[-3.663884,40.425404],[-3.663837,40.425389],[-3.663785,40.425488],[-3.663982,40.425549]]]},"properties":{"osmId":309438104,"osmType":"way","tags":{"building":"apartments","addr:street":"Paseo del Marqués de Zafra","addr:housenumber":"36","addr:postcode":"28028"}}},{"type":"Feature","id":"osm-way-309438105","geometry":{"type":"Polygon","coordinates":[[[-3.662685,40.424605],[-3.662667,40.424681],[-3.662575,40.424668],[-3.662595,40.424591],[-3.662685,40.424605]]]},"properties":{"osmId":309438105,"osmType":"way","tags":{"building":"yes","addr:street":"Calle Dolores Romero","addr:housenumber":"36","addr:postcode":"28028"}}},{"type":"Feature","id":"osm-way-309438106","geometry":{"type":"Polygon","coordinates":[[[-3.662443,40.424568],[-3.662423,40.424644],[-3.662332,40.424631],[-3.662352,40.424554],[-3.662443,40.424568]]]},"properties":{"osmId":309438106,"osmType":"way","tags":{"building":"house","addr:street":"Calle Dolores Romero","addr:housenumber":"38","addr:postcode":"28028"}}},{"type":"Feature","id":"osm-way-309438107","geometry":{"type":"Polygon","coordinates":[[[-3.663785,40.425488],[-3.663566,40.425424],[-3.663702,40.425154],[-3.663933,40.425203],[-3.663837,40.425389],[-3.663785,40.425488]]]},"properties":{"osmId":309438107,"osmType":"way","tags":{"building":"apartments","addr:street":"Paseo del Marqués de Zafra","addr:housenumber":"38","addr:postcode":"28028"}}},{"type":"Feature","id":"osm-way-309438108","geometry":{"type":"Polygon","coordinates":[[[-3.663566,40.425424],[-3.663346,40.425359],[-3.663475,40.425105],[-3.663702,40.425154],[-3.663566,40.425424]]]},"properties":{"osmId":309438108,"osmType":"way","tags":{"building":"apartments","addr:street":"Paseo del Marqués de Zafra","addr:housenumber":"38D","addr:postcode":"28028"}}},{"type":"Feature","id":"osm-way-309438109","geometry":{"type":"Polygon","coordinates":[[[-3.664005,40.424826],[-3.663907,40.424805],[-3.663933,40.424735],[-3.66403,40.424757],[-3.664005,40.424826]]]},"properties":{"osmId":309438109,"osmType":"way","tags":{"building":"yes","addr:street":"Calle Domingo Fontán","addr:housenumber":"4","addr:postcode":"28028"}}},{"type":"Feature","id":"osm-way-309438110","geometry":{"type":"Polygon","coordinates":[[[-3.66358,40.424732],[-3.663486,40.424712],[-3.663511,40.424643],[-3.663606,40.424664],[-3.66358,40.424732]]]},"properties":{"osmId":309438110,"osmType":"way","tags":{"building":"yes","addr:street":"Calle Manuela Torregrosa","addr:housenumber":"4","addr:postcode":"28028"}}},{"type":"Feature","id":"osm-way-309438111","geometry":{"type":"Polygon","coordinates":[[[-3.663183,40.424566],[-3.663153,40.424639],[-3.663056,40.424614],[-3.663087,40.424545],[-3.663183,40.424566]]]},"properties":{"osmId":309438111,"osmType":"way","tags":{"building":"yes","addr:street":"Calle de Ambrós","addr:housenumber":"4","addr:postcode":"28028"}}},{"type":"Feature","id":"osm-way-309438112","geometry":{"type":"Polygon","coordinates":[[[-3.662332,40.424631],[-3.662245,40.424617],[-3.662265,40.424541],[-3.662352,40.424554],[-3.662332,40.424631]]]},"properties":{"osmId":309438112,"osmType":"way","tags":{"building":"yes","addr:street":"Calle Dolores Romero","addr:housenumber":"40","addr:postcode":"28028"}}},{"type":"Feature","id":"osm-way-309438113","geometry":{"type":"Polygon","coordinates":[[[-3.662265,40.424541],[-3.662245,40.424617],[-3.662152,40.424603],[-3.662172,40.424527],[-3.662265,40.424541]]]},"properties":{"osmId":309438113,"osmType":"way","tags":{"building":"house","addr:street":"Calle Dolores Romero","addr:housenumber":"42","addr:postcode":"28028"}}},{"type":"Feature","id":"osm-way-309438114","geometry":{"type":"Polygon","coordinates":[[[-3.662018,40.424507],[-3.661999,40.424584],[-3.661905,40.424571],[-3.661924,40.424494],[-3.661964,40.424499],[-3.662018,40.424507]]]},"properties":{"osmId":309438114,"osmType":"way","tags":{"building":"house","addr:street":"Calle Dolores Romero","addr:housenumber":"44","addr:postcode":"28028"}}},{"type":"Feature","id":"osm-way-309438115","geometry":{"type":"Polygon","coordinates":[[[-3.661905,40.424571],[-3.661817,40.424557],[-3.661836,40.424482],[-3.661924,40.424494],[-3.661905,40.424571]]]},"properties":{"osmId":309438115,"osmType":"way","tags":{"building":"house","addr:street":"Calle Dolores Romero","addr:housenumber":"46","addr:postcode":"28028"}}},{"type":"Feature","id":"osm-way-309438116","geometry":{"type":"Polygon","coordinates":[[[-3.663346,40.425359],[-3.663239,40.425327],[-3.66336,40.425079],[-3.663475,40.425105],[-3.663346,40.425359]]]},"properties":{"osmId":309438116,"osmType":"way","tags":{"building":"apartments","addr:street":"Paseo del Marqués de Zafra","addr:housenumber":"40","addr:postcode":"28028"}}},{"type":"Feature","id":"osm-way-309438117","geometry":{"type":"Polygon","coordinates":[[[-3.661836,40.424482],[-3.661817,40.424557],[-3.661725,40.424544],[-3.661744,40.424468],[-3.661836,40.424482]]]},"properties":{"osmId":309438117,"osmType":"way","tags":{"building":"yes","addr:street":"Calle Dolores Romero","addr:housenumber":"48","addr:postcode":"28028"}}},{"type":"Feature","id":"osm-way-309438118","geometry":{"type":"Polygon","coordinates":[[[-3.664201,40.424792],[-3.664104,40.424772],[-3.664127,40.424704],[-3.664224,40.424724],[-3.664201,40.424792]]]},"properties":{"osmId":309438118,"osmType":"way","tags":{"building":"house","addr:street":"Calle Coronel Blanco","addr:housenumber":"5","addr:postcode":"28028"}}},{"type":"Feature","id":"osm-way-309438119","geometry":{"type":"Polygon","coordinates":[[[-3.663778,40.424699],[-3.663681,40.424679],[-3.663704,40.424615],[-3.663801,40.424634],[-3.663778,40.424699]]]},"properties":{"osmId":309438119,"osmType":"way","tags":{"building":"yes","addr:street":"Calle Domingo Fontán","addr:housenumber":"5","addr:postcode":"28028"}}},{"type":"Feature","id":"osm-way-309438121","geometry":{"type":"Polygon","coordinates":[[[-3.66336,40.424605],[-3.663261,40.424583],[-3.663287,40.424517],[-3.663385,40.42454],[-3.66336,40.424605]]]},"properties":{"osmId":309438121,"osmType":"way","tags":{"building":"house","addr:street":"Calle Manuela Torregrosa","addr:housenumber":"5","addr:postcode":"28028"}}},{"type":"Feature","id":"osm-way-309438123","geometry":{"type":"Polygon","coordinates":[[[-3.66403,40.424757],[-3.663933,40.424735],[-3.663957,40.424668],[-3.664055,40.424689],[-3.66403,40.424757]]]},"properties":{"osmId":309438123,"osmType":"way","tags":{"building":"house","addr:street":"Calle Domingo Fontán","addr:housenumber":"6","addr:postcode":"28028"}}},{"type":"Feature","id":"osm-way-309438125","geometry":{"type":"Polygon","coordinates":[[[-3.663606,40.424664],[-3.663511,40.424643],[-3.663535,40.424579],[-3.66363,40.4246],[-3.663606,40.424664]]]},"properties":{"osmId":309438125,"osmType":"way","tags":{"building":"house","addr:street":"Calle Manuela Torregrosa","addr:housenumber":"6","addr:postcode":"28028"}}},{"type":"Feature","id":"osm-way-309438127","geometry":{"type":"Polygon","coordinates":[[[-3.663114,40.424479],[-3.663211,40.424501],[-3.663183,40.424566],[-3.663087,40.424545],[-3.663114,40.424479]]]},"properties":{"osmId":309438127,"osmType":"way","tags":{"building":"yes","addr:street":"Calle de Ambrós","addr:housenumber":"6","addr:postcode":"28028"}}},{"type":"Feature","id":"osm-way-309438129","geometry":{"type":"Polygon","coordinates":[[[-3.664224,40.424724],[-3.664127,40.424704],[-3.66415,40.424638],[-3.664247,40.424658],[-3.664224,40.424724]]]},"properties":{"osmId":309438129,"osmType":"way","tags":{"building":"house","addr:street":"Calle Coronel Blanco","addr:housenumber":"7","addr:postcode":"28028"}}},{"type":"Feature","id":"osm-way-309438130","geometry":{"type":"Polygon","coordinates":[[[-3.663801,40.424634],[-3.663704,40.424615],[-3.663728,40.424545],[-3.663825,40.424565],[-3.663801,40.424634]]]},"properties":{"osmId":309438130,"osmType":"way","tags":{"building":"house","addr:street":"Calle Domingo Fontán","addr:housenumber":"7","addr:postcode":"28028"}}},{"type":"Feature","id":"osm-way-309438131","geometry":{"type":"Polygon","coordinates":[[[-3.664265,40.424609],[-3.664177,40.424591],[-3.664205,40.424517],[-3.664291,40.424535],[-3.664265,40.424609]]]},"properties":{"osmId":309438131,"osmType":"way","tags":{"building":"yes","addr:street":"Calle Francisco Lastres","addr:housenumber":"7","addr:postcode":"28028"}}},{"type":"Feature","id":"osm-way-309438132","geometry":{"type":"Polygon","coordinates":[[[-3.663385,40.42454],[-3.663287,40.424517],[-3.663313,40.424449],[-3.663411,40.424471],[-3.663385,40.42454]]]},"properties":{"osmId":309438132,"osmType":"way","tags":{"building":"house","addr:street":"Calle Manuela Torregrosa","addr:housenumber":"7","addr:postcode":"28028"}}},{"type":"Feature","id":"osm-way-309438133","geometry":{"type":"Polygon","coordinates":[[[-3.664081,40.4251],[-3.66417,40.42512],[-3.664142,40.425194],[-3.664052,40.425174],[-3.664081,40.4251]]]},"properties":{"osmId":309438133,"osmType":"way","tags":{"building":"yes","addr:street":"Calle Dolores Romero","addr:housenumber":"9","addr:postcode":"28028"}}},{"type":"Feature","id":"osm-way-309438134","geometry":{"type":"Polygon","coordinates":[[[-3.664055,40.424689],[-3.663957,40.424668],[-3.663981,40.424602],[-3.664079,40.424622],[-3.664055,40.424689]]]},"properties":{"osmId":309438134,"osmType":"way","tags":{"building":"house","addr:street":"Calle Domingo Fontán","addr:housenumber":"8","addr:postcode":"28028"}}},{"type":"Feature","id":"osm-way-309438135","geometry":{"type":"Polygon","coordinates":[[[-3.66363,40.4246],[-3.663535,40.424579],[-3.663562,40.424509],[-3.663657,40.42453],[-3.66363,40.4246]]]},"properties":{"osmId":309438135,"osmType":"way","tags":{"building":"house","addr:street":"Calle Manuela Torregrosa","addr:housenumber":"8","addr:postcode":"28028"}}},{"type":"Feature","id":"osm-way-309438136","geometry":{"type":"Polygon","coordinates":[[[-3.663211,40.424501],[-3.663114,40.424479],[-3.663142,40.424411],[-3.663237,40.424437],[-3.663211,40.424501]]]},"properties":{"osmId":309438136,"osmType":"way","tags":{"building":"yes","addr:street":"Calle de Ambrós","addr:housenumber":"8","addr:postcode":"28028"}}},{"type":"Feature","id":"osm-way-309438137","geometry":{"type":"Polygon","coordinates":[[[-3.664205,40.424517],[-3.664177,40.424591],[-3.664147,40.424585],[-3.664087,40.424573],[-3.664113,40.424498],[-3.664205,40.424517]]]},"properties":{"osmId":309438137,"osmType":"way","tags":{"building":"yes","addr:street":"Calle Francisco Lastres","addr:housenumber":"9","addr:postcode":"28028"}}},{"type":"Feature","id":"osm-way-309438138","geometry":{"type":"Polygon","coordinates":[[[-3.663958,40.42521],[-3.664161,40.425251],[-3.664195,40.42527],[-3.664271,40.42536],[-3.664138,40.425425],[-3.664071,40.425386],[-3.664044,40.42537],[-3.663992,40.425358],[-3.664008,40.425316],[-3.663931,40.4253],[-3.663943,40.42527],[-3.663958,40.42521]]]},"properties":{"osmId":309438138,"osmType":"way","tags":{"building":"apartments","addr:street":"Calle Diego Bahamonde","addr:housenumber":"A9","addr:postcode":"28028"}}},{"type":"Feature","id":"osm-way-309438139","geometry":{"type":"Polygon","coordinates":[[[-3.66228,40.424051],[-3.662217,40.424043],[-3.66224,40.423946],[-3.66229,40.423943],[-3.662307,40.423941],[-3.662302,40.423963],[-3.66227,40.423966],[-3.662264,40.423982],[-3.66227,40.423984],[-3.662269,40.423997],[-3.662292,40.424003],[-3.66228,40.424051]]]},"properties":{"osmId":309438139,"osmType":"way","tags":{"building":"house"}}},{"type":"Feature","id":"osm-way-309438141","geometry":{"type":"Polygon","coordinates":[[[-3.66395,40.423687],[-3.664032,40.423706],[-3.66399,40.423809],[-3.663978,40.423806],[-3.663974,40.423814],[-3.663949,40.423808],[-3.663953,40.4238],[-3.66394,40.423797],[-3.663937,40.423806],[-3.663911,40.4238],[-3.663915,40.423791],[-3.663901,40.423788],[-3.663904,40.423782],[-3.66395,40.423687]]]},"properties":{"osmId":309438141,"osmType":"way","tags":{"building":"yes","addr:street":"Calle Peñascales","addr:housenumber":"43B","addr:postcode":"28028"}}},{"type":"Feature","id":"osm-way-309438142","geometry":{"type":"Polygon","coordinates":[[[-3.663839,40.423663],[-3.66395,40.423687],[-3.663904,40.423782],[-3.663863,40.42377],[-3.663856,40.423786],[-3.663896,40.423798],[-3.663859,40.423875],[-3.663814,40.423862],[-3.663833,40.423822],[-3.663813,40.423815],[-3.663793,40.423856],[-3.663749,40.423844],[-3.663767,40.423808],[-3.663784,40.423773],[-3.663788,40.423766],[-3.663829,40.423778],[-3.663836,40.423762],[-3.663796,40.42375],[-3.663839,40.423663]]]},"properties":{"osmId":309438142,"osmType":"way","tags":{"building":"yes","addr:street":"Calle Peñascales","addr:housenumber":"45","addr:postcode":"28028"}}},{"type":"Feature","id":"osm-way-309438143","geometry":{"type":"Polygon","coordinates":[[[-3.662741,40.424424],[-3.662723,40.42449],[-3.662627,40.424475],[-3.662645,40.424409],[-3.662741,40.424424]]]},"properties":{"osmId":309438143,"osmType":"way","tags":{"building":"house","addr:street":"Calle Segundo de Izpizula","addr:housenumber":"6","addr:postcode":"28028"}}},{"type":"Feature","id":"osm-way-309438144","geometry":{"type":"Polygon","coordinates":[[[-3.663836,40.422137],[-3.663741,40.422137],[-3.663741,40.422058],[-3.663836,40.422058],[-3.663836,40.422137]]]},"properties":{"osmId":309438144,"osmType":"way","tags":{"building":"yes","addr:street":"Calle de Mercedes Fórmica","addr:housenumber":"35","addr:postcode":"28028"}}},{"type":"Feature","id":"osm-way-309438145","geometry":{"type":"Polygon","coordinates":[[[-3.664102,40.422268],[-3.664101,40.422334],[-3.664007,40.422333],[-3.664009,40.422267],[-3.664102,40.422268]]]},"properties":{"osmId":309438145,"osmType":"way","tags":{"building":"yes","addr:street":"Calle Basilio Paraíso","addr:housenumber":"7","addr:postcode":"28028"}}},{"type":"Feature","id":"osm-way-309438146","geometry":{"type":"Polygon","coordinates":[[[-3.663423,40.424062],[-3.663456,40.424072],[-3.663449,40.424087],[-3.663416,40.424077],[-3.663423,40.424062]]]},"properties":{"osmId":309438146,"osmType":"way","tags":{"building":"yes","addr:postcode":"28028"}}},{"type":"Feature","id":"osm-way-309438147","geometry":{"type":"Polygon","coordinates":[[[-3.664097,40.422531],[-3.664089,40.422608],[-3.663994,40.422603],[-3.664002,40.422525],[-3.664097,40.422531]]]},"properties":{"osmId":309438147,"osmType":"way","tags":{"building":"yes","addr:street":"Calle de Jorge Juan","addr:housenumber":"142","addr:postcode":"28028"}}},{"type":"Feature","id":"osm-way-309438148","geometry":{"type":"Polygon","coordinates":[[[-3.664155,40.42192],[-3.664062,40.42192],[-3.664063,40.421842],[-3.664156,40.421843],[-3.664155,40.42192]]]},"properties":{"osmId":309438148,"osmType":"way","tags":{"building":"yes","addr:street":"Calle de Mercedes Fórmica","addr:housenumber":"38","addr:postcode":"28028"}}},{"type":"Feature","id":"osm-way-309438149","geometry":{"type":"Polygon","coordinates":[[[-3.664012,40.422058],[-3.664012,40.422137],[-3.663922,40.422137],[-3.663922,40.422058],[-3.664012,40.422058]]]},"properties":{"osmId":309438149,"osmType":"way","tags":{"building":"yes","addr:street":"Calle de Mercedes Fórmica","addr:housenumber":"31","addr:postcode":"28028"}}},{"type":"Feature","id":"osm-way-309438150","geometry":{"type":"Polygon","coordinates":[[[-3.663461,40.422727],[-3.663454,40.422804],[-3.663362,40.4228],[-3.663368,40.422723],[-3.663461,40.422727]]]},"properties":{"osmId":309438150,"osmType":"way","tags":{"building":"yes","addr:street":"Calle de Jorge Juan","addr:housenumber":"175","addr:postcode":"28028"}}},{"type":"Feature","id":"osm-way-309438151","geometry":{"type":"Polygon","coordinates":[[[-3.663036,40.424047],[-3.663071,40.423979],[-3.663164,40.424006],[-3.663129,40.424074],[-3.663036,40.424047]]]},"properties":{"osmId":309438151,"osmType":"way","tags":{"building":"house","addr:street":"Calle de Ambrós","addr:housenumber":"13","addr:postcode":"28028"}}},{"type":"Feature","id":"osm-way-309438152","geometry":{"type":"Polygon","coordinates":[[[-3.663445,40.42183],[-3.663444,40.421908],[-3.663351,40.421908],[-3.663352,40.421829],[-3.663445,40.42183]]]},"properties":{"osmId":309438152,"osmType":"way","tags":{"building":"yes","addr:street":"Calle de Mercedes Fórmica","addr:housenumber":"50","addr:postcode":"28028"}}},{"type":"Feature","id":"osm-way-309438153","geometry":{"type":"Polygon","coordinates":[[[-3.663348,40.422048],[-3.663347,40.422127],[-3.663257,40.422126],[-3.663258,40.422047],[-3.663348,40.422048]]]},"properties":{"osmId":309438153,"osmType":"way","tags":{"building":"yes","addr:street":"Calle de Mercedes Fórmica","addr:housenumber":"39","addr:postcode":"28028"}}},{"type":"Feature","id":"osm-way-309438154","geometry":{"type":"Polygon","coordinates":[[[-3.6641,40.422403],[-3.664098,40.422475],[-3.664005,40.422474],[-3.664006,40.422401],[-3.6641,40.422403]]]},"properties":{"osmId":309438154,"osmType":"way","tags":{"building":"yes","addr:street":"Calle Basilio Paraíso","addr:housenumber":"3","addr:postcode":"28028"}}},{"type":"Feature","id":"osm-way-309438155","geometry":{"type":"Polygon","coordinates":[[[-3.66378,40.422809],[-3.663776,40.422866],[-3.663864,40.42287],[-3.663868,40.422812],[-3.66378,40.422809]]]},"properties":{"osmId":309438155,"osmType":"way","tags":{"building":"yes","addr:postcode":"28028"}}},{"type":"Feature","id":"osm-way-309438156","geometry":{"type":"Polygon","coordinates":[[[-3.663531,40.422511],[-3.663523,40.422588],[-3.663428,40.422582],[-3.663436,40.422505],[-3.663531,40.422511]]]},"properties":{"osmId":309438156,"osmType":"way","tags":{"building":"yes","addr:street":"Calle de Jorge Juan","addr:housenumber":"150","addr:postcode":"28028"}}},{"type":"Feature","id":"osm-way-309438157","geometry":{"type":"Polygon","coordinates":[[[-3.66213,40.424071],[-3.662114,40.424136],[-3.662012,40.424122],[-3.662028,40.424056],[-3.66213,40.424071]]]},"properties":{"osmId":309438157,"osmType":"way","tags":{"building":"house","addr:street":"Calle Rosario Acuña","addr:housenumber":"11","addr:postcode":"28028"}}},{"type":"Feature","id":"osm-way-309438158","geometry":{"type":"Polygon","coordinates":[[[-3.663264,40.421829],[-3.663263,40.421908],[-3.663175,40.421907],[-3.663176,40.421829],[-3.663264,40.421829]]]},"properties":{"osmId":309438158,"osmType":"way","tags":{"building":"yes","addr:street":"Calle de Mercedes Fórmica","addr:housenumber":"54","addr:postcode":"28028"}}},{"type":"Feature","id":"osm-way-309438159","geometry":{"type":"Polygon","coordinates":[[[-3.663405,40.421575],[-3.663318,40.421574],[-3.66332,40.421495],[-3.663406,40.421496],[-3.663405,40.421575]]]},"properties":{"osmId":309438159,"osmType":"way","tags":{"building":"yes","addr:street":"Calle Marqués de Vallejo","addr:housenumber":"14","addr:postcode":"28028"}}},{"type":"Feature","id":"osm-way-309438160","geometry":{"type":"Polygon","coordinates":[[[-3.663496,40.423354],[-3.663401,40.423339],[-3.663423,40.423261],[-3.663518,40.423276],[-3.663496,40.423354]]]},"properties":{"osmId":309438160,"osmType":"way","tags":{"building":"yes","addr:street":"Calle José Celestino Mutis","addr:housenumber":"29","addr:postcode":"28028"}}},{"type":"Feature","id":"osm-way-309438161","geometry":{"type":"Polygon","coordinates":[[[-3.66401,40.422195],[-3.664104,40.422196],[-3.664102,40.422268],[-3.664009,40.422267],[-3.66401,40.422195]]]},"properties":{"osmId":309438161,"osmType":"way","tags":{"building":"yes","addr:street":"Calle Basilio Paraíso","addr:housenumber":"9","addr:postcode":"28028"}}},{"type":"Feature","id":"osm-way-309438162","geometry":{"type":"Polygon","coordinates":[[[-3.663671,40.423536],[-3.663562,40.423508],[-3.663618,40.423397],[-3.663732,40.423421],[-3.663671,40.423536]]]},"properties":{"osmId":309438162,"osmType":"way","tags":{"building":"yes","addr:street":"Calle Peñascales","addr:housenumber":"70","addr:postcode":"28028"}}},{"type":"Feature","id":"osm-way-309438163","geometry":{"type":"Polygon","coordinates":[[[-3.663336,40.422577],[-3.663249,40.422571],[-3.663257,40.422495],[-3.663343,40.4225],[-3.663336,40.422577]]]},"properties":{"osmId":309438163,"osmType":"way","tags":{"building":"yes","addr:street":"Calle de Jorge Juan","addr:housenumber":"154","addr:postcode":"28028"}}},{"type":"Feature","id":"osm-way-309438164","geometry":{"type":"Polygon","coordinates":[[[-3.663087,40.423613],[-3.66306,40.42364],[-3.662961,40.423582],[-3.662988,40.423555],[-3.663087,40.423613]]]},"properties":{"osmId":309438164,"osmType":"way","tags":{"building":"yes","addr:postcode":"28028"}}},{"type":"Feature","id":"osm-way-309438165","geometry":{"type":"Polygon","coordinates":[[[-3.663983,40.424863],[-3.663992,40.424841],[-3.663922,40.424825],[-3.663913,40.424848],[-3.663983,40.424863]]]},"properties":{"osmId":309438165,"osmType":"way","tags":{"building":"yes","addr:postcode":"28028"}}},{"type":"Feature","id":"osm-way-309438166","geometry":{"type":"Polygon","coordinates":[[[-3.663271,40.422374],[-3.663268,40.42245],[-3.663168,40.422449],[-3.66317,40.422373],[-3.663271,40.422374]]]},"properties":{"osmId":309438166,"osmType":"way","tags":{"building":"yes","addr:street":"Calle de Enrique D'Almonte","addr:housenumber":"4","addr:postcode":"28028"}}},{"type":"Feature","id":"osm-way-309438167","geometry":{"type":"Polygon","coordinates":[[[-3.663233,40.421493],[-3.663232,40.421572],[-3.663141,40.421572],[-3.66314,40.421491],[-3.663233,40.421493]]]},"properties":{"osmId":309438167,"osmType":"way","tags":{"building":"house","addr:street":"Calle Marqués de Vallejo","addr:housenumber":"18","addr:postcode":"28028"}}},{"type":"Feature","id":"osm-way-309438168","geometry":{"type":"Polygon","coordinates":[[[-3.663451,40.4229],[-3.663393,40.422895],[-3.663391,40.422927],[-3.663448,40.422931],[-3.663451,40.4229]]]},"properties":{"osmId":309438168,"osmType":"way","tags":{"building":"yes","addr:postcode":"28028"}}},{"type":"Feature","id":"osm-way-309438169","geometry":{"type":"Polygon","coordinates":[[[-3.663886,40.421918],[-3.663795,40.421917],[-3.663796,40.421839],[-3.663887,40.42184],[-3.663886,40.421918]]]},"properties":{"osmId":309438169,"osmType":"way","tags":{"building":"yes","addr:street":"Calle de Mercedes Fórmica","addr:housenumber":"44","addr:postcode":"28028"}}},{"type":"Feature","id":"osm-way-309438170","geometry":{"type":"Polygon","coordinates":[[[-3.661965,40.424311],[-3.662065,40.424326],[-3.662048,40.424391],[-3.661948,40.424376],[-3.661965,40.424311]]]},"properties":{"osmId":309438170,"osmType":"way","tags":{"building":"house","addr:street":"Calle Rosario Acuña","addr:housenumber":"5","addr:postcode":"28028"}}},{"type":"Feature","id":"osm-way-309438171","geometry":{"type":"Polygon","coordinates":[[[-3.664101,40.422334],[-3.6641,40.422403],[-3.664006,40.422401],[-3.664007,40.422333],[-3.664101,40.422334]]]},"properties":{"osmId":309438171,"osmType":"way","tags":{"building":"yes","addr:street":"Calle Basilio Paraíso","addr:housenumber":"5","addr:postcode":"28028"}}},{"type":"Feature","id":"osm-way-309438172","geometry":{"type":"Polygon","coordinates":[[[-3.664005,40.423537],[-3.663913,40.423517],[-3.663888,40.423588],[-3.663979,40.423609],[-3.664005,40.423537]]]},"properties":{"osmId":309438172,"osmType":"way","tags":{"building":"yes","addr:street":"Calle Peñascales","addr:housenumber":"56","addr:postcode":"28028"}}},{"type":"Feature","id":"osm-way-309438173","geometry":{"type":"Polygon","coordinates":[[[-3.664062,40.42192],[-3.663973,40.421919],[-3.663975,40.421841],[-3.664063,40.421842],[-3.664062,40.42192]]]},"properties":{"osmId":309438173,"osmType":"way","tags":{"building":"yes","addr:street":"Calle de Mercedes Fórmica","addr:housenumber":"40","addr:postcode":"28028"}}},{"type":"Feature","id":"osm-way-309438174","geometry":{"type":"Polygon","coordinates":[[[-3.663526,40.421782],[-3.663431,40.421782],[-3.663431,40.421703],[-3.663526,40.421703],[-3.663526,40.421782]]]},"properties":{"osmId":309438174,"osmType":"way","tags":{"building":"yes","addr:street":"Calle Marqués de Vallejo","addr:housenumber":"11","addr:postcode":"28028"}}},{"type":"Feature","id":"osm-way-309438175","geometry":{"type":"Polygon","coordinates":[[[-3.66318,40.423973],[-3.663087,40.423945],[-3.663122,40.423876],[-3.663215,40.423904],[-3.66318,40.423973]]]},"properties":{"osmId":309438175,"osmType":"way","tags":{"building":"yes","addr:street":"Calle de Ambrós","addr:housenumber":"15","addr:postcode":"28028"}}},{"type":"Feature","id":"osm-way-309438176","geometry":{"type":"Polygon","coordinates":[[[-3.66294,40.424453],[-3.662913,40.42452],[-3.662816,40.424497],[-3.662843,40.42443],[-3.66294,40.424453]]]},"properties":{"osmId":309438176,"osmType":"way","tags":{"building":"yes","addr:street":"Calle de Ambrós","addr:housenumber":"5","addr:postcode":"28028"}}},{"type":"Feature","id":"osm-way-309438177","geometry":{"type":"Polygon","coordinates":[[[-3.662477,40.425106],[-3.662325,40.425058],[-3.662379,40.424958],[-3.662531,40.425006],[-3.662477,40.425106]]]},"properties":{"osmId":309438177,"osmType":"way","tags":{"building":"yes","addr:street":"Paseo del Marqués de Zafra","addr:housenumber":"50","addr:postcode":"28028"}}},{"type":"Feature","id":"osm-way-309438178","geometry":{"type":"Polygon","coordinates":[[[-3.663339,40.421703],[-3.663339,40.421782],[-3.663249,40.421782],[-3.663249,40.421703],[-3.663339,40.421703]]]},"properties":{"osmId":309438178,"osmType":"way","tags":{"building":"yes","addr:street":"Calle Marqués de Vallejo","addr:housenumber":"15","addr:postcode":"28028"}}},{"type":"Feature","id":"osm-way-309438179","geometry":{"type":"Polygon","coordinates":[[[-3.663535,40.422836],[-3.663532,40.422861],[-3.663454,40.422857],[-3.663457,40.422832],[-3.663535,40.422836]]]},"properties":{"osmId":309438179,"osmType":"way","tags":{"building":"yes","addr:postcode":"28028"}}},{"type":"Feature","id":"osm-way-309438180","geometry":{"type":"Polygon","coordinates":[[[-3.663318,40.421574],[-3.663232,40.421572],[-3.663233,40.421493],[-3.66332,40.421495],[-3.663318,40.421574]]]},"properties":{"osmId":309438180,"osmType":"way","tags":{"building":"yes","addr:street":"Calle Marqués de Vallejo","addr:housenumber":"16","addr:postcode":"28028"}}},{"type":"Feature","id":"osm-way-309438181","geometry":{"type":"Polygon","coordinates":[[[-3.663975,40.421841],[-3.663973,40.421919],[-3.663886,40.421918],[-3.663887,40.42184],[-3.663975,40.421841]]]},"properties":{"osmId":309438181,"osmType":"way","tags":{"building":"yes","addr:street":"Calle de Mercedes Fórmica","addr:housenumber":"42","addr:postcode":"28028"}}},{"type":"Feature","id":"osm-way-309438182","geometry":{"type":"Polygon","coordinates":[[[-3.663423,40.423261],[-3.663401,40.423339],[-3.663308,40.423323],[-3.663331,40.423246],[-3.663423,40.423261]]]},"properties":{"osmId":309438182,"osmType":"way","tags":{"building":"yes","addr:street":"Calle José Celestino Mutis","addr:housenumber":"31","addr:postcode":"28028"}}},{"type":"Feature","id":"osm-way-309438183","geometry":{"type":"Polygon","coordinates":[[[-3.664147,40.421789],[-3.664052,40.421789],[-3.664053,40.421711],[-3.664148,40.421711],[-3.664147,40.421789]]]},"properties":{"osmId":309438183,"osmType":"way","tags":{"building":"yes","addr:street":"Calle Marqués de Vallejo","addr:housenumber":"1","addr:postcode":"28028"}}},{"type":"Feature","id":"osm-way-309438188","geometry":{"type":"Polygon","coordinates":[[[-3.664014,40.423514],[-3.663924,40.423493],[-3.663933,40.423466],[-3.664024,40.423487],[-3.664014,40.423514]]]},"properties":{"osmId":309438188,"osmType":"way","tags":{"building":"yes","addr:postcode":"28028"}}},{"type":"Feature","id":"osm-way-309438190","geometry":{"type":"Polygon","coordinates":[[[-3.663668,40.424483],[-3.663658,40.424508],[-3.663591,40.424493],[-3.6636,40.424469],[-3.663668,40.424483]]]},"properties":{"osmId":309438190,"osmType":"way","tags":{"building":"yes","addr:postcode":"28028"}}},{"type":"Feature","id":"osm-way-309438191","geometry":{"type":"Polygon","coordinates":[[[-3.663975,40.42274],[-3.66397,40.422816],[-3.663875,40.422813],[-3.66388,40.422737],[-3.663975,40.42274]]]},"properties":{"osmId":309438191,"osmType":"way","tags":{"building":"yes","addr:street":"Calle de Jorge Juan","addr:housenumber":"169","addr:postcode":"28028"}}},{"type":"Feature","id":"osm-way-309438192","geometry":{"type":"Polygon","coordinates":[[[-3.663796,40.421839],[-3.663795,40.421917],[-3.663699,40.421916],[-3.6637,40.421838],[-3.663796,40.421839]]]},"properties":{"osmId":309438192,"osmType":"way","tags":{"building":"yes","addr:street":"Calle de Mercedes Fórmica","addr:housenumber":"46","addr:postcode":"28028"}}},{"type":"Feature","id":"osm-way-309438193","geometry":{"type":"Polygon","coordinates":[[[-3.662048,40.424391],[-3.662029,40.424462],[-3.661929,40.424447],[-3.661948,40.424376],[-3.662048,40.424391]]]},"properties":{"osmId":309438193,"osmType":"way","tags":{"building":"house","addr:street":"Calle Rosario Acuña","addr:housenumber":"3","addr:postcode":"28028"}}},{"type":"Feature","id":"osm-way-309438194","geometry":{"type":"Polygon","coordinates":[[[-3.662197,40.424411],[-3.662212,40.424347],[-3.662314,40.424361],[-3.662299,40.424426],[-3.662197,40.424411]]]},"properties":{"osmId":309438194,"osmType":"way","tags":{"building":"house","addr:street":"Calle Rosario Acuña","addr:housenumber":"6","addr:postcode":"28028"}}},{"type":"Feature","id":"osm-way-309438195","geometry":{"type":"Polygon","coordinates":[[[-3.663141,40.421572],[-3.663046,40.42157],[-3.663045,40.42149],[-3.66314,40.421491],[-3.663141,40.421572]]]},"properties":{"osmId":309438195,"osmType":"way","tags":{"building":"house","addr:street":"Calle Marqués de Vallejo","addr:housenumber":"20","addr:postcode":"28028"}}},{"type":"Feature","id":"osm-way-309438196","geometry":{"type":"Polygon","coordinates":[[[-3.66403,40.423054],[-3.663974,40.423048],[-3.663971,40.423067],[-3.664027,40.423073],[-3.66403,40.423054]]]},"properties":{"osmId":309438196,"osmType":"way","tags":{"building":"yes","addr:postcode":"28028"}}},{"type":"Feature","id":"osm-way-309438197","geometry":{"type":"Polygon","coordinates":[[[-3.663249,40.421703],[-3.663249,40.421782],[-3.663165,40.421782],[-3.663165,40.421703],[-3.663249,40.421703]]]},"properties":{"osmId":309438197,"osmType":"way","tags":{"building":"yes","addr:street":"Calle Marqués de Vallejo","addr:housenumber":"17","addr:postcode":"28028"}}},{"type":"Feature","id":"osm-way-309438198","geometry":{"type":"Polygon","coordinates":[[[-3.662084,40.424255],[-3.662065,40.424326],[-3.661965,40.424311],[-3.661984,40.42424],[-3.662084,40.424255]]]},"properties":{"osmId":309438198,"osmType":"way","tags":{"building":"house","addr:street":"Calle Rosario Acuña","addr:housenumber":"7","addr:postcode":"28028"}}},{"type":"Feature","id":"osm-way-309438199","geometry":{"type":"Polygon","coordinates":[[[-3.662967,40.424387],[-3.66294,40.424453],[-3.662843,40.42443],[-3.66287,40.424364],[-3.662967,40.424387]]]},"properties":{"osmId":309438199,"osmType":"way","tags":{"building":"house","addr:street":"Calle de Ambrós","addr:housenumber":"7","addr:postcode":"28028"}}},{"type":"Feature","id":"osm-way-309438200","geometry":{"type":"Polygon","coordinates":[[[-3.663431,40.421703],[-3.663431,40.421782],[-3.663339,40.421782],[-3.663339,40.421703],[-3.663431,40.421703]]]},"properties":{"osmId":309438200,"osmType":"way","tags":{"building":"yes","addr:street":"Calle Marqués de Vallejo","addr:housenumber":"13","addr:postcode":"28028"}}},{"type":"Feature","id":"osm-way-309438201","geometry":{"type":"Polygon","coordinates":[[[-3.663956,40.421788],[-3.66387,40.421787],[-3.663871,40.421709],[-3.663957,40.42171],[-3.663956,40.421788]]]},"properties":{"osmId":309438201,"osmType":"way","tags":{"building":"yes","addr:street":"Calle Marqués de Vallejo","addr:housenumber":"5","addr:postcode":"28028"}}},{"type":"Feature","id":"osm-way-309438202","geometry":{"type":"Polygon","coordinates":[[[-3.662506,40.424316],[-3.662488,40.424386],[-3.662388,40.424371],[-3.662405,40.424301],[-3.662506,40.424316]]]},"properties":{"osmId":309438202,"osmType":"way","tags":{"building":"yes","addr:street":"Calle Segundo de Izpizula","addr:housenumber":"7","addr:postcode":"28028"}}},{"type":"Feature","id":"osm-way-309438203","geometry":{"type":"Polygon","coordinates":[[[-3.663122,40.423876],[-3.663156,40.423809],[-3.663249,40.423837],[-3.663215,40.423904],[-3.663122,40.423876]]]},"properties":{"osmId":309438203,"osmType":"way","tags":{"building":"yes","addr:street":"Calle de Ambrós","addr:housenumber":"17","addr:postcode":"28028"}}},{"type":"Feature","id":"osm-way-309438204","geometry":{"type":"Polygon","coordinates":[[[-3.664112,40.42139],[-3.664016,40.421388],[-3.664018,40.421311],[-3.664115,40.421312],[-3.664112,40.42139]]]},"properties":{"osmId":309438204,"osmType":"way","tags":{"building":"yes","addr:street":"Calle Daniel Zuloaga","addr:housenumber":"2","addr:postcode":"28028"}}},{"type":"Feature","id":"osm-way-309438205","geometry":{"type":"Polygon","coordinates":[[[-3.662755,40.423838],[-3.662797,40.423824],[-3.662792,40.423853],[-3.662754,40.423856],[-3.662755,40.423838]]]},"properties":{"osmId":309438205,"osmType":"way","tags":{"building":"yes","addr:postcode":"28028"}}},{"type":"Feature","id":"osm-way-309438206","geometry":{"type":"Polygon","coordinates":[[[-3.662913,40.42452],[-3.662885,40.424588],[-3.662788,40.424565],[-3.662816,40.424497],[-3.662913,40.42452]]]},"properties":{"osmId":309438206,"osmType":"way","tags":{"building":"house","addr:street":"Calle de Ambrós","addr:housenumber":"3","addr:postcode":"28028"}}},{"type":"Feature","id":"osm-way-309438207","geometry":{"type":"Polygon","coordinates":[[[-3.663452,40.423053],[-3.663436,40.42313],[-3.663338,40.423117],[-3.663355,40.423041],[-3.663452,40.423053]]]},"properties":{"osmId":309438207,"osmType":"way","tags":{"building":"yes","addr:street":"Calle José Celestino Mutis","addr:housenumber":"34","addr:postcode":"28028"}}},{"type":"Feature","id":"osm-way-309438208","geometry":{"type":"Polygon","coordinates":[[[-3.664034,40.421509],[-3.664031,40.421586],[-3.663939,40.421584],[-3.663942,40.421508],[-3.664034,40.421509]]]},"properties":{"osmId":309438208,"osmType":"way","tags":{"building":"yes","addr:street":"Calle Daniel Zuloaga","addr:housenumber":"3","addr:postcode":"28028"}}},{"type":"Feature","id":"osm-way-309438209","geometry":{"type":"Polygon","coordinates":[[[-3.663257,40.422126],[-3.663258,40.422152],[-3.663218,40.422152],[-3.663218,40.422125],[-3.663257,40.422126]]]},"properties":{"osmId":309438209,"osmType":"way","tags":{"building":"yes","addr:postcode":"28028"}}},{"type":"Feature","id":"osm-way-309438210","geometry":{"type":"Polygon","coordinates":[[[-3.66314,40.423456],[-3.663091,40.423524],[-3.66301,40.42349],[-3.663059,40.423423],[-3.66314,40.423456]]]},"properties":{"osmId":309438210,"osmType":"way","tags":{"building":"yes","addr:street":"Calle Peñascales","addr:housenumber":"57","addr:postcode":"28028"}}},{"type":"Feature","id":"osm-way-309438211","geometry":{"type":"Polygon","coordinates":[[[-3.663781,40.421709],[-3.66378,40.421787],[-3.663684,40.421786],[-3.663685,40.421708],[-3.663781,40.421709]]]},"properties":{"osmId":309438211,"osmType":"way","tags":{"building":"yes","addr:street":"Calle Marqués de Vallejo","addr:housenumber":"9","addr:postcode":"28028"}}},{"type":"Feature","id":"osm-way-309438212","geometry":{"type":"Polygon","coordinates":[[[-3.6635,40.422128],[-3.663499,40.422154],[-3.663437,40.422154],[-3.663439,40.422128],[-3.6635,40.422128]]]},"properties":{"osmId":309438212,"osmType":"way","tags":{"building":"yes","addr:postcode":"28028"}}},{"type":"Feature","id":"osm-way-309438213","geometry":{"type":"Polygon","coordinates":[[[-3.662923,40.42386],[-3.662995,40.423883],[-3.662977,40.423915],[-3.662905,40.423893],[-3.662923,40.42386]]]},"properties":{"osmId":309438213,"osmType":"way","tags":{"building":"yes","addr:postcode":"28028"}}},{"type":"Feature","id":"osm-way-309438214","geometry":{"type":"Polygon","coordinates":[[[-3.663931,40.421309],[-3.663929,40.421387],[-3.663839,40.421385],[-3.663842,40.421308],[-3.663931,40.421309]]]},"properties":{"osmId":309438214,"osmType":"way","tags":{"building":"yes","addr:street":"Calle Daniel Zuloaga","addr:housenumber":"6","addr:postcode":"28028"}}},{"type":"Feature","id":"osm-way-309438215","geometry":{"type":"Polygon","coordinates":[[[-3.662282,40.424497],[-3.662179,40.424483],[-3.662197,40.424411],[-3.662299,40.424426],[-3.662282,40.424497]]]},"properties":{"osmId":309438215,"osmType":"way","tags":{"building":"house","addr:street":"Calle Rosario Acuña","addr:housenumber":"4","addr:postcode":"28028"}}},{"type":"Feature","id":"osm-way-309438216","geometry":{"type":"Polygon","coordinates":[[[-3.664177,40.424591],[-3.664167,40.424619],[-3.664138,40.424612],[-3.664147,40.424585],[-3.664177,40.424591]]]},"properties":{"osmId":309438216,"osmType":"way","tags":{"building":"house","addr:postcode":"28028"}}},{"type":"Feature","id":"osm-way-309438217","geometry":{"type":"Polygon","coordinates":[[[-3.663855,40.421506],[-3.663852,40.421582],[-3.663766,40.42158],[-3.663768,40.421504],[-3.663855,40.421506]]]},"properties":{"osmId":309438217,"osmType":"way","tags":{"building":"yes","addr:street":"Calle Daniel Zuloaga","addr:housenumber":"7","addr:postcode":"28028"}}},{"type":"Feature","id":"osm-way-309438218","geometry":{"type":"Polygon","coordinates":[[[-3.664053,40.421711],[-3.664052,40.421789],[-3.663956,40.421788],[-3.663957,40.42171],[-3.664053,40.421711]]]},"properties":{"osmId":309438218,"osmType":"way","tags":{"building":"yes","addr:street":"Calle Marqués de Vallejo","addr:housenumber":"3","addr:postcode":"28028"}}},{"type":"Feature","id":"osm-way-309438219","geometry":{"type":"Polygon","coordinates":[[[-3.66383,40.422257],[-3.663828,40.422324],[-3.663733,40.422323],[-3.663734,40.422256],[-3.66383,40.422257]]]},"properties":{"osmId":309438219,"osmType":"way","tags":{"building":"yes","addr:street":"Calle Andrés Bello","addr:housenumber":"8","addr:postcode":"28028"}}},{"type":"Feature","id":"osm-way-309438220","geometry":{"type":"Polygon","coordinates":[[[-3.662471,40.424452],[-3.662453,40.424522],[-3.662353,40.424508],[-3.662371,40.424437],[-3.662471,40.424452]]]},"properties":{"osmId":309438220,"osmType":"way","tags":{"building":"yes","addr:street":"Calle Segundo de Izpizula","addr:housenumber":"3","addr:postcode":"28028"}}},{"type":"Feature","id":"osm-way-309438221","geometry":{"type":"Polygon","coordinates":[[[-3.663214,40.423018],[-3.663195,40.423096],[-3.663101,40.423083],[-3.663119,40.423005],[-3.663214,40.423018]]]},"properties":{"osmId":309438221,"osmType":"way","tags":{"building":"yes","addr:postcode":"28028"}}},{"type":"Feature","id":"osm-way-309438222","geometry":{"type":"Polygon","coordinates":[[[-3.663538,40.421908],[-3.663444,40.421908],[-3.663445,40.42183],[-3.663538,40.42183],[-3.663538,40.421908]]]},"properties":{"osmId":309438222,"osmType":"way","tags":{"building":"yes","addr:street":"Calle de Mercedes Fórmica","addr:housenumber":"48","addr:postcode":"28028"}}},{"type":"Feature","id":"osm-way-309438223","geometry":{"type":"Polygon","coordinates":[[[-3.663752,40.421307],[-3.66375,40.421384],[-3.663657,40.421382],[-3.663659,40.421305],[-3.663752,40.421307]]]},"properties":{"osmId":309438223,"osmType":"way","tags":{"building":"yes","addr:street":"Calle Daniel Zuloaga","addr:housenumber":"10","addr:postcode":"28028"}}},{"type":"Feature","id":"osm-way-309438224","geometry":{"type":"Polygon","coordinates":[[[-3.662314,40.424361],[-3.662212,40.424347],[-3.662229,40.424276],[-3.662331,40.42429],[-3.662314,40.424361]]]},"properties":{"osmId":309438224,"osmType":"way","tags":{"building":"house","addr:street":"Calle Rosario Acuña","addr:housenumber":"8","addr:postcode":"28028"}}},{"type":"Feature","id":"osm-way-309438225","geometry":{"type":"Polygon","coordinates":[[[-3.663519,40.422384],[-3.66342,40.422382],[-3.663423,40.422314],[-3.663521,40.422317],[-3.663519,40.422384]]]},"properties":{"osmId":309438225,"osmType":"way","tags":{"building":"yes","addr:street":"Calle Andrés Bello","addr:housenumber":"5","addr:postcode":"28028"}}},{"type":"Feature","id":"osm-way-309438226","geometry":{"type":"Polygon","coordinates":[[[-3.663526,40.423141],[-3.663436,40.42313],[-3.663452,40.423053],[-3.663542,40.423065],[-3.663526,40.423141]]]},"properties":{"osmId":309438226,"osmType":"way","tags":{"building":"yes","addr:street":"Calle de Ambrós","addr:housenumber":"27B","addr:postcode":"28028"}}},{"type":"Feature","id":"osm-way-309438227","geometry":{"type":"Polygon","coordinates":[[[-3.664132,40.421511],[-3.664129,40.421588],[-3.664031,40.421586],[-3.664034,40.421509],[-3.664132,40.421511]]]},"properties":{"osmId":309438227,"osmType":"way","tags":{"building":"yes","addr:street":"Calle Daniel Zuloaga","addr:housenumber":"1","addr:postcode":"28028"}}},{"type":"Feature","id":"osm-way-309438228","geometry":{"type":"Polygon","coordinates":[[[-3.663339,40.423627],[-3.663258,40.423592],[-3.663307,40.423525],[-3.663389,40.42356],[-3.663339,40.423627]]]},"properties":{"osmId":309438228,"osmType":"way","tags":{"building":"yes","addr:street":"Calle Peñascales","addr:housenumber":"53","addr:postcode":"28028"}}},{"type":"Feature","id":"osm-way-309438229","geometry":{"type":"Polygon","coordinates":[[[-3.66179,40.424284],[-3.661893,40.424299],[-3.661876,40.424365],[-3.661772,40.424349],[-3.66179,40.424284]]]},"properties":{"osmId":309438229,"osmType":"way","tags":{"building":"house","addr:street":"Calle Gabriel Abreu","addr:housenumber":"6","addr:postcode":"28028"}}},{"type":"Feature","id":"osm-way-309438230","geometry":{"type":"Polygon","coordinates":[[[-3.663644,40.424791],[-3.66365,40.424776],[-3.663587,40.424763],[-3.663581,40.424778],[-3.663644,40.424791]]]},"properties":{"osmId":309438230,"osmType":"way","tags":{"building":"house","addr:postcode":"28028"}}},{"type":"Feature","id":"osm-way-309438231","geometry":{"type":"Polygon","coordinates":[[[-3.66387,40.421787],[-3.66378,40.421787],[-3.663781,40.421709],[-3.663871,40.421709],[-3.66387,40.421787]]]},"properties":{"osmId":309438231,"osmType":"way","tags":{"building":"yes","addr:street":"Calle Marqués de Vallejo","addr:housenumber":"7","addr:postcode":"28028"}}},{"type":"Feature","id":"osm-way-309438232","geometry":{"type":"Polygon","coordinates":[[[-3.663241,40.42364],[-3.663334,40.423668],[-3.6633,40.423734],[-3.663207,40.423707],[-3.663241,40.42364]]]},"properties":{"osmId":309438232,"osmType":"way","tags":{"building":"yes","addr:street":"Calle de Ambrós","addr:housenumber":"21","addr:postcode":"28028"}}},{"type":"Feature","id":"osm-way-309438233","geometry":{"type":"Polygon","coordinates":[[[-3.663826,40.422397],[-3.663824,40.422463],[-3.663729,40.422461],[-3.663731,40.422396],[-3.663826,40.422397]]]},"properties":{"osmId":309438233,"osmType":"way","tags":{"building":"yes","addr:street":"Calle Andrés Bello","addr:housenumber":"4","addr:postcode":"28028"}}},{"type":"Feature","id":"osm-way-309438234","geometry":{"type":"Polygon","coordinates":[[[-3.662388,40.424371],[-3.662488,40.424386],[-3.662471,40.424452],[-3.662371,40.424437],[-3.662388,40.424371]]]},"properties":{"osmId":309438234,"osmType":"way","tags":{"building":"house","addr:street":"Calle Segundo de Izpizula","addr:housenumber":"5","addr:postcode":"28028"}}},{"type":"Feature","id":"osm-way-309438235","geometry":{"type":"Polygon","coordinates":[[[-3.663994,40.422603],[-3.663908,40.422598],[-3.663915,40.42252],[-3.664002,40.422525],[-3.663994,40.422603]]]},"properties":{"osmId":309438235,"osmType":"way","tags":{"building":"yes","addr:street":"Calle de Jorge Juan","addr:housenumber":"144","addr:postcode":"28028"}}},{"type":"Feature","id":"osm-way-309438236","geometry":{"type":"Polygon","coordinates":[[[-3.663448,40.422931],[-3.663391,40.422927],[-3.663391,40.422946],[-3.663446,40.422949],[-3.663448,40.422931]]]},"properties":{"osmId":309438236,"osmType":"way","tags":{"building":"yes","addr:postcode":"28028"}}},{"type":"Feature","id":"osm-way-309438237","geometry":{"type":"Polygon","coordinates":[[[-3.664018,40.421311],[-3.664016,40.421388],[-3.663929,40.421387],[-3.663931,40.421309],[-3.664018,40.421311]]]},"properties":{"osmId":309438237,"osmType":"way","tags":{"building":"yes","addr:street":"Calle Daniel Zuloaga","addr:housenumber":"4","addr:postcode":"28028"}}},{"type":"Feature","id":"osm-way-309438238","geometry":{"type":"Polygon","coordinates":[[[-3.664106,40.422138],[-3.664012,40.422137],[-3.664012,40.422058],[-3.664106,40.422059],[-3.664106,40.422138]]]},"properties":{"osmId":309438238,"osmType":"way","tags":{"building":"yes","addr:street":"Calle de Mercedes Fórmica","addr:housenumber":"29","addr:postcode":"28028"}}},{"type":"Feature","id":"osm-way-309438239","geometry":{"type":"Polygon","coordinates":[[[-3.662046,40.423984],[-3.662148,40.423999],[-3.66213,40.424071],[-3.662028,40.424056],[-3.662046,40.423984]]]},"properties":{"osmId":309438239,"osmType":"way","tags":{"building":"yes","addr:street":"Calle Rosario Acuña","addr:housenumber":"13","addr:postcode":"28028"}}},{"type":"Feature","id":"osm-way-309438240","geometry":{"type":"Polygon","coordinates":[[[-3.663524,40.422249],[-3.663425,40.422248],[-3.663428,40.422174],[-3.663527,40.422177],[-3.663524,40.422249]]]},"properties":{"osmId":309438240,"osmType":"way","tags":{"building":"yes","addr:street":"Calle Andrés Bello","addr:housenumber":"9","addr:postcode":"28028"}}},{"type":"Feature","id":"osm-way-309438241","geometry":{"type":"Polygon","coordinates":[[[-3.663203,40.422712],[-3.663197,40.42279],[-3.663103,40.422786],[-3.66311,40.422707],[-3.663203,40.422712]]]},"properties":{"osmId":309438241,"osmType":"way","tags":{"building":"yes","addr:street":"Calle de Jorge Juan","addr:housenumber":"179","addr:postcode":"28028"}}},{"type":"Feature","id":"osm-way-309438242","geometry":{"type":"Polygon","coordinates":[[[-3.663036,40.424047],[-3.663012,40.424094],[-3.66298,40.424085],[-3.663006,40.424036],[-3.663036,40.424047]]]},"properties":{"osmId":309438242,"osmType":"way","tags":{"building":"yes","addr:postcode":"28028"}}},{"type":"Feature","id":"osm-way-309438243","geometry":{"type":"Polygon","coordinates":[[[-3.66344,40.422049],[-3.663439,40.422128],[-3.663347,40.422127],[-3.663348,40.422048],[-3.66344,40.422049]]]},"properties":{"osmId":309438243,"osmType":"way","tags":{"building":"yes","addr:street":"Calle de Mercedes Fórmica","addr:housenumber":"37","addr:postcode":"28028"}}},{"type":"Feature","id":"osm-way-309438244","geometry":{"type":"Polygon","coordinates":[[[-3.663942,40.421508],[-3.663939,40.421584],[-3.663852,40.421582],[-3.663855,40.421506],[-3.663942,40.421508]]]},"properties":{"osmId":309438244,"osmType":"way","tags":{"building":"yes","addr:street":"Calle Daniel Zuloaga","addr:housenumber":"5","addr:postcode":"28028"}}},{"type":"Feature","id":"osm-way-309438246","geometry":{"type":"Polygon","coordinates":[[[-3.66301,40.42349],[-3.662925,40.423455],[-3.662974,40.423387],[-3.663059,40.423423],[-3.66301,40.42349]]]},"properties":{"osmId":309438246,"osmType":"way","tags":{"building":"yes","addr:street":"Calle Peñascales","addr:housenumber":"59","addr:postcode":"28028"}}},{"type":"Feature","id":"osm-way-309438247","geometry":{"type":"Polygon","coordinates":[[[-3.663736,40.422181],[-3.663832,40.422182],[-3.66383,40.422257],[-3.663734,40.422256],[-3.663736,40.422181]]]},"properties":{"osmId":309438247,"osmType":"way","tags":{"building":"yes","addr:street":"Calle Andrés Bello","addr:housenumber":"10","addr:postcode":"28028"}}},{"type":"Feature","id":"osm-way-309438249","geometry":{"type":"Polygon","coordinates":[[[-3.663246,40.42327],[-3.663204,40.423266],[-3.663213,40.423215],[-3.663255,40.423219],[-3.663246,40.42327]]]},"properties":{"osmId":309438249,"osmType":"way","tags":{"building":"yes","addr:postcode":"28028"}}},{"type":"Feature","id":"osm-way-309438250","geometry":{"type":"Polygon","coordinates":[[[-3.663827,40.422515],[-3.663819,40.422593],[-3.663725,40.422588],[-3.663733,40.42251],[-3.663827,40.422515]]]},"properties":{"osmId":309438250,"osmType":"way","tags":{"building":"yes","addr:street":"Calle de Jorge Juan","addr:housenumber":"148","addr:postcode":"28028"}}},{"type":"Feature","id":"osm-way-309438251","geometry":{"type":"Polygon","coordinates":[[[-3.662627,40.424475],[-3.662723,40.42449],[-3.662705,40.42456],[-3.662608,40.424545],[-3.662627,40.424475]]]},"properties":{"osmId":309438251,"osmType":"way","tags":{"building":"house","addr:street":"Calle Segundo de Izpizula","addr:housenumber":"4","addr:postcode":"28028"}}},{"type":"Feature","id":"osm-way-309438252","geometry":{"type":"Polygon","coordinates":[[[-3.663288,40.423109],[-3.663195,40.423096],[-3.663214,40.423018],[-3.663306,40.42303],[-3.663288,40.423109]]]},"properties":{"osmId":309438252,"osmType":"way","tags":{"building":"yes","addr:street":"Calle José Celestino Mutis","addr:housenumber":"36","addr:postcode":"28028"}}},{"type":"Feature","id":"osm-way-309438253","geometry":{"type":"Polygon","coordinates":[[[-3.663842,40.421308],[-3.663839,40.421385],[-3.66375,40.421384],[-3.663752,40.421307],[-3.663842,40.421308]]]},"properties":{"osmId":309438253,"osmType":"way","tags":{"building":"yes","addr:street":"Calle Daniel Zuloaga","addr:housenumber":"8","addr:postcode":"28028"}}},{"type":"Feature","id":"osm-way-309438254","geometry":{"type":"Polygon","coordinates":[[[-3.66276,40.424353],[-3.662741,40.424424],[-3.662645,40.424409],[-3.662663,40.424338],[-3.66276,40.424353]]]},"properties":{"osmId":309438254,"osmType":"way","tags":{"building":"yes","addr:street":"Calle Segundo de Izpizula","addr:housenumber":"8","addr:postcode":"28028"}}},{"type":"Feature","id":"osm-way-309438255","geometry":{"type":"Polygon","coordinates":[[[-3.663922,40.422137],[-3.663836,40.422137],[-3.663836,40.422058],[-3.663922,40.422058],[-3.663922,40.422137]]]},"properties":{"osmId":309438255,"osmType":"way","tags":{"building":"yes","addr:street":"Calle de Mercedes Fórmica","addr:housenumber":"33","addr:postcode":"28028"}}},{"type":"Feature","id":"osm-way-309438256","geometry":{"type":"Polygon","coordinates":[[[-3.663516,40.422458],[-3.663417,40.422455],[-3.66342,40.422382],[-3.663519,40.422384],[-3.663516,40.422458]]]},"properties":{"osmId":309438256,"osmType":"way","tags":{"building":"yes","addr:street":"Calle Andrés Bello","addr:housenumber":"3","addr:postcode":"28028"}}},{"type":"Feature","id":"osm-way-309438257","geometry":{"type":"Polygon","coordinates":[[[-3.663727,40.424763],[-3.66372,40.42478],[-3.663672,40.42477],[-3.663678,40.424753],[-3.663727,40.424763]]]},"properties":{"osmId":309438257,"osmType":"way","tags":{"building":"house","addr:postcode":"28028"}}},{"type":"Feature","id":"osm-way-309438258","geometry":{"type":"Polygon","coordinates":[[[-3.663351,40.421908],[-3.663263,40.421908],[-3.663264,40.421829],[-3.663352,40.421829],[-3.663351,40.421908]]]},"properties":{"osmId":309438258,"osmType":"way","tags":{"building":"yes","addr:street":"Calle de Mercedes Fórmica","addr:housenumber":"52","addr:postcode":"28028"}}},{"type":"Feature","id":"osm-way-309438259","geometry":{"type":"Polygon","coordinates":[[[-3.661911,40.424229],[-3.661893,40.424299],[-3.66179,40.424284],[-3.661808,40.424213],[-3.661911,40.424229]]]},"properties":{"osmId":309438259,"osmType":"way","tags":{"building":"house","addr:street":"Calle Gabriel Abreu","addr:housenumber":"8","addr:postcode":"28028"}}},{"type":"Feature","id":"osm-way-309438260","geometry":{"type":"Polygon","coordinates":[[[-3.663768,40.421504],[-3.663766,40.42158],[-3.663675,40.421578],[-3.663677,40.421502],[-3.663768,40.421504]]]},"properties":{"osmId":309438260,"osmType":"way","tags":{"building":"yes","addr:street":"Calle Daniel Zuloaga","addr:housenumber":"9","addr:postcode":"28028"}}},{"type":"Feature","id":"osm-way-309438261","geometry":{"type":"Polygon","coordinates":[[[-3.663828,40.422324],[-3.663826,40.422397],[-3.663731,40.422396],[-3.663733,40.422323],[-3.663828,40.422324]]]},"properties":{"osmId":309438261,"osmType":"way","tags":{"building":"yes","addr:street":"Calle Andrés Bello","addr:housenumber":"6","addr:postcode":"28028"}}},{"type":"Feature","id":"osm-way-309438262","geometry":{"type":"Polygon","coordinates":[[[-3.663249,40.422571],[-3.663153,40.422566],[-3.663161,40.422489],[-3.663257,40.422495],[-3.663249,40.422571]]]},"properties":{"osmId":309438262,"osmType":"way","tags":{"building":"yes","addr:street":"Calle de Jorge Juan","addr:housenumber":"156","addr:postcode":"28028"}}},{"type":"Feature","id":"osm-way-309438263","geometry":{"type":"Polygon","coordinates":[[[-3.663521,40.422317],[-3.663423,40.422314],[-3.663425,40.422248],[-3.663524,40.422249],[-3.663521,40.422317]]]},"properties":{"osmId":309438263,"osmType":"way","tags":{"building":"yes","addr:street":"Calle Andrés Bello","addr:housenumber":"7","addr:postcode":"28028"}}},{"type":"Feature","id":"osm-way-309438264","geometry":{"type":"Polygon","coordinates":[[[-3.663291,40.422795],[-3.663197,40.42279],[-3.663203,40.422712],[-3.663298,40.422716],[-3.663291,40.422795]]]},"properties":{"osmId":309438264,"osmType":"way","tags":{"building":"yes","addr:street":"Calle de Jorge Juan","addr:housenumber":"177","addr:postcode":"28028"}}},{"type":"Feature","id":"osm-way-309438265","geometry":{"type":"Polygon","coordinates":[[[-3.663428,40.422582],[-3.663336,40.422577],[-3.663343,40.4225],[-3.663436,40.422505],[-3.663428,40.422582]]]},"properties":{"osmId":309438265,"osmType":"way","tags":{"building":"yes","addr:street":"Calle de Jorge Juan","addr:housenumber":"152","addr:postcode":"28028"}}},{"type":"Feature","id":"osm-way-309438266","geometry":{"type":"Polygon","coordinates":[[[-3.662114,40.424136],[-3.662096,40.424206],[-3.661995,40.424192],[-3.662012,40.424122],[-3.662114,40.424136]]]},"properties":{"osmId":309438266,"osmType":"way","tags":{"building":"house","addr:street":"Calle Rosario Acuña","addr:housenumber":"9","addr:postcode":"28028"}}},{"type":"Feature","id":"osm-way-309438267","geometry":{"type":"Polygon","coordinates":[[[-3.663258,40.423592],[-3.663175,40.423556],[-3.663224,40.42349],[-3.663307,40.423525],[-3.663258,40.423592]]]},"properties":{"osmId":309438267,"osmType":"way","tags":{"building":"yes","addr:street":"Calle Peñascales","addr:housenumber":"55","addr:postcode":"28028"}}},{"type":"Feature","id":"osm-way-309438268","geometry":{"type":"Polygon","coordinates":[[[-3.663944,40.423434],[-3.664036,40.423452],[-3.664074,40.423342],[-3.663982,40.423326],[-3.663944,40.423434]]]},"properties":{"osmId":309438268,"osmType":"way","tags":{"building":"yes","addr:street":"Calle José Celestino Mutis","addr:housenumber":"23","addr:postcode":"28028"}}},{"type":"Feature","id":"osm-way-309438269","geometry":{"type":"Polygon","coordinates":[[[-3.663272,40.422309],[-3.663271,40.422374],[-3.66317,40.422373],[-3.663172,40.422308],[-3.663272,40.422309]]]},"properties":{"osmId":309438269,"osmType":"way","tags":{"building":"yes","addr:street":"Calle de Enrique D'Almonte","addr:housenumber":"6","addr:postcode":"28028"}}},{"type":"Feature","id":"osm-way-309438270","geometry":{"type":"Polygon","coordinates":[[[-3.6633,40.423734],[-3.663265,40.423802],[-3.663172,40.423775],[-3.663207,40.423707],[-3.6633,40.423734]]]},"properties":{"osmId":309438270,"osmType":"way","tags":{"building":"yes","addr:street":"Calle de Ambrós","addr:housenumber":"19","addr:postcode":"28028"}}},{"type":"Feature","id":"osm-way-309438271","geometry":{"type":"Polygon","coordinates":[[[-3.663915,40.42252],[-3.663908,40.422598],[-3.663819,40.422593],[-3.663827,40.422515],[-3.663915,40.42252]]]},"properties":{"osmId":309438271,"osmType":"way","tags":{"building":"yes","addr:street":"Calle de Jorge Juan","addr:housenumber":"146","addr:postcode":"28028"}}},{"type":"Feature","id":"osm-way-309438272","geometry":{"type":"Polygon","coordinates":[[[-3.663888,40.423588],[-3.663913,40.423517],[-3.66392,40.4235],[-3.663803,40.423472],[-3.663763,40.423557],[-3.663888,40.423588]]]},"properties":{"osmId":309438272,"osmType":"way","tags":{"building":"yes","addr:street":"Calle Peñascales","addr:housenumber":"66","addr:postcode":"28028"}}},{"type":"Feature","id":"osm-way-309438274","geometry":{"type":"Polygon","coordinates":[[[-3.661854,40.424834],[-3.661917,40.424854],[-3.661889,40.424944],[-3.661887,40.424952],[-3.661822,40.424933],[-3.661854,40.424834]]]},"properties":{"osmId":309438274,"osmType":"way","tags":{"building":"yes"}}},{"type":"Feature","id":"osm-way-309438276","geometry":{"type":"Polygon","coordinates":[[[-3.663337,40.42441],[-3.663427,40.424429],[-3.663452,40.424435],[-3.663444,40.424458],[-3.663328,40.424433],[-3.663337,40.42441]]]},"properties":{"osmId":309438276,"osmType":"way","tags":{"building":"house","addr:postcode":"28028"}}},{"type":"Feature","id":"osm-way-309438277","geometry":{"type":"Polygon","coordinates":[[[-3.663096,40.424141],[-3.663002,40.424113],[-3.663012,40.424094],[-3.663036,40.424047],[-3.663129,40.424074],[-3.663096,40.424141]]]},"properties":{"osmId":309438277,"osmType":"way","tags":{"building":"yes","addr:street":"Calle de Ambrós","addr:housenumber":"11","addr:postcode":"28028"}}},{"type":"Feature","id":"osm-way-309438278","geometry":{"type":"Polygon","coordinates":[[[-3.663767,40.423808],[-3.663784,40.423773],[-3.663671,40.423747],[-3.663654,40.423781],[-3.663693,40.423791],[-3.663767,40.423808]]]},"properties":{"osmId":309438278,"osmType":"way","tags":{"building":"yes","addr:postcode":"28028"}}},{"type":"Feature","id":"osm-way-309438279","geometry":{"type":"Polygon","coordinates":[[[-3.663276,40.422168],[-3.663272,40.422309],[-3.663172,40.422308],[-3.663176,40.422175],[-3.663176,40.422166],[-3.663276,40.422168]]]},"properties":{"osmId":309438279,"osmType":"way","tags":{"building":"yes","addr:street":"Calle de Enrique D'Almonte","addr:housenumber":"8","addr:postcode":"28028"}}},{"type":"Feature","id":"osm-way-309438280","geometry":{"type":"Polygon","coordinates":[[[-3.664053,40.424008],[-3.664063,40.423976],[-3.664042,40.423972],[-3.663996,40.423963],[-3.663985,40.423994],[-3.664053,40.424008]]]},"properties":{"osmId":309438280,"osmType":"way","tags":{"building":"yes","addr:postcode":"28028"}}},{"type":"Feature","id":"osm-way-309438281","geometry":{"type":"Polygon","coordinates":[[[-3.663549,40.422809],[-3.663538,40.422808],[-3.663454,40.422804],[-3.663461,40.422727],[-3.663555,40.422732],[-3.663549,40.422809]]]},"properties":{"osmId":309438281,"osmType":"way","tags":{"building":"yes","addr:street":"Calle de Jorge Juan","addr:housenumber":"173","addr:postcode":"28028"}}},{"type":"Feature","id":"osm-way-309438282","geometry":{"type":"Polygon","coordinates":[[[-3.663538,40.422808],[-3.663535,40.422836],[-3.663457,40.422832],[-3.663452,40.42283],[-3.663454,40.422804],[-3.663538,40.422808]]]},"properties":{"osmId":309438282,"osmType":"way","tags":{"building":"yes","addr:postcode":"28028"}}},{"type":"Feature","id":"osm-way-309438283","geometry":{"type":"Polygon","coordinates":[[[-3.663165,40.421805],[-3.663176,40.421805],[-3.663176,40.421829],[-3.663115,40.421829],[-3.663115,40.421805],[-3.663165,40.421805]]]},"properties":{"osmId":309438283,"osmType":"way","tags":{"building":"yes","addr:postcode":"28028"}}},{"type":"Feature","id":"osm-way-309438284","geometry":{"type":"Polygon","coordinates":[[[-3.663165,40.421703],[-3.663165,40.421782],[-3.663095,40.421782],[-3.663071,40.421782],[-3.663071,40.421703],[-3.663165,40.421703]]]},"properties":{"osmId":309438284,"osmType":"way","tags":{"building":"yes","addr:street":"Calle Marqués de Vallejo","addr:housenumber":"19","addr:postcode":"28028"}}},{"type":"Feature","id":"osm-way-309438285","geometry":{"type":"Polygon","coordinates":[[[-3.663875,40.422813],[-3.663868,40.422812],[-3.66378,40.422809],[-3.663785,40.422733],[-3.66388,40.422737],[-3.663875,40.422813]]]},"properties":{"osmId":309438285,"osmType":"way","tags":{"building":"yes","addr:street":"Calle de Jorge Juan","addr:housenumber":"171","addr:postcode":"28028"}}},{"type":"Feature","id":"osm-way-309438286","geometry":{"type":"Polygon","coordinates":[[[-3.662701,40.42506],[-3.66265,40.42516],[-3.662477,40.425106],[-3.662531,40.425006],[-3.662572,40.425019],[-3.662701,40.42506]]]},"properties":{"osmId":309438286,"osmType":"way","tags":{"building":"yes","addr:street":"Paseo del Marqués de Zafra","addr:housenumber":"48","addr:postcode":"28028"}}},{"type":"Feature","id":"osm-way-309438287","geometry":{"type":"Polygon","coordinates":[[[-3.663545,40.423009],[-3.663441,40.423003],[-3.663446,40.422949],[-3.663448,40.422931],[-3.663552,40.422936],[-3.663545,40.423009]]]},"properties":{"osmId":309438287,"osmType":"way","tags":{"building":"yes","addr:street":"Calle de Ambrós","addr:housenumber":"29","addr:postcode":"28028"}}},{"type":"Feature","id":"osm-way-309438288","geometry":{"type":"Polygon","coordinates":[[[-3.663165,40.421782],[-3.663165,40.421805],[-3.663115,40.421805],[-3.663095,40.421805],[-3.663095,40.421782],[-3.663165,40.421782]]]},"properties":{"osmId":309438288,"osmType":"way","tags":{"building":"yes","addr:postcode":"28028"}}},{"type":"Feature","id":"osm-way-309438289","geometry":{"type":"Polygon","coordinates":[[[-3.662498,40.423986],[-3.662478,40.424064],[-3.662299,40.424038],[-3.662319,40.42396],[-3.662469,40.423982],[-3.662498,40.423986]]]},"properties":{"osmId":309438289,"osmType":"way","tags":{"building":"yes","addr:street":"Calle Francisco Lastres","addr:housenumber":"36","addr:postcode":"28028"}}},{"type":"Feature","id":"osm-way-309438290","geometry":{"type":"Polygon","coordinates":[[[-3.662817,40.423889],[-3.662786,40.423878],[-3.662792,40.423853],[-3.662797,40.423824],[-3.662833,40.423836],[-3.662817,40.423889]]]},"properties":{"osmId":309438290,"osmType":"way","tags":{"building":"yes","addr:postcode":"28028"}}},{"type":"Feature","id":"osm-way-309438291","geometry":{"type":"Polygon","coordinates":[[[-3.663365,40.424175],[-3.6634,40.424186],[-3.663376,40.424234],[-3.663338,40.424226],[-3.663349,40.424208],[-3.663365,40.424175]]]},"properties":{"osmId":309438291,"osmType":"way","tags":{"building":"house","addr:postcode":"28028"}}},{"type":"Feature","id":"osm-way-309438292","geometry":{"type":"Polygon","coordinates":[[[-3.663176,40.422151],[-3.663176,40.422166],[-3.663176,40.422175],[-3.663105,40.422174],[-3.663098,40.422149],[-3.663176,40.422151]]]},"properties":{"osmId":309438292,"osmType":"way","tags":{"building":"yes","addr:postcode":"28028"}}},{"type":"Feature","id":"osm-way-309438293","geometry":{"type":"Polygon","coordinates":[[[-3.662038,40.42451],[-3.662018,40.424507],[-3.661964,40.424499],[-3.661971,40.424473],[-3.662045,40.424484],[-3.662038,40.42451]]]},"properties":{"osmId":309438293,"osmType":"way","tags":{"building":"house"}}},{"type":"Feature","id":"osm-way-309438294","geometry":{"type":"Polygon","coordinates":[[[-3.663532,40.422129],[-3.6635,40.422128],[-3.663439,40.422128],[-3.66344,40.422049],[-3.663534,40.42205],[-3.663532,40.422129]]]},"properties":{"osmId":309438294,"osmType":"way","tags":{"building":"yes","addr:street":"Calle Andrés Bello","addr:housenumber":"11","addr:postcode":"28028"}}},{"type":"Feature","id":"osm-way-309438295","geometry":{"type":"Polygon","coordinates":[[[-3.663176,40.421829],[-3.663175,40.421907],[-3.66308,40.421907],[-3.66308,40.421829],[-3.663115,40.421829],[-3.663176,40.421829]]]},"properties":{"osmId":309438295,"osmType":"way","tags":{"building":"yes","addr:street":"Calle de Mercedes Fórmica","addr:housenumber":"56","addr:postcode":"28028"}}},{"type":"Feature","id":"osm-way-309438296","geometry":{"type":"Polygon","coordinates":[[[-3.662595,40.424591],[-3.662591,40.424581],[-3.662596,40.424563],[-3.662691,40.424579],[-3.662685,40.424605],[-3.662595,40.424591]]]},"properties":{"osmId":309438296,"osmType":"way","tags":{"building":"yes","addr:postcode":"28028"}}},{"type":"Feature","id":"osm-way-309438297","geometry":{"type":"Polygon","coordinates":[[[-3.661876,40.424365],[-3.661859,40.424429],[-3.661856,40.424437],[-3.661753,40.424421],[-3.661772,40.424349],[-3.661876,40.424365]]]},"properties":{"osmId":309438297,"osmType":"way","tags":{"building":"house","addr:street":"Calle Gabriel Abreu","addr:housenumber":"4","addr:postcode":"28028"}}},{"type":"Feature","id":"osm-way-309438298","geometry":{"type":"Polygon","coordinates":[[[-3.663492,40.423416],[-3.663389,40.423389],[-3.663378,40.423428],[-3.663387,40.423432],[-3.663459,40.423442],[-3.663487,40.423427],[-3.663492,40.423416]]]},"properties":{"osmId":309438298,"osmType":"way","tags":{"building":"yes","addr:postcode":"28028"}}},{"type":"Feature","id":"osm-way-309438299","geometry":{"type":"Polygon","coordinates":[[[-3.663347,40.422154],[-3.663409,40.422155],[-3.663409,40.422173],[-3.663396,40.422172],[-3.663395,40.422182],[-3.663347,40.422182],[-3.663347,40.422154]]]},"properties":{"osmId":309438299,"osmType":"way","tags":{"building":"yes","addr:postcode":"28028"}}},{"type":"Feature","id":"osm-way-309438300","geometry":{"type":"Polygon","coordinates":[[[-3.663397,40.422878],[-3.663372,40.422877],[-3.66337,40.422891],[-3.663324,40.422888],[-3.663331,40.422825],[-3.663403,40.422828],[-3.663397,40.422878]]]},"properties":{"osmId":309438300,"osmType":"way","tags":{"building":"yes","addr:postcode":"28028"}}},{"type":"Feature","id":"osm-way-309438301","geometry":{"type":"Polygon","coordinates":[[[-3.663199,40.42514],[-3.663238,40.425057],[-3.663051,40.425016],[-3.663035,40.425049],[-3.663133,40.425076],[-3.663115,40.425114],[-3.663199,40.42514]]]},"properties":{"osmId":309438301,"osmType":"way","tags":{"building":"yes","addr:street":"Calle Bocángel","addr:housenumber":"41","addr:postcode":"28028"}}},{"type":"Feature","id":"osm-way-309438303","geometry":{"type":"Polygon","coordinates":[[[-3.663177,40.422125],[-3.663176,40.422151],[-3.663098,40.422149],[-3.663093,40.422117],[-3.66316,40.422117],[-3.66316,40.422125],[-3.663177,40.422125]]]},"properties":{"osmId":309438303,"osmType":"way","tags":{"building":"yes","addr:postcode":"28028"}}},{"type":"Feature","id":"osm-way-309438304","geometry":{"type":"Polygon","coordinates":[[[-3.663173,40.423198],[-3.663142,40.4232],[-3.663133,40.423189],[-3.663113,40.423172],[-3.66312,40.423144],[-3.663182,40.423151],[-3.663173,40.423198]]]},"properties":{"osmId":309438304,"osmType":"way","tags":{"building":"yes","addr:street":"Calle José Celestino Mutis","addr:housenumber":"38","addr:postcode":"28028"}}},{"type":"Feature","id":"osm-way-309438305","geometry":{"type":"Polygon","coordinates":[[[-3.663552,40.422936],[-3.663448,40.422931],[-3.663451,40.4229],[-3.663454,40.422857],[-3.663532,40.422861],[-3.663558,40.422863],[-3.663552,40.422936]]]},"properties":{"osmId":309438305,"osmType":"way","tags":{"building":"yes","addr:street":"Calle de Ambrós","addr:housenumber":"31","addr:postcode":"28028"}}},{"type":"Feature","id":"osm-way-309438306","geometry":{"type":"Polygon","coordinates":[[[-3.664024,40.423487],[-3.664036,40.423452],[-3.664074,40.423342],[-3.664163,40.423355],[-3.664135,40.423457],[-3.66412,40.423508],[-3.66411,40.423508],[-3.664024,40.423487]]]},"properties":{"osmId":309438306,"osmType":"way","tags":{"building":"yes","addr:street":"Calle José Celestino Mutis","addr:housenumber":"21","addr:postcode":"28028"}}},{"type":"Feature","id":"osm-way-309438307","geometry":{"type":"Polygon","coordinates":[[[-3.661795,40.424848],[-3.661665,40.424826],[-3.66166,40.424771],[-3.661731,40.424781],[-3.661809,40.424795],[-3.661803,40.424818],[-3.661795,40.424848]]]},"properties":{"osmId":309438307,"osmType":"way","tags":{"building":"yes","addr:street":"Paseo del Marqués de Zafra","addr:housenumber":"64","addr:postcode":"28028"}}},{"type":"Feature","id":"osm-way-309438308","geometry":{"type":"Polygon","coordinates":[[[-3.663406,40.421496],[-3.663457,40.421496],[-3.663457,40.421476],[-3.6635,40.421476],[-3.663498,40.421576],[-3.663405,40.421575],[-3.663406,40.421496]]]},"properties":{"osmId":309438308,"osmType":"way","tags":{"building":"yes","addr:street":"Calle Marqués de Vallejo","addr:housenumber":"12","addr:postcode":"28028"}}},{"type":"Feature","id":"osm-way-309438309","geometry":{"type":"Polygon","coordinates":[[[-3.664069,40.423629],[-3.664092,40.42356],[-3.66411,40.423508],[-3.664024,40.423487],[-3.664014,40.423514],[-3.664005,40.423537],[-3.663979,40.423609],[-3.664069,40.423629]]]},"properties":{"osmId":309438309,"osmType":"way","tags":{"building":"yes","addr:street":"Calle Peñascales","addr:housenumber":"54","addr:postcode":"28028"}}},{"type":"Feature","id":"osm-way-309438310","geometry":{"type":"Polygon","coordinates":[[[-3.662304,40.424914],[-3.662228,40.424892],[-3.662216,40.424918],[-3.662166,40.424904],[-3.662156,40.424936],[-3.662277,40.42497],[-3.662304,40.424914]]]},"properties":{"osmId":309438310,"osmType":"way","tags":{"building":"yes","addr:street":"Paseo del Marqués de Zafra","addr:housenumber":"52","addr:postcode":"28028"}}},{"type":"Feature","id":"osm-way-309438311","geometry":{"type":"Polygon","coordinates":[[[-3.663919,40.423087],[-3.663937,40.42309],[-3.663924,40.423134],[-3.664057,40.423152],[-3.664053,40.423164],[-3.664029,40.42325],[-3.663879,40.423225],[-3.663901,40.423147],[-3.663919,40.423087]]]},"properties":{"osmId":309438311,"osmType":"way","tags":{"building":"yes","addr:street":"Calle José Celestino Mutis","addr:housenumber":"30","addr:postcode":"28028"}}},{"type":"Feature","id":"osm-way-309438312","geometry":{"type":"Polygon","coordinates":[[[-3.663848,40.42451],[-3.663874,40.424516],[-3.663861,40.424551],[-3.663777,40.424533],[-3.663786,40.424509],[-3.663843,40.424522],[-3.663848,40.42451]]]},"properties":{"osmId":309438312,"osmType":"way","tags":{"building":"yes","addr:postcode":"28028"}}},{"type":"Feature","id":"osm-way-309438313","geometry":{"type":"Polygon","coordinates":[[[-3.663763,40.423557],[-3.663803,40.423472],[-3.663818,40.423441],[-3.663801,40.423437],[-3.663732,40.423421],[-3.663671,40.423536],[-3.663763,40.423557]]]},"properties":{"osmId":309438313,"osmType":"way","tags":{"building":"yes","addr:street":"Calle Peñascales","addr:housenumber":"68","addr:postcode":"28028"}}},{"type":"Feature","id":"osm-way-309438314","geometry":{"type":"Polygon","coordinates":[[[-3.663178,40.422916],[-3.663183,40.422883],[-3.6631,40.422876],[-3.663102,40.422861],[-3.663054,40.422857],[-3.663048,40.422905],[-3.663178,40.422916]]]},"properties":{"osmId":309438314,"osmType":"way","tags":{"building":"yes","addr:postcode":"28028"}}},{"type":"Feature","id":"osm-way-309438315","geometry":{"type":"Polygon","coordinates":[[[-3.663677,40.424166],[-3.663666,40.424198],[-3.663684,40.424202],[-3.663686,40.424198],[-3.663778,40.424217],[-3.663788,40.42419],[-3.663677,40.424166]]]},"properties":{"osmId":309438315,"osmType":"way","tags":{"building":"house","addr:postcode":"28028"}}},{"type":"Feature","id":"osm-way-309438316","geometry":{"type":"Polygon","coordinates":[[[-3.662516,40.423913],[-3.662498,40.423986],[-3.662469,40.423982],[-3.662472,40.423971],[-3.662357,40.423954],[-3.662359,40.423946],[-3.662357,40.423935],[-3.662516,40.423913]]]},"properties":{"osmId":309438316,"osmType":"way","tags":{"building":"house"}}},{"type":"Feature","id":"osm-way-309438317","geometry":{"type":"Polygon","coordinates":[[[-3.663521,40.421398],[-3.663556,40.421399],[-3.663557,40.42129],[-3.663536,40.421294],[-3.663538,40.421342],[-3.663517,40.421346],[-3.663521,40.421398]]]},"properties":{"osmId":309438317,"osmType":"way","tags":{"building":"yes","addr:postcode":"28028"}}},{"type":"Feature","id":"osm-way-309438318","geometry":{"type":"Polygon","coordinates":[[[-3.661826,40.424433],[-3.661856,40.424437],[-3.661859,40.424429],[-3.661894,40.424434],[-3.661887,40.42446],[-3.661844,40.424454],[-3.661821,40.42445],[-3.661826,40.424433]]]},"properties":{"osmId":309438318,"osmType":"way","tags":{"building":"yes"}}},{"type":"Feature","id":"osm-way-309438319","geometry":{"type":"Polygon","coordinates":[[[-3.663121,40.425292],[-3.663199,40.42514],[-3.663115,40.425114],[-3.663079,40.425103],[-3.663031,40.425192],[-3.662974,40.425173],[-3.662942,40.425241],[-3.663121,40.425292]]]},"properties":{"osmId":309438319,"osmType":"way","tags":{"building":"apartments","addr:street":"Paseo del Marqués de Zafra","addr:housenumber":"42","addr:postcode":"28028"}}},{"type":"Feature","id":"osm-way-309438320","geometry":{"type":"Polygon","coordinates":[[[-3.662761,40.424944],[-3.662701,40.42506],[-3.662572,40.425019],[-3.662593,40.424982],[-3.662556,40.42497],[-3.662586,40.424916],[-3.662655,40.424928],[-3.662761,40.424944]]]},"properties":{"osmId":309438320,"osmType":"way","tags":{"building":"yes","addr:street":"Calle de Ambrós","addr:housenumber":"2","addr:postcode":"28028"}}},{"type":"Feature","id":"osm-way-309438321","geometry":{"type":"Polygon","coordinates":[[[-3.663258,40.422047],[-3.663257,40.422126],[-3.663218,40.422125],[-3.663177,40.422125],[-3.66316,40.422125],[-3.66316,40.422117],[-3.663162,40.422046],[-3.663258,40.422047]]]},"properties":{"osmId":309438321,"osmType":"way","tags":{"building":"yes","addr:street":"Calle de Mercedes Fórmica","addr:housenumber":"41","addr:postcode":"28028"}}},{"type":"Feature","id":"osm-way-309438322","geometry":{"type":"Polygon","coordinates":[[[-3.661803,40.424818],[-3.661854,40.424834],[-3.661822,40.424933],[-3.661746,40.424906],[-3.661736,40.424886],[-3.661792,40.424869],[-3.661795,40.424848],[-3.661803,40.424818]]]},"properties":{"osmId":309438322,"osmType":"way","tags":{"building":"yes"}}},{"type":"Feature","id":"osm-way-309438323","geometry":{"type":"Polygon","coordinates":[[[-3.663933,40.423466],[-3.663944,40.423434],[-3.663982,40.423326],[-3.663866,40.423309],[-3.663847,40.423373],[-3.663836,40.423413],[-3.663889,40.423422],[-3.663877,40.423453],[-3.663933,40.423466]]]},"properties":{"osmId":309438323,"osmType":"way","tags":{"building":"yes","addr:street":"Calle José Celestino Mutis","addr:housenumber":"25","addr:postcode":"28028"}}},{"type":"Feature","id":"osm-way-309438324","geometry":{"type":"Polygon","coordinates":[[[-3.66399,40.423809],[-3.664024,40.423817],[-3.664009,40.423853],[-3.664035,40.423859],[-3.664046,40.423821],[-3.664081,40.423828],[-3.66411,40.423726],[-3.664032,40.423706],[-3.66399,40.423809]]]},"properties":{"osmId":309438324,"osmType":"way","tags":{"building":"yes","addr:street":"Calle Peñascales","addr:housenumber":"43","addr:postcode":"28028"}}},{"type":"Feature","id":"osm-way-309438325","geometry":{"type":"Polygon","coordinates":[[[-3.662942,40.423789],[-3.662943,40.423775],[-3.663079,40.423815],[-3.663058,40.423858],[-3.662877,40.423811],[-3.662875,40.423826],[-3.6628,40.423818],[-3.662807,40.423778],[-3.662942,40.423789]]]},"properties":{"osmId":309438325,"osmType":"way","tags":{"building":"yes","addr:postcode":"28028"}}},{"type":"Feature","id":"osm-way-309438326","geometry":{"type":"Polygon","coordinates":[[[-3.663523,40.423589],[-3.663726,40.423636],[-3.663681,40.423726],[-3.663671,40.423747],[-3.663654,40.423781],[-3.663564,40.423761],[-3.66347,40.423739],[-3.663451,40.423734],[-3.663523,40.423589]]]},"properties":{"osmId":309438326,"osmType":"way","tags":{"building":"yes","addr:street":"Calle Peñascales","addr:housenumber":"49","addr:postcode":"28028"}}},{"type":"Feature","id":"osm-way-309438327","geometry":{"type":"Polygon","coordinates":[[[-3.662942,40.425241],[-3.662922,40.425246],[-3.66271,40.425184],[-3.662777,40.425056],[-3.662851,40.425073],[-3.662887,40.425081],[-3.663006,40.425109],[-3.662974,40.425173],[-3.662942,40.425241]]]},"properties":{"osmId":309438327,"osmType":"way","tags":{"building":"yes","addr:street":"Paseo del Marqués de Zafra","addr:housenumber":"44","addr:postcode":"28028"}}},{"type":"Feature","id":"osm-way-309438328","geometry":{"type":"Polygon","coordinates":[[[-3.663793,40.423756],[-3.66375,40.423745],[-3.663761,40.423718],[-3.663734,40.42371],[-3.663722,40.423736],[-3.663681,40.423726],[-3.663726,40.423636],[-3.663839,40.423663],[-3.663796,40.42375],[-3.663793,40.423756]]]},"properties":{"osmId":309438328,"osmType":"way","tags":{"building":"yes","addr:street":"Calle Peñascales","addr:housenumber":"47","addr:postcode":"28028"}}},{"type":"Feature","id":"osm-way-309438329","geometry":{"type":"Polygon","coordinates":[[[-3.662928,40.424989],[-3.663051,40.425016],[-3.663035,40.425049],[-3.663006,40.425109],[-3.662887,40.425081],[-3.662896,40.425057],[-3.663003,40.425077],[-3.663013,40.425059],[-3.662906,40.425036],[-3.662928,40.424989]]]},"properties":{"osmId":309438329,"osmType":"way","tags":{"building":"yes","addr:street":"Calle Diego Bahamonde","addr:housenumber":"43","addr:postcode":"28028"}}},{"type":"Feature","id":"osm-way-309532822","geometry":{"type":"Polygon","coordinates":[[[-3.663973,40.420617],[-3.663933,40.420612],[-3.663947,40.420555],[-3.663987,40.42056],[-3.663973,40.420617]]]},"properties":{"osmId":309532822,"osmType":"way","tags":{"building":"yes","building:levels":"1"}}},{"type":"Feature","id":"osm-way-309532823","geometry":{"type":"Polygon","coordinates":[[[-3.663938,40.420772],[-3.663898,40.420766],[-3.663911,40.420709],[-3.663952,40.420714],[-3.663938,40.420772]]]},"properties":{"osmId":309532823,"osmType":"way","tags":{"building":"yes","building:levels":"1"}}},{"type":"Feature","id":"osm-way-309532824","geometry":{"type":"Polygon","coordinates":[[[-3.663956,40.420694],[-3.663916,40.420689],[-3.663929,40.420632],[-3.663969,40.420637],[-3.663956,40.420694]]]},"properties":{"osmId":309532824,"osmType":"way","tags":{"building":"yes","building:levels":"1"}}},{"type":"Feature","id":"osm-way-309533404","geometry":{"type":"Polygon","coordinates":[[[-3.663986,40.420264],[-3.664015,40.42027],[-3.664004,40.4203],[-3.663976,40.420294],[-3.663986,40.420264]]]},"properties":{"osmId":309533404,"osmType":"way","tags":{"building":"yes","building:levels":"1"}}},{"type":"Feature","id":"osm-way-309538916","geometry":{"type":"Polygon","coordinates":[[[-3.661602,40.421117],[-3.661516,40.421125],[-3.661508,40.421073],[-3.661594,40.421065],[-3.661602,40.421117]]]},"properties":{"osmId":309538916,"osmType":"way","tags":{"building":"yes","building:levels":"1"}}},{"type":"Feature","id":"osm-way-309538918","geometry":{"type":"Polygon","coordinates":[[[-3.661754,40.419877],[-3.661756,40.419913],[-3.66172,40.419914],[-3.661718,40.419878],[-3.661754,40.419877]]]},"properties":{"osmId":309538918,"osmType":"way","tags":{"building":"yes","building:levels":"1"}}},{"type":"Feature","id":"osm-way-309538920","geometry":{"type":"Polygon","coordinates":[[[-3.661866,40.419895],[-3.661867,40.419908],[-3.661834,40.419909],[-3.661833,40.419896],[-3.661866,40.419895]]]},"properties":{"osmId":309538920,"osmType":"way","tags":{"building":"yes","building:levels":"1"}}},{"type":"Feature","id":"osm-way-309538922","geometry":{"type":"Polygon","coordinates":[[[-3.661818,40.419882],[-3.661819,40.419911],[-3.661772,40.419912],[-3.661772,40.419883],[-3.661818,40.419882]]]},"properties":{"osmId":309538922,"osmType":"way","tags":{"building":"yes","building:levels":"1"}}},{"type":"Feature","id":"osm-way-309538924","geometry":{"type":"Polygon","coordinates":[[[-3.66157,40.421186],[-3.661516,40.421186],[-3.661515,40.421134],[-3.661569,40.421134],[-3.66157,40.421186]]]},"properties":{"osmId":309538924,"osmType":"way","tags":{"building":"yes","building:levels":"1"}}},{"type":"Feature","id":"osm-way-309538926","geometry":{"type":"Polygon","coordinates":[[[-3.662533,40.421053],[-3.662561,40.42105],[-3.66256,40.421027],[-3.662552,40.421022],[-3.662524,40.421026],[-3.662533,40.421053]]]},"properties":{"osmId":309538926,"osmType":"way","tags":{"building":"yes","building:levels":"1"}}},{"type":"Feature","id":"osm-way-309538928","geometry":{"type":"Polygon","coordinates":[[[-3.662084,40.419963],[-3.662081,40.419917],[-3.661924,40.419884],[-3.661911,40.419884],[-3.661903,40.419888],[-3.661901,40.419893],[-3.661905,40.41997],[-3.662084,40.419963]]]},"properties":{"osmId":309538928,"osmType":"way","tags":{"building":"yes","building:levels":"1"}}},{"type":"Feature","id":"osm-way-309746187","geometry":{"type":"Polygon","coordinates":[[[-3.664186,40.420409],[-3.664173,40.42041],[-3.664159,40.420412],[-3.664146,40.420415],[-3.664133,40.42042],[-3.664121,40.420425],[-3.664109,40.420431],[-3.664099,40.420438],[-3.664089,40.420445],[-3.664081,40.420454],[-3.664073,40.420463],[-3.664067,40.420472],[-3.664062,40.420482],[-3.664058,40.420492],[-3.664055,40.420503],[-3.664054,40.420513],[-3.664054,40.420524],[-3.664056,40.420534],[-3.664059,40.420545],[-3.664063,40.420555],[-3.664069,40.420564],[-3.664076,40.420574],[-3.664084,40.420582],[-3.664093,40.42059],[-3.664103,40.420598],[-3.664114,40.420604],[-3.664125,40.42061],[-3.664138,40.420615],[-3.664151,40.420619],[-3.664164,40.420622],[-3.664178,40.420624],[-3.664192,40.420624],[-3.664206,40.420624],[-3.664219,40.420623],[-3.664233,40.420621],[-3.664246,40.420617],[-3.664259,40.420613],[-3.664271,40.420608],[-3.664283,40.420602],[-3.664293,40.420595],[-3.664303,40.420588],[-3.664311,40.420579],[-3.664319,40.42057],[-3.664325,40.420561],[-3.66433,40.420551],[-3.664334,40.420541],[-3.664337,40.42053],[-3.664338,40.42052],[-3.664338,40.420509],[-3.664336,40.420499],[-3.664333,40.420488],[-3.664329,40.420478],[-3.664323,40.420469],[-3.664316,40.420459],[-3.664308,40.420451],[-3.664299,40.420442],[-3.664289,40.420435],[-3.664278,40.420429],[-3.664267,40.420423],[-3.664254,40.420418],[-3.664241,40.420414],[-3.664228,40.420411],[-3.664214,40.420409],[-3.6642,40.420408],[-3.664186,40.420409]]]},"properties":{"osmId":309746187,"osmType":"way","tags":{"building":"yes"}}},{"type":"Feature","id":"osm-way-315044436","geometry":{"type":"Polygon","coordinates":[[[-3.668015,40.421666],[-3.668018,40.421549],[-3.667892,40.421545],[-3.667894,40.421526],[-3.667625,40.421517],[-3.667623,40.421536],[-3.667534,40.42153],[-3.667524,40.421643],[-3.668015,40.421666]]]},"properties":{"osmId":315044436,"osmType":"way","tags":{"building":"school"}}},{"type":"Feature","id":"osm-way-315044437","geometry":{"type":"Polygon","coordinates":[[[-3.668084,40.421667],[-3.668092,40.421533],[-3.668129,40.42153],[-3.668536,40.421554],[-3.668551,40.421422],[-3.668137,40.421404],[-3.668101,40.421402],[-3.668106,40.421276],[-3.668187,40.42128],[-3.668185,40.421319],[-3.668514,40.421336],[-3.668518,40.421293],[-3.668595,40.421299],[-3.668591,40.421358],[-3.668572,40.421682],[-3.668084,40.421667]]]},"properties":{"osmId":315044437,"osmType":"way","tags":{"building":"school"}}},{"type":"Feature","id":"osm-way-316313051","geometry":{"type":"Polygon","coordinates":[[[-3.679255,40.42388],[-3.679263,40.423881],[-3.679265,40.423848],[-3.679229,40.423846],[-3.679217,40.423831],[-3.679191,40.423799],[-3.679211,40.423601],[-3.679298,40.423605],[-3.679373,40.423609],[-3.679362,40.423772],[-3.67936,40.423805],[-3.679357,40.423844],[-3.679351,40.423907],[-3.679349,40.423928],[-3.679291,40.423926],[-3.679255,40.42388]]]},"properties":{"osmId":316313051,"osmType":"way","tags":{"building":"yes"}}},{"type":"Feature","id":"osm-way-316313052","geometry":{"type":"Polygon","coordinates":[[[-3.679404,40.424146],[-3.679466,40.424169],[-3.679565,40.424206],[-3.679631,40.424106],[-3.679522,40.424065],[-3.679523,40.424043],[-3.679526,40.424004],[-3.679533,40.423904],[-3.679534,40.423885],[-3.679475,40.423882],[-3.679433,40.42388],[-3.679432,40.423912],[-3.679351,40.423907],[-3.679349,40.423928],[-3.679348,40.423947],[-3.679424,40.423952],[-3.679413,40.424084],[-3.679428,40.424108],[-3.679404,40.424146]]]},"properties":{"osmId":316313052,"osmType":"way","tags":{"building":"apartments"}}},{"type":"Feature","id":"osm-way-316313053","geometry":{"type":"Polygon","coordinates":[[[-3.679362,40.423772],[-3.679373,40.423609],[-3.679409,40.42361],[-3.679553,40.423618],[-3.679543,40.423769],[-3.679504,40.423768],[-3.679501,40.423801],[-3.679519,40.423801],[-3.679518,40.423811],[-3.67954,40.423812],[-3.679537,40.423853],[-3.679511,40.423851],[-3.67951,40.423858],[-3.679495,40.423866],[-3.679477,40.423865],[-3.679475,40.423882],[-3.679433,40.42388],[-3.679407,40.423879],[-3.679408,40.423862],[-3.679389,40.423861],[-3.679378,40.423851],[-3.679378,40.423846],[-3.679357,40.423844],[-3.67936,40.423805],[-3.679385,40.423806],[-3.679387,40.423773],[-3.679362,40.423772]]]},"properties":{"osmId":316313053,"osmType":"way","tags":{"building":"apartments"}}},{"type":"Feature","id":"osm-way-316313054","geometry":{"type":"Polygon","coordinates":[[[-3.679229,40.424241],[-3.67922,40.424236],[-3.679235,40.424215],[-3.679245,40.424219],[-3.679277,40.424174],[-3.679089,40.424104],[-3.679058,40.424151],[-3.67907,40.424156],[-3.679056,40.424175],[-3.679045,40.42417],[-3.679021,40.424208],[-3.679172,40.424264],[-3.679204,40.424276],[-3.679229,40.424241]]]},"properties":{"osmId":316313054,"osmType":"way","tags":{"building":"apartments"}}},{"type":"Feature","id":"osm-way-317179943","geometry":{"type":"Polygon","coordinates":[[[-3.672813,40.414724],[-3.673231,40.414733],[-3.673354,40.414736],[-3.673355,40.414706],[-3.673355,40.414696],[-3.673284,40.414695],[-3.673288,40.414626],[-3.673324,40.414627],[-3.673327,40.414561],[-3.672819,40.41455],[-3.672817,40.414614],[-3.672867,40.414615],[-3.672865,40.41466],[-3.672815,40.414659],[-3.672813,40.414724]]]},"properties":{"osmId":317179943,"osmType":"way","tags":{"building":"apartments","addr:street":"Plaza del Doctor Laguna","addr:housenumber":"11","addr:postcode":"28009"}}},{"type":"Feature","id":"osm-way-317179947","geometry":{"type":"Polygon","coordinates":[[[-3.677978,40.412572],[-3.677894,40.412281],[-3.677572,40.412335],[-3.677656,40.412626],[-3.677978,40.412572]]]},"properties":{"osmId":317179947,"osmType":"way","tags":{"building":"civic"}}},{"type":"Feature","id":"osm-way-317187319","geometry":{"type":"Polygon","coordinates":[[[-3.673655,40.416577],[-3.673651,40.416653],[-3.673356,40.416637],[-3.673322,40.416607],[-3.673327,40.416567],[-3.673387,40.416562],[-3.673383,40.416594],[-3.67341,40.416591],[-3.673413,40.41656],[-3.673424,40.416559],[-3.67347,40.416559],[-3.673468,40.416578],[-3.673578,40.416577],[-3.673655,40.416577]]]},"properties":{"osmId":317187319,"osmType":"way","tags":{"building":"residential","addr:street":"Calle del Alcalde Sáinz de Baranda","addr:housenumber":"38","addr:postcode":"28009"}}},{"type":"Feature","id":"osm-way-317187321","geometry":{"type":"Polygon","coordinates":[[[-3.668015,40.414999],[-3.668099,40.415003],[-3.668206,40.415008],[-3.668213,40.414917],[-3.668023,40.414908],[-3.668015,40.414999]]]},"properties":{"osmId":317187321,"osmType":"way","tags":{"building":"apartments","addr:street":"Calle Rafael Salazar Alonso","addr:housenumber":"16","addr:postcode":"28007"}}},{"type":"Feature","id":"osm-way-317187322","geometry":{"type":"Polygon","coordinates":[[[-3.66783,40.414899],[-3.667637,40.41489],[-3.66763,40.414981],[-3.66773,40.414985],[-3.667822,40.41499],[-3.66783,40.414899]]]},"properties":{"osmId":317187322,"osmType":"way","tags":{"building":"apartments","addr:street":"Calle Rafael Salazar Alonso","addr:housenumber":"20","addr:postcode":"28007"}}},{"type":"Feature","id":"osm-way-317187323","geometry":{"type":"Polygon","coordinates":[[[-3.668632,40.415754],[-3.668727,40.415758],[-3.668726,40.415767],[-3.668824,40.415772],[-3.668825,40.415763],[-3.668921,40.415768],[-3.668927,40.415679],[-3.668786,40.415672],[-3.66864,40.415664],[-3.668632,40.415754]]]},"properties":{"osmId":317187323,"osmType":"way","tags":{"building":"apartments"}}},{"type":"Feature","id":"osm-way-317187324","geometry":{"type":"Polygon","coordinates":[[[-3.66864,40.415664],[-3.668495,40.415657],[-3.668351,40.41565],[-3.668343,40.41574],[-3.668439,40.415744],[-3.668438,40.415754],[-3.668537,40.415759],[-3.668538,40.415749],[-3.668632,40.415754],[-3.66864,40.415664]]]},"properties":{"osmId":317187324,"osmType":"way","tags":{"building":"apartments"}}},{"type":"Feature","id":"osm-way-317187325","geometry":{"type":"Polygon","coordinates":[[[-3.667614,40.415155],[-3.667617,40.415114],[-3.667629,40.415115],[-3.667631,40.41509],[-3.667634,40.415054],[-3.667622,40.415054],[-3.667626,40.415008],[-3.667509,40.415003],[-3.667497,40.41515],[-3.667614,40.415155]]]},"properties":{"osmId":317187325,"osmType":"way","tags":{"building":"apartments","addr:street":"Calle Rafael Salazar Alonso","addr:housenumber":"22","addr:postcode":"28007"}}},{"type":"Feature","id":"osm-way-317187327","geometry":{"type":"Polygon","coordinates":[[[-3.667567,40.415708],[-3.667571,40.415664],[-3.667582,40.415665],[-3.667584,40.415639],[-3.667587,40.415604],[-3.667575,40.415604],[-3.667579,40.415558],[-3.667462,40.415553],[-3.66745,40.415702],[-3.667567,40.415708]]]},"properties":{"osmId":317187327,"osmType":"way","tags":{"building":"apartments","building:levels":"3","addr:street":"Calle Rafael Salazar Alonso","addr:housenumber":"15","addr:postcode":"28007"}}},{"type":"Feature","id":"osm-way-317187328","geometry":{"type":"Polygon","coordinates":[[[-3.66745,40.415702],[-3.667438,40.415851],[-3.667555,40.415857],[-3.667559,40.415809],[-3.667569,40.415809],[-3.667572,40.415783],[-3.667574,40.415749],[-3.667564,40.415748],[-3.667567,40.415708],[-3.66745,40.415702]]]},"properties":{"osmId":317187328,"osmType":"way","tags":{"building":"apartments","building:levels":"3","addr:street":"Calle Rafael Salazar Alonso","addr:housenumber":"13","addr:postcode":"28007"}}},{"type":"Feature","id":"osm-way-318702113","geometry":{"type":"Polygon","coordinates":[[[-3.677759,40.425525],[-3.677776,40.425423],[-3.677677,40.425419],[-3.677675,40.425434],[-3.677557,40.425428],[-3.677559,40.425413],[-3.677493,40.425409],[-3.677279,40.425398],[-3.677269,40.425501],[-3.677551,40.425515],[-3.677552,40.425496],[-3.67767,40.425501],[-3.677669,40.42552],[-3.677759,40.425525]]]},"properties":{"osmId":318702113,"osmType":"way","tags":{"building":"yes","addr:street":"Calle del General Díaz Porlier","addr:housenumber":"11"}}},{"type":"Feature","id":"osm-way-318702114","geometry":{"type":"Polygon","coordinates":[[[-3.677261,40.425603],[-3.677252,40.425705],[-3.677528,40.425719],[-3.677534,40.425719],[-3.677535,40.425699],[-3.677694,40.425707],[-3.677692,40.425728],[-3.677718,40.425729],[-3.67773,40.42573],[-3.677752,40.425677],[-3.677735,40.425675],[-3.677743,40.425627],[-3.677661,40.425623],[-3.67766,40.425642],[-3.677539,40.425636],[-3.677541,40.425617],[-3.677261,40.425603]]]},"properties":{"osmId":318702114,"osmType":"way","tags":{"building":"yes","addr:street":"Calle del General Díaz Porlier","addr:housenumber":"15"}}},{"type":"Feature","id":"osm-way-318703578","geometry":{"type":"Polygon","coordinates":[[[-3.67624,40.425072],[-3.676229,40.425209],[-3.675873,40.425191],[-3.675878,40.425123],[-3.675884,40.425055],[-3.67624,40.425072]]]},"properties":{"osmId":318703578,"osmType":"way","tags":{"building":"yes"}}},{"type":"Feature","id":"osm-way-318772414","geometry":{"type":"Polygon","coordinates":[[[-3.669914,40.417479],[-3.669913,40.417507],[-3.669907,40.41757],[-3.669845,40.417567],[-3.66985,40.417519],[-3.669791,40.417516],[-3.669787,40.417564],[-3.66974,40.417562],[-3.669736,40.417614],[-3.669696,40.417613],[-3.669698,40.417584],[-3.669621,40.417581],[-3.669619,40.41761],[-3.66953,40.417606],[-3.669541,40.417463],[-3.66963,40.417467],[-3.669628,40.417496],[-3.669704,40.417499],[-3.669706,40.41747],[-3.669914,40.417479]]]},"properties":{"osmId":318772414,"osmType":"way","tags":{"building":"apartments"}}},{"type":"Feature","id":"osm-way-319178789","geometry":{"type":"Polygon","coordinates":[[[-3.676444,40.41799],[-3.676435,40.418111],[-3.676467,40.418138],[-3.67652,40.41814],[-3.676622,40.418146],[-3.676626,40.418081],[-3.676628,40.418059],[-3.676632,40.418001],[-3.676587,40.417998],[-3.676586,40.418015],[-3.676526,40.418011],[-3.676527,40.417995],[-3.676444,40.41799]]]},"properties":{"osmId":319178789,"osmType":"way","tags":{"building":"apartments"}}},{"type":"Feature","id":"osm-way-319899607","geometry":{"type":"Polygon","coordinates":[[[-3.685011,40.41677],[-3.684889,40.416778],[-3.684879,40.416686],[-3.685,40.416678],[-3.685007,40.416735],[-3.685011,40.41677]]]},"properties":{"osmId":319899607,"osmType":"way","tags":{"building":"yes","building:levels":"1"}}},{"type":"Feature","id":"osm-way-319899609","geometry":{"type":"Polygon","coordinates":[[[-3.685626,40.418122],[-3.68554,40.418178],[-3.685513,40.418153],[-3.685468,40.418114],[-3.68555,40.418056],[-3.685626,40.418122]]]},"properties":{"osmId":319899609,"osmType":"way","tags":{"building":"yes"}}},{"type":"Feature","id":"osm-way-319930319","geometry":{"type":"Polygon","coordinates":[[[-3.678306,40.42459],[-3.67826,40.42466],[-3.678309,40.424662],[-3.678307,40.424697],[-3.678259,40.424696],[-3.678258,40.424706],[-3.67823,40.424704],[-3.678184,40.424774],[-3.678369,40.424784],[-3.678374,40.424701],[-3.678428,40.424704],[-3.678448,40.424677],[-3.678483,40.42463],[-3.678487,40.424625],[-3.678342,40.424618],[-3.678345,40.424592],[-3.678306,40.42459]]]},"properties":{"osmId":319930319,"osmType":"way","tags":{"building":"yes"}}},{"type":"Feature","id":"osm-way-319930320","geometry":{"type":"Polygon","coordinates":[[[-3.678397,40.424215],[-3.678391,40.424279],[-3.678448,40.424282],[-3.678489,40.424284],[-3.678621,40.424289],[-3.678626,40.424227],[-3.678397,40.424215]]]},"properties":{"osmId":319930320,"osmType":"way","tags":{"building":"yes"}}},{"type":"Feature","id":"osm-way-319949878","geometry":{"type":"Polygon","coordinates":[[[-3.678191,40.422846],[-3.678205,40.422664],[-3.678329,40.42267],[-3.678457,40.422677],[-3.678445,40.422804],[-3.678326,40.422798],[-3.678317,40.422906],[-3.67841,40.42291],[-3.678405,40.422946],[-3.678433,40.422945],[-3.678423,40.423058],[-3.678175,40.423045],[-3.678185,40.422921],[-3.678191,40.422846]]]},"properties":{"osmId":319949878,"osmType":"way","tags":{"building":"yes"}}},{"type":"Feature","id":"osm-way-319949879","geometry":{"type":"Polygon","coordinates":[[[-3.676186,40.422361],[-3.67619,40.422314],[-3.676259,40.422317],[-3.676265,40.422318],[-3.676321,40.422321],[-3.676324,40.422283],[-3.676324,40.422278],[-3.676107,40.422266],[-3.676096,40.4224],[-3.676129,40.422425],[-3.676161,40.422427],[-3.676218,40.422429],[-3.676224,40.422362],[-3.676186,40.422361]]]},"properties":{"osmId":319949879,"osmType":"way","tags":{"building":"apartments"}}},{"type":"Feature","id":"osm-way-319949880","geometry":{"type":"Polygon","coordinates":[[[-3.676218,40.422429],[-3.676239,40.422431],[-3.676312,40.422434],[-3.676319,40.422341],[-3.67632,40.422337],[-3.676306,40.422336],[-3.676308,40.42233],[-3.676266,40.422328],[-3.676265,40.422318],[-3.676259,40.422317],[-3.676248,40.422335],[-3.676246,40.422353],[-3.676224,40.422352],[-3.676224,40.422362],[-3.676218,40.422429]]]},"properties":{"osmId":319949880,"osmType":"way","tags":{"building":"apartments"}}},{"type":"Feature","id":"osm-way-319949882","geometry":{"type":"Polygon","coordinates":[[[-3.676441,40.422893],[-3.676437,40.422951],[-3.676413,40.422958],[-3.676336,40.422955],[-3.676334,40.422981],[-3.67641,40.422986],[-3.676434,40.422995],[-3.67643,40.423025],[-3.676166,40.423012],[-3.676051,40.423006],[-3.676058,40.422924],[-3.676064,40.422851],[-3.67616,40.422856],[-3.676158,40.422875],[-3.676249,40.422879],[-3.676251,40.42286],[-3.67629,40.422862],[-3.676343,40.422864],[-3.676342,40.42288],[-3.676422,40.422886],[-3.676441,40.422893]]]},"properties":{"osmId":319949882,"osmType":"way","tags":{"building":"apartments"}}},{"type":"Feature","id":"osm-way-319949884","geometry":{"type":"Polygon","coordinates":[[[-3.681058,40.42281],[-3.681275,40.422714],[-3.681252,40.422683],[-3.681217,40.422698],[-3.681204,40.422679],[-3.681238,40.422664],[-3.6812,40.422613],[-3.681164,40.422628],[-3.681149,40.422607],[-3.681184,40.422592],[-3.681134,40.422524],[-3.680908,40.422624],[-3.680963,40.422691],[-3.680999,40.422674],[-3.681018,40.422697],[-3.680981,40.422714],[-3.681021,40.422764],[-3.681056,40.422747],[-3.681069,40.422763],[-3.681034,40.42278],[-3.681058,40.42281]]]},"properties":{"osmId":319949884,"osmType":"way","tags":{"building":"apartments"}}},{"type":"Feature","id":"osm-way-319949885","geometry":{"type":"Polygon","coordinates":[[[-3.680908,40.422624],[-3.680684,40.422723],[-3.680763,40.422823],[-3.680777,40.422841],[-3.680811,40.422826],[-3.680823,40.422842],[-3.680789,40.422857],[-3.6808,40.422872],[-3.680941,40.422862],[-3.680924,40.42284],[-3.680946,40.42283],[-3.680962,40.422852],[-3.681058,40.42281],[-3.681034,40.42278],[-3.680994,40.422798],[-3.680981,40.422782],[-3.681021,40.422764],[-3.680981,40.422714],[-3.680941,40.422733],[-3.680922,40.42271],[-3.680963,40.422691],[-3.680908,40.422624]]]},"properties":{"osmId":319949885,"osmType":"way","tags":{"building":"apartments"}}},{"type":"Feature","id":"osm-way-319949886","geometry":{"type":"Polygon","coordinates":[[[-3.677063,40.423058],[-3.677072,40.422947],[-3.677307,40.422957],[-3.677303,40.423008],[-3.677297,40.423069],[-3.677063,40.423058]]]},"properties":{"osmId":319949886,"osmType":"way","tags":{"building":"apartments"}}},{"type":"Feature","id":"osm-way-319949887","geometry":{"type":"Polygon","coordinates":[[[-3.677297,40.423069],[-3.677293,40.423122],[-3.677287,40.423187],[-3.677057,40.423175],[-3.677053,40.423175],[-3.677063,40.423058],[-3.677297,40.423069]]]},"properties":{"osmId":319949887,"osmType":"way","tags":{"building":"apartments"}}},{"type":"Feature","id":"osm-way-319956793","geometry":{"type":"Polygon","coordinates":[[[-3.67322,40.417871],[-3.673213,40.417963],[-3.673242,40.41799],[-3.673467,40.418],[-3.673468,40.417914],[-3.673467,40.417883],[-3.673403,40.417879],[-3.673398,40.417925],[-3.673323,40.417922],[-3.673327,40.417876],[-3.67322,40.417871]]]},"properties":{"osmId":319956793,"osmType":"way","tags":{"building":"apartments"}}},{"type":"Feature","id":"osm-way-319956794","geometry":{"type":"Polygon","coordinates":[[[-3.674586,40.417621],[-3.674576,40.417805],[-3.674475,40.417802],[-3.674471,40.417785],[-3.674298,40.417778],[-3.674301,40.417739],[-3.674306,40.417677],[-3.674259,40.417677],[-3.674259,40.417693],[-3.674206,40.417691],[-3.674213,40.417572],[-3.674316,40.417575],[-3.674313,40.417606],[-3.674492,40.417616],[-3.674497,40.417585],[-3.674588,40.417591],[-3.674586,40.417621]]]},"properties":{"osmId":319956794,"osmType":"way","tags":{"building":"apartments"}}},{"type":"Feature","id":"osm-way-319956795","geometry":{"type":"Polygon","coordinates":[[[-3.673234,40.417676],[-3.673228,40.417767],[-3.673348,40.417773],[-3.673356,40.41768],[-3.673234,40.417676]]]},"properties":{"osmId":319956795,"osmType":"way","tags":{"building":"apartments"}}},{"type":"Feature","id":"osm-way-319956796","geometry":{"type":"Polygon","coordinates":[[[-3.673265,40.417326],[-3.673258,40.417416],[-3.673467,40.417426],[-3.67347,40.417336],[-3.673265,40.417326]]]},"properties":{"osmId":319956796,"osmType":"way","tags":{"building":"apartments"}}},{"type":"Feature","id":"osm-way-319956797","geometry":{"type":"Polygon","coordinates":[[[-3.673276,40.417194],[-3.673268,40.417289],[-3.673494,40.417298],[-3.6735,40.417241],[-3.673384,40.417235],[-3.673276,40.417194]]]},"properties":{"osmId":319956797,"osmType":"way","tags":{"building":"apartments"}}},{"type":"Feature","id":"osm-way-320097299","geometry":{"type":"Polygon","coordinates":[[[-3.667311,40.420235],[-3.667284,40.420228],[-3.667278,40.42023],[-3.667271,40.420249],[-3.667265,40.420251],[-3.667256,40.420272],[-3.667259,40.420276],[-3.667248,40.420301],[-3.667243,40.420303],[-3.667233,40.420325],[-3.667237,40.420328],[-3.66723,40.420343],[-3.667222,40.420346],[-3.667216,40.42036],[-3.667239,40.420393],[-3.667282,40.420404],[-3.667292,40.4204],[-3.667323,40.420408],[-3.667328,40.420405],[-3.667332,40.420395],[-3.66736,40.420403],[-3.667366,40.4204],[-3.667368,40.420396],[-3.667388,40.420401],[-3.66741,40.420407],[-3.667409,40.420411],[-3.667412,40.420415],[-3.667437,40.420422],[-3.667434,40.420431],[-3.667437,40.420436],[-3.667467,40.420443],[-3.667472,40.420451],[-3.667515,40.420461],[-3.667559,40.420445],[-3.667566,40.420431],[-3.667562,40.420425],[-3.667568,40.42041],[-3.667572,40.420409],[-3.667582,40.420387],[-3.66758,40.420384],[-3.66759,40.420358],[-3.667595,40.420356],[-3.667604,40.420335],[-3.667601,40.420332],[-3.66761,40.420312],[-3.667608,40.420308],[-3.667577,40.4203],[-3.667583,40.420282],[-3.667568,40.420259],[-3.667548,40.420254],[-3.667541,40.420257],[-3.667537,40.420251],[-3.667496,40.420241],[-3.667491,40.420243],[-3.667485,40.420256],[-3.667474,40.420254],[-3.66746,40.420259],[-3.66744,40.420254],[-3.667433,40.420243],[-3.667423,40.42024],[-3.667428,40.420228],[-3.667424,40.420223],[-3.667384,40.420213],[-3.667376,40.420216],[-3.667372,40.420211],[-3.667354,40.420206],[-3.667324,40.420218],[-3.667319,40.420231],[-3.667311,40.420235]]]},"properties":{"osmId":320097299,"osmType":"way","tags":{"building":"apartments"}}},{"type":"Feature","id":"osm-way-320097300","geometry":{"type":"Polygon","coordinates":[[[-3.667931,40.415993],[-3.668125,40.416003],[-3.66813,40.415913],[-3.668034,40.415908],[-3.667938,40.415904],[-3.667931,40.415993]]]},"properties":{"osmId":320097300,"osmType":"way","tags":{"building":"apartments","addr:street":"Calle Rafael Salazar Alonso","addr:housenumber":"7","addr:postcode":"28007"}}},{"type":"Feature","id":"osm-way-320097301","geometry":{"type":"Polygon","coordinates":[[[-3.667747,40.415894],[-3.667645,40.41589],[-3.667552,40.415885],[-3.667545,40.415975],[-3.66774,40.415984],[-3.667747,40.415894]]]},"properties":{"osmId":320097301,"osmType":"way","tags":{"building":"apartments","addr:street":"Calle Rafael Salazar Alonso","addr:housenumber":"11","addr:postcode":"28007"}}},{"type":"Feature","id":"osm-way-320097302","geometry":{"type":"Polygon","coordinates":[[[-3.668671,40.415305],[-3.668808,40.415312],[-3.668958,40.415319],[-3.668966,40.415231],[-3.66887,40.415226],[-3.668871,40.415215],[-3.668773,40.41521],[-3.668772,40.415221],[-3.668679,40.415216],[-3.668671,40.415305]]]},"properties":{"osmId":320097302,"osmType":"way","tags":{"building":"apartments"}}},{"type":"Feature","id":"osm-way-320097303","geometry":{"type":"Polygon","coordinates":[[[-3.667997,40.419015],[-3.66807,40.418868],[-3.668436,40.418945],[-3.668395,40.419101],[-3.668302,40.419078],[-3.668314,40.41905],[-3.668172,40.41902],[-3.668152,40.41906],[-3.667997,40.419015]]]},"properties":{"osmId":320097303,"osmType":"way","tags":{"building":"apartments"}}},{"type":"Feature","id":"osm-way-320097304","geometry":{"type":"Polygon","coordinates":[[[-3.668679,40.415216],[-3.668584,40.415212],[-3.668585,40.415201],[-3.668486,40.415196],[-3.668485,40.415207],[-3.668388,40.415202],[-3.66838,40.415291],[-3.668519,40.415298],[-3.668671,40.415305],[-3.668679,40.415216]]]},"properties":{"osmId":320097304,"osmType":"way","tags":{"building":"apartments"}}},{"type":"Feature","id":"osm-way-320326000","geometry":{"type":"Polygon","coordinates":[[[-3.668423,40.413319],[-3.668411,40.413465],[-3.668202,40.413455],[-3.668156,40.413453],[-3.668161,40.413387],[-3.668208,40.41339],[-3.668358,40.413397],[-3.668367,40.413277],[-3.668426,40.413279],[-3.668423,40.413319]]]},"properties":{"osmId":320326000,"osmType":"way","tags":{"building":"hotel","building:levels":"1"}}},{"type":"Feature","id":"osm-way-320326001","geometry":{"type":"Polygon","coordinates":[[[-3.669144,40.413152],[-3.669025,40.413148],[-3.669025,40.413127],[-3.669036,40.413],[-3.669231,40.413007],[-3.669441,40.413015],[-3.669431,40.413163],[-3.669144,40.413152]]]},"properties":{"osmId":320326001,"osmType":"way","tags":{"building":"hotel","building:levels":"11"}}},{"type":"Feature","id":"osm-way-320326002","geometry":{"type":"Polygon","coordinates":[[[-3.668156,40.413453],[-3.668151,40.413518],[-3.668137,40.413518],[-3.668135,40.413537],[-3.667809,40.413521],[-3.667809,40.413502],[-3.667794,40.413501],[-3.667805,40.413372],[-3.667808,40.413344],[-3.667822,40.413344],[-3.667824,40.413302],[-3.668152,40.413316],[-3.668146,40.413359],[-3.668164,40.413359],[-3.668161,40.413387],[-3.668156,40.413453]]]},"properties":{"osmId":320326002,"osmType":"way","tags":{"building":"hotel"}}},{"type":"Feature","id":"osm-way-320367215","geometry":{"type":"Polygon","coordinates":[[[-3.676444,40.425232],[-3.676447,40.425202],[-3.676369,40.425199],[-3.676387,40.424984],[-3.67639,40.424957],[-3.676565,40.424966],[-3.677135,40.424993],[-3.677111,40.425279],[-3.677084,40.425278],[-3.676877,40.425268],[-3.676872,40.425316],[-3.676813,40.425313],[-3.676747,40.425309],[-3.676363,40.42529],[-3.676364,40.425274],[-3.676364,40.42527],[-3.676366,40.425251],[-3.676366,40.425243],[-3.676367,40.425227],[-3.676444,40.425232]]]},"properties":{"osmId":320367215,"osmType":"way","tags":{"building":"yes","addr:street":"Calle de Goya","addr:housenumber":"87","addr:postcode":"28001"}}},{"type":"Feature","id":"osm-way-320459165","geometry":{"type":"Polygon","coordinates":[[[-3.670331,40.425153],[-3.670692,40.425174],[-3.670794,40.42518],[-3.670758,40.425602],[-3.670317,40.425581],[-3.669865,40.425559],[-3.669873,40.425476],[-3.669878,40.425419],[-3.669884,40.425345],[-3.670312,40.425365],[-3.670331,40.425153]]]},"properties":{"osmId":320459165,"osmType":"way","tags":{"building":"commercial","building:levels":"6"}}},{"type":"Feature","id":"osm-way-320459166","geometry":{"type":"Polygon","coordinates":[[[-3.670983,40.425126],[-3.671263,40.425141],[-3.671283,40.424914],[-3.671259,40.424912],[-3.671217,40.42491],[-3.671187,40.424908],[-3.671154,40.424907],[-3.671114,40.424904],[-3.671078,40.424902],[-3.671033,40.424899],[-3.671002,40.424879],[-3.670992,40.42501],[-3.670983,40.425126]]]},"properties":{"osmId":320459166,"osmType":"way","tags":{"building":"apartments"}}},{"type":"Feature","id":"osm-way-320459167","geometry":{"type":"Polygon","coordinates":[[[-3.669351,40.425317],[-3.669516,40.425326],[-3.669499,40.425538],[-3.66944,40.425535],[-3.669416,40.425534],[-3.669378,40.425463],[-3.669452,40.42544],[-3.669455,40.425415],[-3.669443,40.425406],[-3.669341,40.425402],[-3.669291,40.425315],[-3.669351,40.425317]]]},"properties":{"osmId":320459167,"osmType":"way","tags":{"building":"apartments","building:levels":"7"}}},{"type":"Feature","id":"osm-way-320459168","geometry":{"type":"Polygon","coordinates":[[[-3.672491,40.424958],[-3.672506,40.424791],[-3.672474,40.424762],[-3.672359,40.424757],[-3.672307,40.424755],[-3.672303,40.424815],[-3.672413,40.424821],[-3.672408,40.424861],[-3.6723,40.424855],[-3.672295,40.42489],[-3.672372,40.424915],[-3.672372,40.424921],[-3.672413,40.424925],[-3.672412,40.424954],[-3.672491,40.424958]]]},"properties":{"osmId":320459168,"osmType":"way","tags":{"building":"apartments"}}},{"type":"Feature","id":"osm-way-320459169","geometry":{"type":"Polygon","coordinates":[[[-3.672125,40.424832],[-3.672127,40.424814],[-3.672134,40.424819],[-3.672143,40.424822],[-3.672153,40.424822],[-3.672162,40.42482],[-3.67217,40.424817],[-3.672195,40.424819],[-3.672193,40.424856],[-3.672295,40.42489],[-3.6723,40.424855],[-3.672303,40.424815],[-3.672307,40.424755],[-3.672139,40.424748],[-3.671968,40.42474],[-3.671965,40.424778],[-3.672036,40.424801],[-3.672038,40.424785],[-3.672082,40.424787],[-3.672079,40.424816],[-3.672125,40.424832]]]},"properties":{"osmId":320459169,"osmType":"way","tags":{"building":"apartments"}}},{"type":"Feature","id":"osm-way-320459170","geometry":{"type":"Polygon","coordinates":[[[-3.671968,40.42474],[-3.671797,40.424732],[-3.671768,40.424731],[-3.671755,40.424886],[-3.671751,40.424915],[-3.672136,40.424932],[-3.672145,40.424945],[-3.672134,40.424951],[-3.672149,40.424976],[-3.67213,40.424983],[-3.672144,40.425008],[-3.672125,40.425015],[-3.672145,40.425042],[-3.67217,40.425032],[-3.672249,40.425],[-3.672369,40.424952],[-3.672372,40.424921],[-3.672372,40.424915],[-3.672295,40.42489],[-3.672193,40.424856],[-3.672125,40.424832],[-3.672079,40.424816],[-3.672036,40.424801],[-3.671965,40.424778],[-3.671968,40.42474]]]},"properties":{"osmId":320459170,"osmType":"way","tags":{"building":"apartments"}}},{"type":"Feature","id":"osm-way-320459171","geometry":{"type":"Polygon","coordinates":[[[-3.669653,40.425546],[-3.669548,40.425541],[-3.669499,40.425538],[-3.669516,40.425326],[-3.669612,40.425331],[-3.669626,40.425407],[-3.669554,40.425404],[-3.669551,40.425427],[-3.669568,40.425427],[-3.669567,40.425453],[-3.669635,40.425456],[-3.669637,40.425463],[-3.669653,40.425546]]]},"properties":{"osmId":320459171,"osmType":"way","tags":{"building":"apartments","building:levels":"7"}}},{"type":"Feature","id":"osm-way-320459172","geometry":{"type":"Polygon","coordinates":[[[-3.669865,40.425559],[-3.669724,40.42555],[-3.669653,40.425546],[-3.669637,40.425463],[-3.669694,40.425467],[-3.6697,40.42541],[-3.669626,40.425407],[-3.669612,40.425331],[-3.669884,40.425345],[-3.669878,40.425419],[-3.669809,40.425416],[-3.669804,40.425473],[-3.669873,40.425476],[-3.669865,40.425559]]]},"properties":{"osmId":320459172,"osmType":"way","tags":{"building":"apartments","building:levels":"8"}}},{"type":"Feature","id":"osm-way-320459173","geometry":{"type":"Polygon","coordinates":[[[-3.669416,40.425534],[-3.669237,40.425526],[-3.669145,40.425521],[-3.669153,40.425418],[-3.669356,40.425428],[-3.669378,40.425463],[-3.669416,40.425534]]]},"properties":{"osmId":320459173,"osmType":"way","tags":{"building":"apartments","building:levels":"7"}}},{"type":"Feature","id":"osm-way-320459174","geometry":{"type":"Polygon","coordinates":[[[-3.669152,40.425233],[-3.669133,40.425232],[-3.669012,40.425225],[-3.668897,40.425218],[-3.668903,40.425157],[-3.668913,40.425066],[-3.669017,40.425072],[-3.669167,40.425082],[-3.669152,40.425233]]]},"properties":{"osmId":320459174,"osmType":"way","tags":{"building":"apartments"}}},{"type":"Feature","id":"osm-way-320459175","geometry":{"type":"Polygon","coordinates":[[[-3.670604,40.424987],[-3.670813,40.425],[-3.6708,40.425123],[-3.670794,40.42518],[-3.670692,40.425174],[-3.670702,40.425078],[-3.670595,40.425071],[-3.670604,40.424987]]]},"properties":{"osmId":320459175,"osmType":"way","tags":{"building":"apartments"}}},{"type":"Feature","id":"osm-way-320459176","geometry":{"type":"Polygon","coordinates":[[[-3.668913,40.425066],[-3.668921,40.424982],[-3.66893,40.424888],[-3.669134,40.4249],[-3.669126,40.424976],[-3.669028,40.42497],[-3.669017,40.425072],[-3.668913,40.425066]]]},"properties":{"osmId":320459176,"osmType":"way","tags":{"building":"apartments"}}},{"type":"Feature","id":"osm-way-320459177","geometry":{"type":"Polygon","coordinates":[[[-3.671603,40.425645],[-3.671681,40.425648],[-3.671776,40.425653],[-3.671787,40.425549],[-3.671709,40.425545],[-3.671709,40.425551],[-3.671599,40.425545],[-3.671589,40.42555],[-3.671603,40.425645]]]},"properties":{"osmId":320459177,"osmType":"way","tags":{"building":"apartments","building:levels":"5"}}},{"type":"Feature","id":"osm-way-320459178","geometry":{"type":"Polygon","coordinates":[[[-3.669345,40.424912],[-3.669455,40.424919],[-3.669556,40.424925],[-3.669538,40.425086],[-3.669473,40.42508],[-3.669479,40.42502],[-3.669401,40.425015],[-3.669395,40.425076],[-3.669329,40.425072],[-3.669345,40.424912]]]},"properties":{"osmId":320459178,"osmType":"way","tags":{"building":"apartments"}}},{"type":"Feature","id":"osm-way-320459179","geometry":{"type":"Polygon","coordinates":[[[-3.669975,40.424951],[-3.670082,40.424957],[-3.670185,40.424963],[-3.670169,40.425123],[-3.670107,40.425118],[-3.670111,40.42506],[-3.670031,40.425055],[-3.670024,40.425115],[-3.669957,40.425112],[-3.669975,40.424951]]]},"properties":{"osmId":320459179,"osmType":"way","tags":{"building":"apartments"}}},{"type":"Feature","id":"osm-way-320459180","geometry":{"type":"Polygon","coordinates":[[[-3.670185,40.424963],[-3.670291,40.424969],[-3.670395,40.424976],[-3.670379,40.425135],[-3.670312,40.425131],[-3.670318,40.425065],[-3.670242,40.42506],[-3.670235,40.425127],[-3.670169,40.425123],[-3.670185,40.424963]]]},"properties":{"osmId":320459180,"osmType":"way","tags":{"building":"apartments"}}},{"type":"Feature","id":"osm-way-320459181","geometry":{"type":"Polygon","coordinates":[[[-3.669556,40.424925],[-3.669662,40.424931],[-3.669765,40.424938],[-3.669747,40.425098],[-3.66968,40.425094],[-3.669687,40.425031],[-3.669609,40.425026],[-3.669602,40.42509],[-3.669538,40.425086],[-3.669556,40.424925]]]},"properties":{"osmId":320459181,"osmType":"way","tags":{"building":"apartments"}}},{"type":"Feature","id":"osm-way-320459182","geometry":{"type":"Polygon","coordinates":[[[-3.669765,40.424938],[-3.669873,40.424945],[-3.669975,40.424951],[-3.669957,40.425112],[-3.669891,40.425108],[-3.669898,40.425043],[-3.66982,40.425038],[-3.669813,40.425102],[-3.669747,40.425098],[-3.669765,40.424938]]]},"properties":{"osmId":320459182,"osmType":"way","tags":{"building":"apartments"}}},{"type":"Feature","id":"osm-way-320459183","geometry":{"type":"Polygon","coordinates":[[[-3.670983,40.425126],[-3.670971,40.425258],[-3.670949,40.425518],[-3.671053,40.425476],[-3.67137,40.425349],[-3.6713,40.42531],[-3.671308,40.425217],[-3.671349,40.425204],[-3.67128,40.425141],[-3.671263,40.425141],[-3.670983,40.425126]]]},"properties":{"osmId":320459183,"osmType":"way","tags":{"building":"apartments"}}},{"type":"Feature","id":"osm-way-320459184","geometry":{"type":"Polygon","coordinates":[[[-3.669291,40.425315],[-3.669341,40.425402],[-3.66935,40.425413],[-3.669153,40.425405],[-3.669153,40.425418],[-3.669145,40.425521],[-3.6689,40.425508],[-3.66887,40.425482],[-3.668879,40.425391],[-3.668897,40.425218],[-3.669012,40.425225],[-3.669007,40.425263],[-3.669128,40.42527],[-3.669133,40.425232],[-3.669152,40.425233],[-3.669223,40.425238],[-3.669213,40.42533],[-3.669276,40.425334],[-3.669278,40.425314],[-3.669291,40.425315]]]},"properties":{"osmId":320459184,"osmType":"way","tags":{"building":"apartments","building:levels":"10"}}},{"type":"Feature","id":"osm-way-320459185","geometry":{"type":"Polygon","coordinates":[[[-3.670395,40.424976],[-3.670503,40.424982],[-3.670604,40.424987],[-3.670595,40.425071],[-3.670588,40.425147],[-3.670525,40.425144],[-3.670531,40.425082],[-3.670451,40.425078],[-3.670445,40.425139],[-3.670379,40.425135],[-3.670395,40.424976]]]},"properties":{"osmId":320459185,"osmType":"way","tags":{"building":"apartments"}}},{"type":"Feature","id":"osm-way-320459186","geometry":{"type":"Polygon","coordinates":[[[-3.671283,40.425628],[-3.671406,40.425634],[-3.671603,40.425645],[-3.671589,40.42555],[-3.67155,40.425495],[-3.671527,40.425503],[-3.671519,40.425556],[-3.671339,40.425548],[-3.671342,40.425482],[-3.671296,40.425479],[-3.671283,40.425628]]]},"properties":{"osmId":320459186,"osmType":"way","tags":{"building":"apartments","building:levels":"6"}}},{"type":"Feature","id":"osm-way-320459187","geometry":{"type":"Polygon","coordinates":[[[-3.669134,40.4249],[-3.669248,40.424907],[-3.669345,40.424912],[-3.669329,40.425072],[-3.669263,40.425067],[-3.669269,40.425007],[-3.669191,40.425002],[-3.669184,40.425062],[-3.669118,40.425058],[-3.669126,40.424976],[-3.669134,40.4249]]]},"properties":{"osmId":320459187,"osmType":"way","tags":{"building":"apartments"}}},{"type":"Feature","id":"osm-way-320459190","geometry":{"type":"Polygon","coordinates":[[[-3.670949,40.425518],[-3.670944,40.425588],[-3.670982,40.425612],[-3.671139,40.42562],[-3.671283,40.425628],[-3.671296,40.425479],[-3.671243,40.425474],[-3.671231,40.425549],[-3.671049,40.425536],[-3.671053,40.425476],[-3.670949,40.425518]]]},"properties":{"osmId":320459190,"osmType":"way","tags":{"building":"apartments","building:levels":"6"}}},{"type":"Feature","id":"osm-way-320459804","geometry":{"type":"Polygon","coordinates":[[[-3.67137,40.425349],[-3.671896,40.42514],[-3.671977,40.42526],[-3.671991,40.42528],[-3.672053,40.425372],[-3.67195,40.425411],[-3.671859,40.425446],[-3.671794,40.425469],[-3.671599,40.425545],[-3.671589,40.42555],[-3.67155,40.425495],[-3.671527,40.425503],[-3.671519,40.425556],[-3.671339,40.425548],[-3.671342,40.425482],[-3.671296,40.425479],[-3.671243,40.425474],[-3.671231,40.425549],[-3.671049,40.425536],[-3.671053,40.425476],[-3.67137,40.425349]]]},"properties":{"osmId":320459804,"osmType":"way","tags":{"building":"yes","building:levels":"1"}}},{"type":"Feature","id":"osm-way-320595700","geometry":{"type":"Polygon","coordinates":[[[-3.673138,40.425725],[-3.673264,40.425731],[-3.673331,40.425701],[-3.673188,40.425502],[-3.673115,40.4254],[-3.673086,40.425411],[-3.673065,40.425408],[-3.673063,40.42542],[-3.673059,40.425433],[-3.673072,40.425459],[-3.673102,40.425502],[-3.673138,40.425725]]]},"properties":{"osmId":320595700,"osmType":"way","tags":{"building":"apartments","building:levels":"9","addr:street":"Calle de Alcalá","addr:housenumber":"116","addr:postcode":"28009"}}},{"type":"Feature","id":"osm-way-320595702","geometry":{"type":"Polygon","coordinates":[[[-3.672863,40.425464],[-3.672859,40.425503],[-3.672859,40.425506],[-3.672883,40.425507],[-3.672878,40.42556],[-3.672855,40.425559],[-3.672854,40.425564],[-3.672853,40.425583],[-3.672843,40.425711],[-3.67298,40.425718],[-3.673138,40.425725],[-3.673102,40.425502],[-3.673072,40.425459],[-3.672865,40.425451],[-3.672863,40.425464]]]},"properties":{"osmId":320595702,"osmType":"way","tags":{"building":"apartments","building:levels":"8","addr:street":"Calle de Hermosilla","addr:housenumber":"98","addr:postcode":"28009"}}},{"type":"Feature","id":"osm-way-320595705","geometry":{"type":"Polygon","coordinates":[[[-3.67381,40.425485],[-3.673963,40.425414],[-3.673981,40.425401],[-3.673996,40.425383],[-3.674003,40.425368],[-3.674007,40.42535],[-3.674017,40.425218],[-3.673915,40.425192],[-3.673909,40.425252],[-3.673872,40.425252],[-3.673868,40.425302],[-3.673897,40.425316],[-3.673862,40.425362],[-3.67383,40.425348],[-3.673767,40.425377],[-3.673786,40.4254],[-3.67373,40.425425],[-3.67381,40.425485]]]},"properties":{"osmId":320595705,"osmType":"way","tags":{"building":"apartments"}}},{"type":"Feature","id":"osm-way-320595706","geometry":{"type":"Polygon","coordinates":[[[-3.673604,40.424822],[-3.673367,40.424811],[-3.67336,40.424891],[-3.673394,40.424893],[-3.673393,40.424911],[-3.673359,40.424909],[-3.673358,40.424916],[-3.673355,40.42495],[-3.673439,40.424929],[-3.673443,40.424895],[-3.673452,40.424895],[-3.673451,40.424911],[-3.673471,40.424912],[-3.673474,40.424888],[-3.673531,40.424891],[-3.673537,40.424904],[-3.673576,40.424894],[-3.673597,40.424889],[-3.673604,40.424822]]]},"properties":{"osmId":320595706,"osmType":"way","tags":{"building":"yes"}}},{"type":"Feature","id":"osm-way-320595708","geometry":{"type":"Polygon","coordinates":[[[-3.672919,40.42479],[-3.672725,40.42478],[-3.672688,40.424802],[-3.672683,40.424859],[-3.672668,40.42504],[-3.672659,40.425154],[-3.672742,40.425159],[-3.672785,40.425161],[-3.672875,40.425165],[-3.672951,40.425169],[-3.672924,40.425131],[-3.672867,40.425128],[-3.672877,40.425014],[-3.6729,40.425015],[-3.672904,40.42496],[-3.672906,40.424938],[-3.672876,40.424937],[-3.672882,40.424864],[-3.672912,40.424865],[-3.672919,40.42479]]]},"properties":{"osmId":320595708,"osmType":"way","tags":{"building":"apartments"}}},{"type":"Feature","id":"osm-way-320595710","geometry":{"type":"Polygon","coordinates":[[[-3.673576,40.424894],[-3.673573,40.424931],[-3.673559,40.42493],[-3.67355,40.425077],[-3.673564,40.425077],[-3.673563,40.425105],[-3.673666,40.425131],[-3.673673,40.425061],[-3.673758,40.425065],[-3.673754,40.425118],[-3.673738,40.425118],[-3.673735,40.425148],[-3.673915,40.425192],[-3.674017,40.425218],[-3.674045,40.424865],[-3.674027,40.424842],[-3.673604,40.424822],[-3.673597,40.424889],[-3.673576,40.424894]]]},"properties":{"osmId":320595710,"osmType":"way","tags":{"building":"yes"}}},{"type":"Feature","id":"osm-way-320595713","geometry":{"type":"Polygon","coordinates":[[[-3.673367,40.424811],[-3.673142,40.4248],[-3.673134,40.424896],[-3.673159,40.424897],[-3.673153,40.424971],[-3.673127,40.424969],[-3.673127,40.424974],[-3.673124,40.42501],[-3.673197,40.424991],[-3.673199,40.424963],[-3.673237,40.424964],[-3.673238,40.424957],[-3.673277,40.424959],[-3.673277,40.424971],[-3.673355,40.42495],[-3.673358,40.424916],[-3.673321,40.424914],[-3.673322,40.424895],[-3.67336,40.424897],[-3.67336,40.424891],[-3.673367,40.424811]]]},"properties":{"osmId":320595713,"osmType":"way","tags":{"building":"yes"}}},{"type":"Feature","id":"osm-way-320595714","geometry":{"type":"Polygon","coordinates":[[[-3.673142,40.4248],[-3.672919,40.42479],[-3.672912,40.424865],[-3.672909,40.424907],[-3.672954,40.424909],[-3.672951,40.424939],[-3.672947,40.424939],[-3.672945,40.424962],[-3.672904,40.42496],[-3.6729,40.425015],[-3.672894,40.425088],[-3.672935,40.425073],[-3.672937,40.425051],[-3.672975,40.425053],[-3.672976,40.42503],[-3.67303,40.425032],[-3.673035,40.425035],[-3.673124,40.42501],[-3.673127,40.424974],[-3.673073,40.424972],[-3.673078,40.424915],[-3.673132,40.424918],[-3.673134,40.424896],[-3.673142,40.4248]]]},"properties":{"osmId":320595714,"osmType":"way","tags":{"building":"apartments"}}},{"type":"Feature","id":"osm-way-320595715","geometry":{"type":"Polygon","coordinates":[[[-3.672867,40.425425],[-3.672867,40.425411],[-3.673063,40.42542],[-3.673065,40.425408],[-3.673079,40.42535],[-3.672989,40.425346],[-3.672996,40.425253],[-3.672957,40.42525],[-3.672962,40.425191],[-3.672873,40.425188],[-3.672875,40.425165],[-3.672785,40.425161],[-3.672783,40.425183],[-3.672741,40.425181],[-3.672742,40.425159],[-3.672659,40.425154],[-3.672636,40.425436],[-3.67272,40.42544],[-3.672722,40.425418],[-3.672764,40.42542],[-3.672762,40.425443],[-3.67281,40.425445],[-3.672812,40.425422],[-3.672867,40.425425]]]},"properties":{"osmId":320595715,"osmType":"way","tags":{"building":"yes"}}},{"type":"Feature","id":"osm-way-320595716","geometry":{"type":"Polygon","coordinates":[[[-3.672859,40.425503],[-3.672863,40.425464],[-3.672809,40.425461],[-3.67281,40.425445],[-3.672762,40.425443],[-3.672747,40.425442],[-3.672743,40.425478],[-3.67272,40.425477],[-3.672723,40.425441],[-3.67272,40.42544],[-3.672636,40.425436],[-3.672626,40.425571],[-3.672713,40.425575],[-3.672716,40.425539],[-3.672739,40.42554],[-3.672736,40.425577],[-3.6728,40.42558],[-3.672802,40.425562],[-3.672854,40.425564],[-3.672855,40.425559],[-3.672857,40.42553],[-3.672825,40.425529],[-3.672827,40.425502],[-3.672859,40.425503]]]},"properties":{"osmId":320595716,"osmType":"way","tags":{"building":"yes"}}},{"type":"Feature","id":"osm-way-320595717","geometry":{"type":"Polygon","coordinates":[[[-3.673525,40.425614],[-3.67381,40.425485],[-3.67373,40.425425],[-3.673466,40.425224],[-3.673287,40.425304],[-3.673374,40.425419],[-3.673525,40.425614]]]},"properties":{"osmId":320595717,"osmType":"way","tags":{"building":"apartments","building:levels":"9"}}},{"type":"Feature","id":"osm-way-320595718","geometry":{"type":"Polygon","coordinates":[[[-3.673331,40.425701],[-3.673525,40.425614],[-3.673374,40.425419],[-3.67334,40.425434],[-3.673346,40.425442],[-3.673286,40.425469],[-3.67328,40.425461],[-3.673188,40.425502],[-3.673331,40.425701]]]},"properties":{"osmId":320595718,"osmType":"way","tags":{"building":"apartments","building:levels":"8","addr:street":"Calle de Alcalá","addr:housenumber":"114","addr:postcode":"28009"}}},{"type":"Feature","id":"osm-way-320595719","geometry":{"type":"Polygon","coordinates":[[[-3.672626,40.425571],[-3.672617,40.425677],[-3.672652,40.425702],[-3.672787,40.425709],[-3.672843,40.425711],[-3.672853,40.425583],[-3.6728,40.42558],[-3.672736,40.425577],[-3.672713,40.425575],[-3.672626,40.425571]]]},"properties":{"osmId":320595719,"osmType":"way","tags":{"building":"apartments","building:levels":"8","addr:street":"Calle de Hermosilla","addr:housenumber":"100","addr:postcode":"28009"}}},{"type":"Feature","id":"osm-way-320788328","geometry":{"type":"Polygon","coordinates":[[[-3.682692,40.414869],[-3.682672,40.414796],[-3.682579,40.414811],[-3.682599,40.414884],[-3.682692,40.414869]]]},"properties":{"osmId":320788328,"osmType":"way","tags":{"building":"retail","building:levels":"1"}}},{"type":"Feature","id":"osm-way-322372121","geometry":{"type":"Polygon","coordinates":[[[-3.668733,40.41924],[-3.668707,40.419239],[-3.668715,40.419168],[-3.668716,40.419156],[-3.668924,40.419162],[-3.668917,40.419245],[-3.668733,40.41924]]]},"properties":{"osmId":322372121,"osmType":"way","tags":{"building":"construction"}}},{"type":"Feature","id":"osm-way-322372122","geometry":{"type":"Polygon","coordinates":[[[-3.668781,40.419087],[-3.668789,40.419017],[-3.668936,40.419024],[-3.668929,40.419099],[-3.668781,40.419087]]]},"properties":{"osmId":322372122,"osmType":"way","tags":{"building":"apartments"}}},{"type":"Feature","id":"osm-way-322372123","geometry":{"type":"Polygon","coordinates":[[[-3.668772,40.418916],[-3.668774,40.418883],[-3.668766,40.418882],[-3.668768,40.418844],[-3.668777,40.418844],[-3.668812,40.418846],[-3.66895,40.418853],[-3.668944,40.418924],[-3.668772,40.418916]]]},"properties":{"osmId":322372123,"osmType":"way","tags":{"building":"apartments","building:levels":"8"}}},{"type":"Feature","id":"osm-way-322372124","geometry":{"type":"Polygon","coordinates":[[[-3.668917,40.419245],[-3.668912,40.4193],[-3.668777,40.419292],[-3.66873,40.419289],[-3.668733,40.41924],[-3.668917,40.419245]]]},"properties":{"osmId":322372124,"osmType":"way","tags":{"building":"apartments"}}},{"type":"Feature","id":"osm-way-322372125","geometry":{"type":"Polygon","coordinates":[[[-3.668944,40.418924],[-3.668936,40.419024],[-3.668789,40.419017],[-3.668781,40.419087],[-3.668726,40.419083],[-3.668739,40.418914],[-3.668772,40.418916],[-3.668944,40.418924]]]},"properties":{"osmId":322372125,"osmType":"way","tags":{"building":"apartments"}}},{"type":"Feature","id":"osm-way-322372126","geometry":{"type":"Polygon","coordinates":[[[-3.668716,40.419156],[-3.668719,40.419124],[-3.668726,40.419083],[-3.668781,40.419087],[-3.668929,40.419099],[-3.668924,40.419162],[-3.668716,40.419156]]]},"properties":{"osmId":322372126,"osmType":"way","tags":{"building":"apartments"}}},{"type":"Feature","id":"osm-way-323359915","geometry":{"type":"Polygon","coordinates":[[[-3.666032,40.420013],[-3.665908,40.420052],[-3.665855,40.419953],[-3.665882,40.419945],[-3.665876,40.419931],[-3.66584,40.419919],[-3.665821,40.419924],[-3.66583,40.419941],[-3.665704,40.419982],[-3.665654,40.419903],[-3.66578,40.419862],[-3.665786,40.419872],[-3.665809,40.419865],[-3.665823,40.419834],[-3.665814,40.41982],[-3.665795,40.419826],[-3.665739,40.419727],[-3.665799,40.419707],[-3.665849,40.419691],[-3.665904,40.419786],[-3.665884,40.419792],[-3.665894,40.419809],[-3.665928,40.419821],[-3.665951,40.419814],[-3.665941,40.419795],[-3.666071,40.419754],[-3.666092,40.419792],[-3.666117,40.419838],[-3.665988,40.419882],[-3.665983,40.41987],[-3.665966,40.419876],[-3.665959,40.419888],[-3.665951,40.419904],[-3.665959,40.419917],[-3.66598,40.419912],[-3.666011,40.419971],[-3.66603,40.420007],[-3.666032,40.420013]]]},"properties":{"osmId":323359915,"osmType":"way","tags":{"building":"apartments"}}},{"type":"Feature","id":"osm-way-323549036","geometry":{"type":"Polygon","coordinates":[[[-3.667186,40.419737],[-3.667277,40.419556],[-3.667167,40.419524],[-3.667077,40.419706],[-3.667186,40.419737]]]},"properties":{"osmId":323549036,"osmType":"way","tags":{"building":"apartments","addr:street":"Calle de Mateo López","addr:housenumber":"6"}}},{"type":"Feature","id":"osm-way-323549037","geometry":{"type":"Polygon","coordinates":[[[-3.667277,40.419556],[-3.667342,40.419428],[-3.66721,40.419389],[-3.667145,40.419517],[-3.667167,40.419524],[-3.667277,40.419556]]]},"properties":{"osmId":323549037,"osmType":"way","tags":{"building":"apartments","addr:street":"Calle de Mateo López","addr:housenumber":"4"}}},{"type":"Feature","id":"osm-way-323549038","geometry":{"type":"Polygon","coordinates":[[[-3.667342,40.419428],[-3.667421,40.419275],[-3.667281,40.419233],[-3.667202,40.419386],[-3.66721,40.419389],[-3.667342,40.419428]]]},"properties":{"osmId":323549038,"osmType":"way","tags":{"building":"apartments","addr:street":"Calle de Mateo López","addr:housenumber":"2"}}},{"type":"Feature","id":"osm-way-323549040","geometry":{"type":"Polygon","coordinates":[[[-3.666692,40.419641],[-3.666521,40.419588],[-3.666588,40.419461],[-3.666679,40.419489],[-3.666759,40.419513],[-3.666737,40.419555],[-3.666692,40.419641]]]},"properties":{"osmId":323549040,"osmType":"way","tags":{"building":"apartments"}}},{"type":"Feature","id":"osm-way-324877667","geometry":{"type":"Polygon","coordinates":[[[-3.670818,40.424868],[-3.670714,40.424863],[-3.670703,40.424852],[-3.670711,40.424761],[-3.670623,40.424757],[-3.670631,40.42468],[-3.67075,40.424687],[-3.670832,40.42469],[-3.670818,40.424868]]]},"properties":{"osmId":324877667,"osmType":"way","tags":{"building":"apartments"}}},{"type":"Feature","id":"osm-way-324877668","geometry":{"type":"Polygon","coordinates":[[[-3.670421,40.424668],[-3.670631,40.42468],[-3.670623,40.424757],[-3.670616,40.42484],[-3.67055,40.424836],[-3.670554,40.424788],[-3.670562,40.424788],[-3.670565,40.424755],[-3.670533,40.424754],[-3.670532,40.424766],[-3.670492,40.424764],[-3.670494,40.424751],[-3.670467,40.42475],[-3.670464,40.424782],[-3.670473,40.424783],[-3.670468,40.42483],[-3.670405,40.424826],[-3.670421,40.424668]]]},"properties":{"osmId":324877668,"osmType":"way","tags":{"building":"apartments"}}},{"type":"Feature","id":"osm-way-324877669","geometry":{"type":"Polygon","coordinates":[[[-3.66914,40.424682],[-3.669146,40.424603],[-3.668941,40.424594],[-3.668926,40.424773],[-3.669028,40.424778],[-3.669037,40.424677],[-3.66914,40.424682]]]},"properties":{"osmId":324877669,"osmType":"way","tags":{"building":"apartments"}}},{"type":"Feature","id":"osm-way-324878718","geometry":{"type":"Polygon","coordinates":[[[-3.66914,40.424682],[-3.669134,40.42476],[-3.669345,40.424769],[-3.669357,40.424613],[-3.669146,40.424603],[-3.66914,40.424682]]]},"properties":{"osmId":324878718,"osmType":"way","tags":{"building":"apartments"}}},{"type":"Feature","id":"osm-way-324878720","geometry":{"type":"Polygon","coordinates":[[[-3.669345,40.424769],[-3.669558,40.42478],[-3.669571,40.424622],[-3.669357,40.424613],[-3.669345,40.424769]]]},"properties":{"osmId":324878720,"osmType":"way","tags":{"building":"apartments"}}},{"type":"Feature","id":"osm-way-324878722","geometry":{"type":"Polygon","coordinates":[[[-3.669571,40.424622],[-3.669995,40.424645],[-3.669981,40.424801],[-3.669558,40.42478],[-3.669571,40.424622]]]},"properties":{"osmId":324878722,"osmType":"way","tags":{"building":"apartments"}}},{"type":"Feature","id":"osm-way-324878724","geometry":{"type":"Polygon","coordinates":[[[-3.669995,40.424645],[-3.670207,40.424656],[-3.670192,40.424814],[-3.669981,40.424801],[-3.669995,40.424645]]]},"properties":{"osmId":324878724,"osmType":"way","tags":{"building":"apartments"}}},{"type":"Feature","id":"osm-way-324878726","geometry":{"type":"Polygon","coordinates":[[[-3.670405,40.424826],[-3.670337,40.424822],[-3.670344,40.424746],[-3.670269,40.424742],[-3.670262,40.424818],[-3.670192,40.424814],[-3.670207,40.424656],[-3.670421,40.424668],[-3.670405,40.424826]]]},"properties":{"osmId":324878726,"osmType":"way","tags":{"building":"apartments"}}},{"type":"Feature","id":"osm-way-328513381","geometry":{"type":"Polygon","coordinates":[[[-3.673378,40.426001],[-3.673575,40.425906],[-3.673639,40.425988],[-3.673657,40.426011],[-3.673709,40.426013],[-3.673701,40.426143],[-3.673612,40.426187],[-3.673556,40.426214],[-3.673529,40.426181],[-3.673378,40.426001]]]},"properties":{"osmId":328513381,"osmType":"way","tags":{"building":"apartments","building:levels":"9"}}},{"type":"Feature","id":"osm-way-328513382","geometry":{"type":"Polygon","coordinates":[[[-3.673575,40.425906],[-3.673611,40.425888],[-3.673898,40.425902],[-3.673929,40.425928],[-3.673923,40.426007],[-3.673758,40.425993],[-3.673639,40.425988],[-3.673575,40.425906]]]},"properties":{"osmId":328513382,"osmType":"way","tags":{"building":"apartments","addr:street":"Calle de Alcalá","addr:housenumber":"103","addr:postcode":"28009"}}},{"type":"Feature","id":"osm-way-328513383","geometry":{"type":"Polygon","coordinates":[[[-3.673923,40.426007],[-3.673912,40.426151],[-3.673701,40.426143],[-3.673709,40.426013],[-3.673755,40.426016],[-3.673758,40.425993],[-3.673923,40.426007]]]},"properties":{"osmId":328513383,"osmType":"way","tags":{"building":"apartments","addr:street":"Calle Alcántara","addr:housenumber":"4"}}},{"type":"Feature","id":"osm-way-337929358","geometry":{"type":"Polygon","coordinates":[[[-3.671292,40.425769],[-3.671186,40.425764],[-3.670932,40.425752],[-3.67091,40.425774],[-3.670906,40.42586],[-3.670902,40.425952],[-3.671141,40.425967],[-3.671212,40.425969],[-3.671208,40.426024],[-3.671267,40.426027],[-3.671272,40.425944],[-3.671252,40.425945],[-3.671259,40.425855],[-3.671284,40.425857],[-3.671292,40.425769]]]},"properties":{"osmId":337929358,"osmType":"way","tags":{"building":"apartments","building:levels":"9"}}},{"type":"Feature","id":"osm-way-337929359","geometry":{"type":"Polygon","coordinates":[[[-3.671441,40.426034],[-3.671267,40.426027],[-3.671272,40.425944],[-3.671301,40.425945],[-3.67131,40.425858],[-3.671284,40.425857],[-3.671292,40.425769],[-3.671375,40.425773],[-3.671449,40.425777],[-3.671443,40.425864],[-3.671423,40.425864],[-3.671417,40.425956],[-3.671445,40.425957],[-3.671441,40.426034]]]},"properties":{"osmId":337929359,"osmType":"way","tags":{"building":"apartments","building:levels":"9"}}},{"type":"Feature","id":"osm-way-337929360","geometry":{"type":"Polygon","coordinates":[[[-3.671441,40.426034],[-3.671641,40.426041],[-3.671646,40.425965],[-3.671573,40.425962],[-3.671579,40.425863],[-3.671623,40.425864],[-3.67163,40.425785],[-3.671537,40.425781],[-3.671449,40.425777],[-3.671443,40.425864],[-3.671469,40.425865],[-3.671463,40.425957],[-3.671445,40.425957],[-3.671441,40.426034]]]},"properties":{"osmId":337929360,"osmType":"way","tags":{"building":"apartments","building:levels":"9"}}},{"type":"Feature","id":"osm-way-337929361","geometry":{"type":"Polygon","coordinates":[[[-3.67163,40.425785],[-3.671623,40.425864],[-3.671646,40.425965],[-3.671661,40.426062],[-3.671691,40.426065],[-3.671728,40.426068],[-3.67173,40.426044],[-3.6717,40.426041],[-3.671672,40.42595],[-3.671737,40.425954],[-3.67175,40.425794],[-3.671689,40.425789],[-3.67163,40.425785]]]},"properties":{"osmId":337929361,"osmType":"way","tags":{"building":"apartments","building:levels":"5"}}},{"type":"Feature","id":"osm-way-337929362","geometry":{"type":"Polygon","coordinates":[[[-3.67175,40.425794],[-3.67181,40.425796],[-3.671873,40.425799],[-3.671859,40.425978],[-3.671851,40.426074],[-3.671769,40.42607],[-3.671728,40.426068],[-3.67173,40.426044],[-3.671737,40.425954],[-3.67175,40.425794]]]},"properties":{"osmId":337929362,"osmType":"way","tags":{"building":"apartments","building:levels":"5"}}},{"type":"Feature","id":"osm-way-337929363","geometry":{"type":"Polygon","coordinates":[[[-3.671873,40.425799],[-3.671948,40.425806],[-3.672025,40.425812],[-3.672003,40.425988],[-3.67195,40.425985],[-3.671956,40.425907],[-3.671915,40.425906],[-3.671909,40.42598],[-3.671859,40.425978],[-3.671873,40.425799]]]},"properties":{"osmId":337929363,"osmType":"way","tags":{"building":"apartments"}}},{"type":"Feature","id":"osm-way-337929364","geometry":{"type":"Polygon","coordinates":[[[-3.672025,40.425812],[-3.672018,40.425914],[-3.672274,40.425924],[-3.672271,40.425971],[-3.672095,40.425963],[-3.672089,40.426045],[-3.672263,40.426052],[-3.672259,40.4261],[-3.672054,40.426195],[-3.672056,40.426219],[-3.672065,40.426315],[-3.672373,40.426173],[-3.672387,40.426161],[-3.672393,40.426156],[-3.672399,40.42614],[-3.672406,40.426031],[-3.672337,40.426029],[-3.672344,40.42593],[-3.672409,40.425932],[-3.672413,40.425854],[-3.672379,40.425827],[-3.672025,40.425812]]]},"properties":{"osmId":337929364,"osmType":"way","tags":{"building":"apartments","building:levels":"7"}}},{"type":"Feature","id":"osm-way-337929373","geometry":{"type":"Polygon","coordinates":[[[-3.670902,40.425952],[-3.670897,40.426033],[-3.670891,40.426116],[-3.671002,40.426122],[-3.671004,40.426094],[-3.671146,40.426102],[-3.671144,40.426127],[-3.671257,40.42613],[-3.671267,40.426027],[-3.671208,40.426024],[-3.671136,40.426019],[-3.671141,40.425967],[-3.670902,40.425952]]]},"properties":{"osmId":337929373,"osmType":"way","tags":{"building":"apartments","building:levels":"9"}}},{"type":"Feature","id":"osm-way-338089189","geometry":{"type":"Polygon","coordinates":[[[-3.675154,40.425969],[-3.675411,40.425982],[-3.675425,40.425993],[-3.675439,40.426012],[-3.675428,40.426129],[-3.675316,40.426123],[-3.675319,40.426085],[-3.675205,40.426079],[-3.675202,40.426118],[-3.675143,40.426115],[-3.675154,40.425969]]]},"properties":{"osmId":338089189,"osmType":"way","tags":{"building":"apartments"}}},{"type":"Feature","id":"osm-way-338089190","geometry":{"type":"Polygon","coordinates":[[[-3.674919,40.425957],[-3.6749,40.426189],[-3.675133,40.426201],[-3.675134,40.426183],[-3.67514,40.426156],[-3.675143,40.426115],[-3.675154,40.425969],[-3.674919,40.425957]]]},"properties":{"osmId":338089190,"osmType":"way","tags":{"building":"apartments"}}},{"type":"Feature","id":"osm-way-338090491","geometry":{"type":"Polygon","coordinates":[[[-3.663652,40.412107],[-3.663589,40.412049],[-3.663586,40.41205],[-3.66353,40.411999],[-3.66352,40.412006],[-3.663497,40.411984],[-3.663409,40.41204],[-3.663432,40.412061],[-3.663365,40.412104],[-3.663341,40.412082],[-3.663252,40.412138],[-3.663276,40.41216],[-3.663265,40.412167],[-3.663321,40.412219],[-3.663319,40.412221],[-3.663382,40.412279],[-3.663483,40.412215],[-3.663445,40.41218],[-3.663513,40.412137],[-3.663551,40.412171],[-3.663652,40.412107]]]},"properties":{"osmId":338090491,"osmType":"way","tags":{"building":"apartments"}}},{"type":"Feature","id":"osm-way-338090492","geometry":{"type":"Polygon","coordinates":[[[-3.66303,40.413285],[-3.662964,40.413227],[-3.662963,40.413228],[-3.662907,40.413178],[-3.662896,40.413185],[-3.662872,40.413164],[-3.66284,40.413185],[-3.662718,40.413264],[-3.662713,40.413259],[-3.662708,40.413262],[-3.662704,40.413258],[-3.662679,40.413274],[-3.662683,40.413279],[-3.662655,40.413297],[-3.66266,40.413302],[-3.662633,40.41332],[-3.662656,40.413341],[-3.662645,40.413349],[-3.662699,40.413398],[-3.662686,40.413406],[-3.662707,40.413425],[-3.662718,40.413418],[-3.662764,40.413459],[-3.662864,40.413393],[-3.662837,40.413369],[-3.662903,40.413326],[-3.66293,40.41335],[-3.66303,40.413285]]]},"properties":{"osmId":338090492,"osmType":"way","tags":{"building":"apartments"}}},{"type":"Feature","id":"osm-way-338090494","geometry":{"type":"Polygon","coordinates":[[[-3.663348,40.412699],[-3.663283,40.41264],[-3.663281,40.412641],[-3.663225,40.412591],[-3.663214,40.412598],[-3.66319,40.412576],[-3.663152,40.412601],[-3.663103,40.412633],[-3.663127,40.412654],[-3.66306,40.412698],[-3.663037,40.412677],[-3.662951,40.412733],[-3.662975,40.412754],[-3.662964,40.412762],[-3.663019,40.412812],[-3.663018,40.412813],[-3.663076,40.412872],[-3.663182,40.412807],[-3.663144,40.412773],[-3.663211,40.412729],[-3.663249,40.412763],[-3.663348,40.412699]]]},"properties":{"osmId":338090494,"osmType":"way","tags":{"building":"apartments"}}},{"type":"Feature","id":"osm-way-338200046","geometry":{"type":"Polygon","coordinates":[[[-3.662813,40.413707],[-3.662737,40.413646],[-3.662735,40.413648],[-3.662671,40.413602],[-3.662662,40.41361],[-3.662636,40.41359],[-3.662557,40.413653],[-3.662583,40.413672],[-3.662523,40.413721],[-3.662496,40.413701],[-3.662416,40.413764],[-3.662443,40.413784],[-3.662433,40.413792],[-3.662497,40.413839],[-3.662494,40.413841],[-3.662566,40.413893],[-3.662657,40.41382],[-3.662614,40.413789],[-3.662675,40.41374],[-3.662731,40.413774],[-3.662813,40.413707]]]},"properties":{"osmId":338200046,"osmType":"way","tags":{"building":"apartments"}}},{"type":"Feature","id":"osm-way-338200047","geometry":{"type":"Polygon","coordinates":[[[-3.66314,40.413728],[-3.663111,40.413707],[-3.66312,40.413699],[-3.663092,40.413679],[-3.663093,40.413677],[-3.663069,40.413659],[-3.663067,40.413661],[-3.663044,40.413644],[-3.663046,40.413643],[-3.663021,40.413625],[-3.663019,40.413627],[-3.66299,40.413606],[-3.662981,40.413614],[-3.662952,40.413594],[-3.662898,40.413638],[-3.662881,40.413639],[-3.662882,40.41365],[-3.662872,40.413659],[-3.662915,40.413691],[-3.662856,40.413739],[-3.662813,40.413707],[-3.662731,40.413774],[-3.662759,40.413794],[-3.662749,40.413803],[-3.662778,40.413824],[-3.662776,40.413825],[-3.6628,40.413842],[-3.662802,40.413841],[-3.662825,40.413858],[-3.662823,40.413859],[-3.662847,40.413876],[-3.662849,40.413875],[-3.662878,40.413896],[-3.662889,40.413887],[-3.662919,40.413907],[-3.662941,40.41389],[-3.662973,40.413864],[-3.662987,40.413863],[-3.662987,40.413852],[-3.663,40.413842],[-3.662956,40.413811],[-3.663015,40.413762],[-3.663059,40.413793],[-3.66307,40.413784],[-3.663085,40.413785],[-3.663085,40.413773],[-3.66314,40.413728]]]},"properties":{"osmId":338200047,"osmType":"way","tags":{"building":"apartments"}}},{"type":"Feature","id":"osm-way-338200048","geometry":{"type":"Polygon","coordinates":[[[-3.663678,40.413776],[-3.663606,40.413723],[-3.663604,40.413725],[-3.663541,40.413679],[-3.663532,40.413686],[-3.663505,40.413667],[-3.663426,40.41373],[-3.663453,40.413749],[-3.663392,40.413797],[-3.663365,40.413778],[-3.663286,40.413841],[-3.663313,40.413861],[-3.663302,40.413869],[-3.663366,40.413916],[-3.663364,40.413918],[-3.663436,40.41397],[-3.663527,40.413897],[-3.663484,40.413866],[-3.663545,40.413817],[-3.663592,40.413845],[-3.663678,40.413776]]]},"properties":{"osmId":338200048,"osmType":"way","tags":{"building":"apartments"}}},{"type":"Feature","id":"osm-way-338200049","geometry":{"type":"Polygon","coordinates":[[[-3.664011,40.413804],[-3.663924,40.413733],[-3.663922,40.413735],[-3.663858,40.413689],[-3.663849,40.413696],[-3.663823,40.413676],[-3.663744,40.413739],[-3.66377,40.413759],[-3.66371,40.413807],[-3.663678,40.413776],[-3.663592,40.413845],[-3.66363,40.41387],[-3.66362,40.413878],[-3.663684,40.413925],[-3.663681,40.413927],[-3.663753,40.413979],[-3.663844,40.413907],[-3.663801,40.413875],[-3.663862,40.413827],[-3.663931,40.41387],[-3.664011,40.413804]]]},"properties":{"osmId":338200049,"osmType":"way","tags":{"building":"apartments"}}},{"type":"Feature","id":"osm-way-338200050","geometry":{"type":"Polygon","coordinates":[[[-3.664339,40.413824],[-3.664152,40.41369],[-3.664072,40.413756],[-3.6641,40.413776],[-3.664041,40.413825],[-3.664011,40.413804],[-3.663931,40.41387],[-3.664118,40.414005],[-3.664153,40.413976],[-3.664199,40.413939],[-3.664156,40.413907],[-3.664215,40.413858],[-3.664259,40.41389],[-3.664339,40.413824]]]},"properties":{"osmId":338200050,"osmType":"way","tags":{"building":"apartments"}}},{"type":"Feature","id":"osm-way-338200051","geometry":{"type":"Polygon","coordinates":[[[-3.665184,40.413877],[-3.665,40.413742],[-3.664917,40.413807],[-3.664973,40.413848],[-3.664913,40.413896],[-3.664857,40.413854],[-3.664777,40.413919],[-3.664959,40.414055],[-3.665044,40.413991],[-3.664999,40.413958],[-3.665059,40.413911],[-3.665104,40.413943],[-3.665184,40.413877]]]},"properties":{"osmId":338200051,"osmType":"way","tags":{"building":"apartments"}}},{"type":"Feature","id":"osm-way-338200052","geometry":{"type":"Polygon","coordinates":[[[-3.66551,40.413898],[-3.665326,40.413763],[-3.665246,40.413829],[-3.665274,40.413851],[-3.665214,40.413898],[-3.665184,40.413877],[-3.665104,40.413943],[-3.665287,40.414077],[-3.66537,40.414013],[-3.665326,40.413981],[-3.665385,40.413933],[-3.66543,40.413964],[-3.66551,40.413898]]]},"properties":{"osmId":338200052,"osmType":"way","tags":{"building":"apartments"}}},{"type":"Feature","id":"osm-way-338200053","geometry":{"type":"Polygon","coordinates":[[[-3.665817,40.413891],[-3.665745,40.413838],[-3.665742,40.41384],[-3.665679,40.413794],[-3.66567,40.413801],[-3.665644,40.413782],[-3.665564,40.413845],[-3.665591,40.413864],[-3.66553,40.413912],[-3.66551,40.413898],[-3.66543,40.413964],[-3.665451,40.413976],[-3.665441,40.413984],[-3.665505,40.414031],[-3.665502,40.414032],[-3.665574,40.414085],[-3.665665,40.414012],[-3.665622,40.413981],[-3.665683,40.413932],[-3.665726,40.413963],[-3.665817,40.413891]]]},"properties":{"osmId":338200053,"osmType":"way","tags":{"building":"apartments"}}},{"type":"Feature","id":"osm-way-338204133","geometry":{"type":"Polygon","coordinates":[[[-3.665826,40.413521],[-3.665758,40.413465],[-3.665756,40.413467],[-3.665697,40.413418],[-3.665687,40.413425],[-3.665658,40.413397],[-3.665571,40.413459],[-3.665603,40.413484],[-3.665539,40.413529],[-3.665513,40.413508],[-3.665429,40.413568],[-3.665454,40.413589],[-3.665443,40.413597],[-3.665503,40.413646],[-3.665501,40.413648],[-3.665569,40.413703],[-3.665665,40.413635],[-3.665625,40.413602],[-3.665689,40.413556],[-3.66573,40.413589],[-3.665826,40.413521]]]},"properties":{"osmId":338204133,"osmType":"way","tags":{"building":"apartments"}}},{"type":"Feature","id":"osm-way-338204135","geometry":{"type":"Polygon","coordinates":[[[-3.665819,40.413283],[-3.665751,40.413227],[-3.665749,40.413229],[-3.66569,40.41318],[-3.66568,40.413187],[-3.665641,40.41315],[-3.665554,40.413212],[-3.665596,40.413246],[-3.665532,40.413292],[-3.665506,40.413271],[-3.665422,40.41333],[-3.665447,40.413351],[-3.665436,40.413359],[-3.665496,40.413408],[-3.665494,40.41341],[-3.665561,40.413466],[-3.665571,40.413459],[-3.665658,40.413397],[-3.665617,40.413364],[-3.665682,40.413318],[-3.665723,40.413351],[-3.665819,40.413283]]]},"properties":{"osmId":338204135,"osmType":"way","tags":{"building":"apartments"}}},{"type":"Feature","id":"osm-way-338226906","geometry":{"type":"Polygon","coordinates":[[[-3.666241,40.412479],[-3.666075,40.412597],[-3.666159,40.412666],[-3.666189,40.412644],[-3.666249,40.412693],[-3.666218,40.412715],[-3.666255,40.412745],[-3.666302,40.412783],[-3.666469,40.412664],[-3.666385,40.412596],[-3.666353,40.412619],[-3.666293,40.41257],[-3.666325,40.412547],[-3.666241,40.412479]]]},"properties":{"osmId":338226906,"osmType":"way","tags":{"building":"apartments"}}},{"type":"Feature","id":"osm-way-338226907","geometry":{"type":"Polygon","coordinates":[[[-3.666516,40.41296],[-3.666497,40.412944],[-3.666448,40.412904],[-3.666446,40.412906],[-3.666386,40.412858],[-3.666376,40.412865],[-3.666351,40.412844],[-3.666268,40.412904],[-3.666293,40.412925],[-3.66623,40.41297],[-3.666204,40.41295],[-3.666121,40.41301],[-3.666146,40.413031],[-3.666135,40.413038],[-3.666196,40.413088],[-3.666194,40.413089],[-3.666262,40.413144],[-3.666358,40.413075],[-3.666317,40.413042],[-3.666381,40.412996],[-3.666422,40.413028],[-3.666516,40.41296]]]},"properties":{"osmId":338226907,"osmType":"way","tags":{"building":"apartments"}}},{"type":"Feature","id":"osm-way-338226908","geometry":{"type":"Polygon","coordinates":[[[-3.66657,40.412207],[-3.666548,40.412189],[-3.666415,40.41208],[-3.666326,40.412145],[-3.666352,40.412165],[-3.666288,40.412211],[-3.666262,40.41219],[-3.666179,40.41225],[-3.666205,40.412271],[-3.666193,40.412279],[-3.666254,40.412328],[-3.666252,40.41233],[-3.66632,40.412385],[-3.666416,40.412316],[-3.666375,40.412283],[-3.666439,40.412237],[-3.666482,40.412271],[-3.66657,40.412207]]]},"properties":{"osmId":338226908,"osmType":"way","tags":{"building":"apartments"}}},{"type":"Feature","id":"osm-way-338226925","geometry":{"type":"Polygon","coordinates":[[[-3.668104,40.412428],[-3.668097,40.412518],[-3.667842,40.412507],[-3.667849,40.412418],[-3.667858,40.412419],[-3.667864,40.412333],[-3.668097,40.412342],[-3.668091,40.412428],[-3.668104,40.412428]]]},"properties":{"osmId":338226925,"osmType":"way","tags":{"building":"residential"}}},{"type":"Feature","id":"osm-way-338397982","geometry":{"type":"Polygon","coordinates":[[[-3.665802,40.413036],[-3.665734,40.41298],[-3.665732,40.412982],[-3.665673,40.412933],[-3.665663,40.41294],[-3.665621,40.412903],[-3.665536,40.412963],[-3.665579,40.412999],[-3.665515,40.413045],[-3.665489,40.413024],[-3.665405,40.413083],[-3.66543,40.413104],[-3.665419,40.413112],[-3.665479,40.413161],[-3.665477,40.413163],[-3.665544,40.413219],[-3.665554,40.413212],[-3.665641,40.41315],[-3.6656,40.413117],[-3.665665,40.413071],[-3.665706,40.413104],[-3.665802,40.413036]]]},"properties":{"osmId":338397982,"osmType":"way","tags":{"building":"apartments"}}},{"type":"Feature","id":"osm-way-338397983","geometry":{"type":"Polygon","coordinates":[[[-3.665782,40.412789],[-3.665714,40.412733],[-3.665712,40.412735],[-3.665653,40.412686],[-3.665643,40.412693],[-3.665598,40.412653],[-3.665516,40.412712],[-3.665559,40.412752],[-3.665494,40.412797],[-3.665469,40.412776],[-3.665385,40.412836],[-3.66541,40.412857],[-3.665399,40.412865],[-3.665459,40.412914],[-3.665457,40.412916],[-3.665524,40.412972],[-3.665536,40.412963],[-3.665621,40.412903],[-3.66558,40.41287],[-3.665645,40.412824],[-3.665686,40.412857],[-3.665782,40.412789]]]},"properties":{"osmId":338397983,"osmType":"way","tags":{"building":"apartments"}}},{"type":"Feature","id":"osm-way-338397984","geometry":{"type":"Polygon","coordinates":[[[-3.665766,40.412535],[-3.665698,40.412479],[-3.665696,40.412481],[-3.665636,40.412432],[-3.665627,40.412439],[-3.665584,40.412401],[-3.665495,40.412461],[-3.665543,40.412498],[-3.665478,40.412543],[-3.665453,40.412522],[-3.665369,40.412581],[-3.665394,40.412602],[-3.665383,40.41261],[-3.665443,40.41266],[-3.665441,40.412662],[-3.665516,40.412712],[-3.665598,40.412653],[-3.665564,40.412616],[-3.665629,40.41257],[-3.66567,40.412603],[-3.665766,40.412535]]]},"properties":{"osmId":338397984,"osmType":"way","tags":{"building":"apartments"}}},{"type":"Feature","id":"osm-way-338397985","geometry":{"type":"Polygon","coordinates":[[[-3.66573,40.412291],[-3.665716,40.412279],[-3.665556,40.412147],[-3.66547,40.412209],[-3.665522,40.412253],[-3.665459,40.412298],[-3.665406,40.412255],[-3.665319,40.412316],[-3.665495,40.412461],[-3.665584,40.412401],[-3.665529,40.412356],[-3.665591,40.412311],[-3.665644,40.412353],[-3.66573,40.412291]]]},"properties":{"osmId":338397985,"osmType":"way","tags":{"building":"apartments"}}},{"type":"Feature","id":"osm-way-338397986","geometry":{"type":"Polygon","coordinates":[[[-3.667324,40.414251],[-3.667326,40.414162],[-3.667326,40.414162],[-3.667327,40.414095],[-3.667319,40.414095],[-3.66732,40.414054],[-3.667202,40.414053],[-3.667201,40.414113],[-3.667118,40.414112],[-3.667119,40.414055],[-3.667017,40.414054],[-3.667016,40.414087],[-3.667004,40.414086],[-3.667003,40.414159],[-3.667001,40.414159],[-3.667,40.414248],[-3.667117,40.414249],[-3.667118,40.414203],[-3.667205,40.414204],[-3.667204,40.41425],[-3.667324,40.414251]]]},"properties":{"osmId":338397986,"osmType":"way","tags":{"building":"apartments"}}},{"type":"Feature","id":"osm-way-338397987","geometry":{"type":"Polygon","coordinates":[[[-3.667534,40.414053],[-3.667535,40.413977],[-3.667533,40.413977],[-3.667534,40.41391],[-3.667526,40.41391],[-3.667531,40.413859],[-3.667412,40.413859],[-3.667408,40.413908],[-3.667321,40.413907],[-3.667322,40.413858],[-3.667258,40.413858],[-3.667206,40.413857],[-3.667205,40.413904],[-3.667202,40.414053],[-3.66732,40.414054],[-3.667321,40.414008],[-3.667413,40.414009],[-3.667412,40.414052],[-3.667534,40.414053]]]},"properties":{"osmId":338397987,"osmType":"way","tags":{"building":"apartments"}}},{"type":"Feature","id":"osm-way-338397988","geometry":{"type":"Polygon","coordinates":[[[-3.667736,40.41386],[-3.667737,40.413665],[-3.667619,40.413664],[-3.667618,40.413723],[-3.667532,40.413722],[-3.667531,40.413664],[-3.667456,40.413663],[-3.667414,40.413664],[-3.667412,40.413859],[-3.667531,40.413859],[-3.667532,40.413814],[-3.667618,40.413815],[-3.667618,40.413859],[-3.667736,40.41386]]]},"properties":{"osmId":338397988,"osmType":"way","tags":{"building":"apartments"}}},{"type":"Feature","id":"osm-way-339132219","geometry":{"type":"Polygon","coordinates":[[[-3.666719,40.423908],[-3.666287,40.423872],[-3.666289,40.423862],[-3.666285,40.423861],[-3.666289,40.42383],[-3.666242,40.423827],[-3.666184,40.423822],[-3.666197,40.423741],[-3.666204,40.423683],[-3.666618,40.423715],[-3.666741,40.423724],[-3.666735,40.423766],[-3.666761,40.423768],[-3.666746,40.423868],[-3.666721,40.423867],[-3.666719,40.423908]]]},"properties":{"osmId":339132219,"osmType":"way","tags":{"building":"church","addr:street":"Calle Peñascales","addr:housenumber":"12","addr:postcode":"28028"}}},{"type":"Feature","id":"osm-way-343679701","geometry":{"type":"Polygon","coordinates":[[[-3.665973,40.421943],[-3.665883,40.421941],[-3.665887,40.421862],[-3.665977,40.421864],[-3.665973,40.421943]]]},"properties":{"osmId":343679701,"osmType":"way","tags":{"building":"yes","addr:street":"Calle de Mercedes Fórmica","addr:housenumber":"20","addr:postcode":"28028"}}},{"type":"Feature","id":"osm-way-343679702","geometry":{"type":"Polygon","coordinates":[[[-3.666437,40.422492],[-3.666381,40.42249],[-3.666379,40.422516],[-3.666309,40.422513],[-3.666312,40.422475],[-3.666281,40.422474],[-3.666285,40.422422],[-3.666314,40.422423],[-3.66633,40.422411],[-3.666443,40.422415],[-3.666437,40.422492]]]},"properties":{"osmId":343679702,"osmType":"way","tags":{"building":"house","addr:street":"Calle Vedia","addr:housenumber":"4","addr:postcode":"28028"}}},{"type":"Feature","id":"osm-way-344169031","geometry":{"type":"Polygon","coordinates":[[[-3.685725,40.421326],[-3.685735,40.421217],[-3.685439,40.421209],[-3.685402,40.421208],[-3.685399,40.421249],[-3.685367,40.421248],[-3.685366,40.421272],[-3.685398,40.421273],[-3.685396,40.421315],[-3.685498,40.421319],[-3.685555,40.421321],[-3.685725,40.421326]]]},"properties":{"osmId":344169031,"osmType":"way","tags":{"building":"apartments"}}},{"type":"Feature","id":"osm-way-344169032","geometry":{"type":"Polygon","coordinates":[[[-3.68576,40.420937],[-3.685749,40.42106],[-3.685598,40.4211],[-3.685582,40.421061],[-3.685552,40.421067],[-3.685531,40.421014],[-3.685563,40.421006],[-3.685551,40.420977],[-3.685593,40.420967],[-3.685648,40.420955],[-3.685702,40.420958],[-3.685711,40.420932],[-3.68576,40.420937]]]},"properties":{"osmId":344169032,"osmType":"way","tags":{"building":"office","addr:street":"Calle de Lagasca","addr:housenumber":"4","addr:postcode":"28001"}}},{"type":"Feature","id":"osm-way-344169033","geometry":{"type":"Polygon","coordinates":[[[-3.68461,40.421518],[-3.684607,40.421547],[-3.684604,40.421575],[-3.684637,40.421606],[-3.684864,40.421614],[-3.684872,40.421531],[-3.684809,40.421528],[-3.684764,40.421526],[-3.68461,40.421518]]]},"properties":{"osmId":344169033,"osmType":"way","tags":{"building":"apartments"}}},{"type":"Feature","id":"osm-way-344169034","geometry":{"type":"Polygon","coordinates":[[[-3.685717,40.421406],[-3.685725,40.421326],[-3.685555,40.421321],[-3.685554,40.421358],[-3.685497,40.421357],[-3.685498,40.421319],[-3.685396,40.421315],[-3.68539,40.421393],[-3.685717,40.421406]]]},"properties":{"osmId":344169034,"osmType":"way","tags":{"building":"apartments"}}},{"type":"Feature","id":"osm-way-349681565","geometry":{"type":"Polygon","coordinates":[[[-3.667757,40.41649],[-3.667652,40.416505],[-3.667619,40.416383],[-3.6672,40.416446],[-3.66721,40.416478],[-3.667133,40.416491],[-3.666975,40.416547],[-3.666891,40.416414],[-3.667004,40.416373],[-3.667035,40.416416],[-3.667184,40.416382],[-3.667181,40.416367],[-3.667702,40.416286],[-3.667757,40.41649]]]},"properties":{"osmId":349681565,"osmType":"way","tags":{"building":"yes"}}},{"type":"Feature","id":"osm-way-351794394","geometry":{"type":"Polygon","coordinates":[[[-3.667021,40.414585],[-3.666496,40.414561],[-3.666429,40.415419],[-3.666364,40.415417],[-3.66635,40.415588],[-3.666856,40.415615],[-3.66681,40.416159],[-3.667056,40.416171],[-3.6671,40.415387],[-3.667023,40.415383],[-3.666955,40.41538],[-3.667021,40.414585]]]},"properties":{"osmId":351794394,"osmType":"way","tags":{"building":"sports_centre"}}},{"type":"Feature","id":"osm-way-352057501","geometry":{"type":"Polygon","coordinates":[[[-3.666914,40.421078],[-3.666911,40.421147],[-3.667012,40.42115],[-3.667015,40.421081],[-3.666914,40.421078]]]},"properties":{"osmId":352057501,"osmType":"way","tags":{"building":"yes","addr:street":"Calle Iturbe","addr:housenumber":"29","addr:postcode":"28028"}}},{"type":"Feature","id":"osm-way-352057502","geometry":{"type":"Polygon","coordinates":[[[-3.666832,40.421215],[-3.666837,40.421145],[-3.666734,40.421141],[-3.666729,40.421212],[-3.666832,40.421215]]]},"properties":{"osmId":352057502,"osmType":"way","tags":{"building":"yes","addr:street":"Calle Aralar","addr:housenumber":"10","addr:postcode":"28028"}}},{"type":"Feature","id":"osm-way-352057503","geometry":{"type":"Polygon","coordinates":[[[-3.666473,40.421062],[-3.666468,40.42113],[-3.666568,40.421135],[-3.666573,40.421068],[-3.666473,40.421062]]]},"properties":{"osmId":352057503,"osmType":"way","tags":{"building":"yes","building:levels":"2","addr:street":"Calle Aralar","addr:housenumber":"11","addr:postcode":"28028"}}},{"type":"Feature","id":"osm-way-352057504","geometry":{"type":"Polygon","coordinates":[[[-3.666392,40.421194],[-3.666398,40.421127],[-3.666297,40.421122],[-3.666291,40.421189],[-3.666392,40.421194]]]},"properties":{"osmId":352057504,"osmType":"way","tags":{"building":"yes","addr:street":"Calle Aizgorri","addr:housenumber":"10","addr:postcode":"28028"}}},{"type":"Feature","id":"osm-way-352057505","geometry":{"type":"Polygon","coordinates":[[[-3.666123,40.42118],[-3.666128,40.421114],[-3.666025,40.421109],[-3.66602,40.421175],[-3.666123,40.42118]]]},"properties":{"osmId":352057505,"osmType":"way","tags":{"building":"yes","addr:street":"Calle Aizgorri","addr:housenumber":"9","addr:postcode":"28028"}}},{"type":"Feature","id":"osm-way-352057506","geometry":{"type":"Polygon","coordinates":[[[-3.665855,40.421034],[-3.66585,40.421103],[-3.665953,40.421107],[-3.665958,40.421039],[-3.665855,40.421034]]]},"properties":{"osmId":352057506,"osmType":"way","tags":{"building":"yes","addr:street":"Calle Begoña","addr:housenumber":"12","addr:postcode":"28028"}}},{"type":"Feature","id":"osm-way-352057507","geometry":{"type":"Polygon","coordinates":[[[-3.666899,40.421516],[-3.666811,40.421514],[-3.666808,40.421593],[-3.666897,40.421596],[-3.666899,40.421516]]]},"properties":{"osmId":352057507,"osmType":"way","tags":{"building":"yes","addr:street":"Calle Condes de Torreanaz","addr:housenumber":"10","addr:postcode":"28028"}}},{"type":"Feature","id":"osm-way-352057508","geometry":{"type":"Polygon","coordinates":[[[-3.666344,40.421569],[-3.666438,40.421574],[-3.666444,40.421497],[-3.666349,40.421493],[-3.666344,40.421569]]]},"properties":{"osmId":352057508,"osmType":"way","tags":{"building":"yes","addr:street":"Calle Condes de Torreanaz","addr:housenumber":"16","addr:postcode":"28028"}}},{"type":"Feature","id":"osm-way-352057509","geometry":{"type":"Polygon","coordinates":[[[-3.665909,40.421549],[-3.665998,40.421553],[-3.666003,40.421476],[-3.665915,40.421472],[-3.665909,40.421549]]]},"properties":{"osmId":352057509,"osmType":"way","tags":{"building":"yes","addr:street":"Calle Condes de Torreanaz","addr:housenumber":"22","addr:postcode":"28028"}}},{"type":"Feature","id":"osm-way-352057510","geometry":{"type":"Polygon","coordinates":[[[-3.665466,40.421527],[-3.665555,40.421531],[-3.665561,40.421453],[-3.665472,40.42145],[-3.665466,40.421527]]]},"properties":{"osmId":352057510,"osmType":"way","tags":{"building":"yes","addr:street":"Calle Condes de Torreanaz","addr:housenumber":"28","addr:postcode":"28028"}}},{"type":"Feature","id":"osm-way-352057511","geometry":{"type":"Polygon","coordinates":[[[-3.666376,40.421373],[-3.666382,40.421302],[-3.66628,40.421298],[-3.666275,40.421369],[-3.666376,40.421373]]]},"properties":{"osmId":352057511,"osmType":"way","tags":{"building":"yes","addr:street":"Calle Aizgorri","addr:housenumber":"6","addr:postcode":"28028"}}},{"type":"Feature","id":"osm-way-352057512","geometry":{"type":"Polygon","coordinates":[[[-3.66655,40.421382],[-3.666556,40.42131],[-3.666454,40.421306],[-3.666449,40.421378],[-3.66655,40.421382]]]},"properties":{"osmId":352057512,"osmType":"way","tags":{"building":"semidetached_house","building:levels":"2","addr:street":"Calle Aralar","addr:housenumber":"5","addr:postcode":"28028"}}},{"type":"Feature","id":"osm-way-352057513","geometry":{"type":"Polygon","coordinates":[[[-3.666106,40.421362],[-3.666111,40.421289],[-3.66601,40.421285],[-3.666005,40.421358],[-3.666106,40.421362]]]},"properties":{"osmId":352057513,"osmType":"way","tags":{"building":"yes","addr:street":"Calle Aizgorri","addr:housenumber":"5","addr:postcode":"28028"}}},{"type":"Feature","id":"osm-way-352057514","geometry":{"type":"Polygon","coordinates":[[[-3.665932,40.421355],[-3.665937,40.421282],[-3.665835,40.421277],[-3.66583,40.42135],[-3.665932,40.421355]]]},"properties":{"osmId":352057514,"osmType":"way","tags":{"building":"yes","addr:street":"Calle Begoña","addr:housenumber":"6","addr:postcode":"28028"}}},{"type":"Feature","id":"osm-way-352057515","geometry":{"type":"Polygon","coordinates":[[[-3.666818,40.421396],[-3.666825,40.421323],[-3.666719,40.42132],[-3.666714,40.421392],[-3.666818,40.421396]]]},"properties":{"osmId":352057515,"osmType":"way","tags":{"building":"yes","addr:street":"Calle Aralar","addr:housenumber":"6","addr:postcode":"28028"}}},{"type":"Feature","id":"osm-way-352057516","geometry":{"type":"Polygon","coordinates":[[[-3.666999,40.421402],[-3.667002,40.42133],[-3.666902,40.421328],[-3.666898,40.421398],[-3.666999,40.421402]]]},"properties":{"osmId":352057516,"osmType":"way","tags":{"building":"yes","addr:street":"Calle Iturbe","addr:housenumber":"23","addr:postcode":"28028"}}},{"type":"Feature","id":"osm-way-352057517","geometry":{"type":"Polygon","coordinates":[[[-3.667269,40.421416],[-3.667274,40.421342],[-3.667172,40.421341],[-3.667168,40.421412],[-3.667269,40.421416]]]},"properties":{"osmId":352057517,"osmType":"way","tags":{"building":"yes","addr:street":"Calle Iturbe","addr:housenumber":"14","addr:postcode":"28028"}}},{"type":"Feature","id":"osm-way-352057518","geometry":{"type":"Polygon","coordinates":[[[-3.667191,40.421156],[-3.667188,40.421224],[-3.66729,40.421227],[-3.667293,40.421159],[-3.667191,40.421156]]]},"properties":{"osmId":352057518,"osmType":"way","tags":{"building":"yes","addr:street":"Calle Iturbe","addr:housenumber":"18","addr:postcode":"28028"}}},{"type":"Feature","id":"osm-way-352057519","geometry":{"type":"Polygon","coordinates":[[[-3.667339,40.42176],[-3.667247,40.421756],[-3.667239,40.421833],[-3.667334,40.421837],[-3.667339,40.42176]]]},"properties":{"osmId":352057519,"osmType":"way","tags":{"building":"yes","addr:street":"Calle Condes de Torreanaz","addr:housenumber":"15","addr:postcode":"28028"}}},{"type":"Feature","id":"osm-way-352057520","geometry":{"type":"Polygon","coordinates":[[[-3.667416,40.421962],[-3.667421,40.421888],[-3.66732,40.421885],[-3.667315,40.421958],[-3.667416,40.421962]]]},"properties":{"osmId":352057520,"osmType":"way","tags":{"building":"yes","addr:street":"Calle Pintor Domínguez","addr:housenumber":"4","addr:postcode":"28028"}}},{"type":"Feature","id":"osm-way-352057521","geometry":{"type":"Polygon","coordinates":[[[-3.667244,40.421954],[-3.667247,40.421881],[-3.667147,40.421878],[-3.667143,40.42195],[-3.667244,40.421954]]]},"properties":{"osmId":352057521,"osmType":"way","tags":{"building":"yes","addr:street":"Calle Iturbe","addr:housenumber":"6","addr:postcode":"28028"}}},{"type":"Feature","id":"osm-way-352057522","geometry":{"type":"Polygon","coordinates":[[[-3.666982,40.42183],[-3.666987,40.421757],[-3.666885,40.421754],[-3.666881,40.421827],[-3.666982,40.42183]]]},"properties":{"osmId":352057522,"osmType":"way","tags":{"building":"yes","addr:street":"Calle Iturbe","addr:housenumber":"17","addr:postcode":"28028"}}},{"type":"Feature","id":"osm-way-352057523","geometry":{"type":"Polygon","coordinates":[[[-3.666305,40.421808],[-3.666402,40.421812],[-3.666406,40.421733],[-3.666311,40.421729],[-3.666305,40.421808]]]},"properties":{"osmId":352057523,"osmType":"way","tags":{"building":"yes","addr:street":"Calle Condes de Torreanaz","addr:housenumber":"29","addr:postcode":"28028"}}},{"type":"Feature","id":"osm-way-352057524","geometry":{"type":"Polygon","coordinates":[[[-3.666301,40.421872],[-3.666214,40.42187],[-3.66621,40.421948],[-3.666298,40.42195],[-3.666301,40.421872]]]},"properties":{"osmId":352057524,"osmType":"way","tags":{"building":"yes","addr:street":"Calle de Mercedes Fórmica","addr:housenumber":"14","addr:postcode":"28028"}}},{"type":"Feature","id":"osm-way-352057525","geometry":{"type":"Polygon","coordinates":[[[-3.668041,40.421792],[-3.667945,40.421788],[-3.66794,40.421866],[-3.668034,40.42187],[-3.668041,40.421792]]]},"properties":{"osmId":352057525,"osmType":"way","tags":{"building":"yes","addr:street":"Calle Condes de Torreanaz","addr:housenumber":"5","addr:postcode":"28028"}}},{"type":"Feature","id":"osm-way-352057526","geometry":{"type":"Polygon","coordinates":[[[-3.66778,40.421779],[-3.667691,40.421775],[-3.667685,40.421854],[-3.667775,40.421858],[-3.66778,40.421779]]]},"properties":{"osmId":352057526,"osmType":"way","tags":{"building":"yes","addr:street":"Calle Condes de Torreanaz","addr:housenumber":"9","addr:postcode":"28028"}}},{"type":"Feature","id":"osm-way-352057527","geometry":{"type":"Polygon","coordinates":[[[-3.666547,40.421818],[-3.666634,40.42182],[-3.666639,40.421743],[-3.666551,40.42174],[-3.666547,40.421818]]]},"properties":{"osmId":352057527,"osmType":"way","tags":{"building":"yes","addr:street":"Calle Condes de Torreanaz","addr:housenumber":"25","addr:postcode":"28028"}}},{"type":"Feature","id":"osm-way-352057528","geometry":{"type":"Polygon","coordinates":[[[-3.665981,40.421793],[-3.666074,40.421797],[-3.666079,40.421719],[-3.665986,40.421716],[-3.665981,40.421793]]]},"properties":{"osmId":352057528,"osmType":"way","tags":{"building":"yes","addr:street":"Calle Condes de Torreanaz","addr:housenumber":"35","addr:postcode":"28028"}}},{"type":"Feature","id":"osm-way-352057529","geometry":{"type":"Polygon","coordinates":[[[-3.665659,40.421413],[-3.665663,40.421338],[-3.665562,40.421334],[-3.665558,40.421409],[-3.665659,40.421413]]]},"properties":{"osmId":352057529,"osmType":"way","tags":{"building":"yes","addr:postcode":"28028"}}},{"type":"Feature","id":"osm-way-352060869","geometry":{"type":"Polygon","coordinates":[[[-3.666532,40.422345],[-3.666535,40.422255],[-3.666449,40.422254],[-3.666446,40.422344],[-3.666532,40.422345]]]},"properties":{"osmId":352060869,"osmType":"way","tags":{"building":"house","addr:street":"Calle Vedia","addr:housenumber":"1","addr:postcode":"28028"}}},{"type":"Feature","id":"osm-way-352060870","geometry":{"type":"Polygon","coordinates":[[[-3.666686,40.422359],[-3.666689,40.422269],[-3.666603,40.422267],[-3.6666,40.422357],[-3.666686,40.422359]]]},"properties":{"osmId":352060870,"osmType":"way","tags":{"building":"house","addr:street":"Calle Vedia","addr:housenumber":"2","addr:postcode":"28028"}}},{"type":"Feature","id":"osm-way-352060871","geometry":{"type":"Polygon","coordinates":[[[-3.666319,40.422344],[-3.666322,40.422254],[-3.666236,40.422253],[-3.666233,40.422343],[-3.666319,40.422344]]]},"properties":{"osmId":352060871,"osmType":"way","tags":{"building":"house","addr:street":"Calle Vedia","addr:housenumber":"7","addr:postcode":"28028"}}},{"type":"Feature","id":"osm-way-352060872","geometry":{"type":"Polygon","coordinates":[[[-3.66616,40.422352],[-3.666163,40.422263],[-3.666078,40.422261],[-3.666074,40.422351],[-3.66616,40.422352]]]},"properties":{"osmId":352060872,"osmType":"way","tags":{"building":"house","addr:postcode":"28028"}}},{"type":"Feature","id":"osm-way-352060873","geometry":{"type":"Polygon","coordinates":[[[-3.666697,40.422205],[-3.6667,40.422116],[-3.666614,40.422114],[-3.666611,40.422204],[-3.666697,40.422205]]]},"properties":{"osmId":352060873,"osmType":"way","tags":{"building":"house","addr:street":"Calle de Mercedes Fórmica","addr:housenumber":"3","addr:postcode":"28028"}}},{"type":"Feature","id":"osm-way-352060874","geometry":{"type":"Polygon","coordinates":[[[-3.666536,40.422201],[-3.666539,40.422112],[-3.666453,40.42211],[-3.66645,40.4222],[-3.666536,40.422201]]]},"properties":{"osmId":352060874,"osmType":"way","tags":{"building":"house","addr:street":"Calle de Mercedes Fórmica","addr:housenumber":"5","addr:postcode":"28028"}}},{"type":"Feature","id":"osm-way-352060875","geometry":{"type":"Polygon","coordinates":[[[-3.666335,40.422223],[-3.666337,40.422105],[-3.666251,40.422103],[-3.666249,40.422195],[-3.666291,40.422195],[-3.666291,40.422222],[-3.666335,40.422223]]]},"properties":{"osmId":352060875,"osmType":"way","tags":{"building":"house","building:levels":"2","addr:street":"Calle de Mercedes Fórmica","addr:housenumber":"7","addr:postcode":"28028"}}},{"type":"Feature","id":"osm-way-352060876","geometry":{"type":"Polygon","coordinates":[[[-3.666168,40.422187],[-3.666171,40.422097],[-3.666086,40.422096],[-3.666083,40.422185],[-3.666168,40.422187]]]},"properties":{"osmId":352060876,"osmType":"way","tags":{"building":"house","addr:street":"Calle de Mercedes Fórmica","addr:housenumber":"9","addr:postcode":"28028"}}},{"type":"Feature","id":"osm-way-352414757","geometry":{"type":"Polygon","coordinates":[[[-3.670741,40.423845],[-3.670893,40.423854],[-3.670888,40.423922],[-3.670885,40.423964],[-3.670883,40.423992],[-3.670729,40.423985],[-3.670731,40.423945],[-3.670804,40.423948],[-3.670806,40.423919],[-3.670736,40.423916],[-3.670737,40.42391],[-3.670741,40.423845]]]},"properties":{"osmId":352414757,"osmType":"way","tags":{"building":"apartments"}}},{"type":"Feature","id":"osm-way-352414761","geometry":{"type":"Polygon","coordinates":[[[-3.670638,40.424402],[-3.670471,40.424394],[-3.670427,40.424339],[-3.670394,40.424297],[-3.670347,40.424238],[-3.670336,40.424224],[-3.670354,40.424188],[-3.670555,40.424232],[-3.670655,40.424244],[-3.670638,40.424402]]]},"properties":{"osmId":352414761,"osmType":"way","tags":{"building":"apartments"}}},{"type":"Feature","id":"osm-way-352414762","geometry":{"type":"Polygon","coordinates":[[[-3.670471,40.424394],[-3.670251,40.424381],[-3.670269,40.424202],[-3.670305,40.424215],[-3.670304,40.424237],[-3.670347,40.424238],[-3.670394,40.424297],[-3.67039,40.424336],[-3.670427,40.424339],[-3.670471,40.424394]]]},"properties":{"osmId":352414762,"osmType":"way","tags":{"building":"apartments"}}},{"type":"Feature","id":"osm-way-352414763","geometry":{"type":"Polygon","coordinates":[[[-3.670251,40.424381],[-3.670101,40.424372],[-3.670112,40.424216],[-3.670116,40.424171],[-3.670164,40.424182],[-3.670163,40.424216],[-3.670219,40.42422],[-3.670225,40.424192],[-3.670269,40.424202],[-3.670251,40.424381]]]},"properties":{"osmId":352414763,"osmType":"way","tags":{"building":"apartments"}}},{"type":"Feature","id":"osm-way-352414764","geometry":{"type":"Polygon","coordinates":[[[-3.670101,40.424372],[-3.670007,40.424368],[-3.670012,40.424275],[-3.670018,40.424225],[-3.670019,40.424208],[-3.670056,40.424209],[-3.670055,40.42423],[-3.670076,40.424231],[-3.670077,40.424215],[-3.670112,40.424216],[-3.670101,40.424372]]]},"properties":{"osmId":352414764,"osmType":"way","tags":{"building":"apartments"}}},{"type":"Feature","id":"osm-way-352414765","geometry":{"type":"Polygon","coordinates":[[[-3.670007,40.424368],[-3.669999,40.424378],[-3.669923,40.424376],[-3.669909,40.424367],[-3.669921,40.424199],[-3.669925,40.424159],[-3.669929,40.424107],[-3.669983,40.42412],[-3.669981,40.424149],[-3.670023,40.424151],[-3.670019,40.424208],[-3.670018,40.424225],[-3.669966,40.424223],[-3.669963,40.424273],[-3.670012,40.424275],[-3.670007,40.424368]]]},"properties":{"osmId":352414765,"osmType":"way","tags":{"building":"apartments"}}},{"type":"Feature","id":"osm-way-352414766","geometry":{"type":"Polygon","coordinates":[[[-3.669909,40.424367],[-3.669728,40.424359],[-3.66974,40.42419],[-3.669777,40.424191],[-3.66978,40.42414],[-3.669749,40.424137],[-3.669752,40.424095],[-3.669758,40.424067],[-3.669929,40.424107],[-3.669925,40.424159],[-3.669897,40.424158],[-3.669895,40.424198],[-3.669921,40.424199],[-3.669909,40.424367]]]},"properties":{"osmId":352414766,"osmType":"way","tags":{"building":"apartments"}}},{"type":"Feature","id":"osm-way-352414767","geometry":{"type":"Polygon","coordinates":[[[-3.669728,40.424359],[-3.669561,40.424353],[-3.669572,40.424187],[-3.669606,40.424188],[-3.66961,40.424124],[-3.66958,40.424123],[-3.669586,40.424029],[-3.669628,40.424039],[-3.669627,40.424086],[-3.669669,40.424087],[-3.669669,40.424047],[-3.669729,40.424062],[-3.669727,40.424094],[-3.669752,40.424095],[-3.669749,40.424137],[-3.669713,40.424135],[-3.66971,40.424189],[-3.66974,40.42419],[-3.669728,40.424359]]]},"properties":{"osmId":352414767,"osmType":"way","tags":{"building":"apartments"}}},{"type":"Feature","id":"osm-way-352414768","geometry":{"type":"Polygon","coordinates":[[[-3.669561,40.424353],[-3.669206,40.424334],[-3.669216,40.424184],[-3.66924,40.423955],[-3.669251,40.423957],[-3.669303,40.423968],[-3.669483,40.424007],[-3.669586,40.424029],[-3.66958,40.424123],[-3.669572,40.424187],[-3.669561,40.424353]]]},"properties":{"osmId":352414768,"osmType":"way","tags":{"building":"apartments"}}},{"type":"Feature","id":"osm-way-352414769","geometry":{"type":"Polygon","coordinates":[[[-3.669206,40.424334],[-3.669149,40.424331],[-3.669156,40.424317],[-3.669159,40.424288],[-3.669129,40.424268],[-3.669082,40.424262],[-3.669053,40.424277],[-3.669047,40.424308],[-3.669056,40.424325],[-3.669002,40.424324],[-3.668965,40.424297],[-3.668969,40.424205],[-3.669039,40.424207],[-3.669048,40.423991],[-3.668995,40.423987],[-3.669001,40.423915],[-3.66917,40.42395],[-3.669154,40.424181],[-3.669216,40.424184],[-3.669206,40.424334]]]},"properties":{"osmId":352414769,"osmType":"way","tags":{"building":"apartments"}}},{"type":"Feature","id":"osm-way-352415375","geometry":{"type":"Polygon","coordinates":[[[-3.670741,40.423845],[-3.670589,40.423838],[-3.670579,40.423978],[-3.670604,40.42398],[-3.670605,40.423961],[-3.67068,40.423964],[-3.670679,40.423983],[-3.670729,40.423985],[-3.670731,40.423945],[-3.670733,40.423926],[-3.670693,40.423924],[-3.670694,40.423908],[-3.670737,40.42391],[-3.670741,40.423845]]]},"properties":{"osmId":352415375,"osmType":"way","tags":{"building":"apartments","addr:street":"Calle de la Povedilla","addr:housenumber":"3","addr:postcode":"28009"}}},{"type":"Feature","id":"osm-way-352415376","geometry":{"type":"Polygon","coordinates":[[[-3.670589,40.423838],[-3.670418,40.42383],[-3.670405,40.424011],[-3.670576,40.424016],[-3.670579,40.423978],[-3.670589,40.423838]]]},"properties":{"osmId":352415376,"osmType":"way","tags":{"building":"apartments","addr:street":"Calle de la Povedilla","addr:housenumber":"5","addr:postcode":"28009"}}},{"type":"Feature","id":"osm-way-352415377","geometry":{"type":"Polygon","coordinates":[[[-3.670418,40.42383],[-3.670217,40.423817],[-3.670209,40.423919],[-3.670197,40.42409],[-3.670261,40.424092],[-3.670259,40.424135],[-3.670325,40.424138],[-3.670327,40.424104],[-3.670399,40.424107],[-3.670405,40.424011],[-3.670418,40.42383]]]},"properties":{"osmId":352415377,"osmType":"way","tags":{"building":"apartments","addr:street":"Calle de la Povedilla","addr:housenumber":"7","addr:postcode":"28009"}}},{"type":"Feature","id":"osm-way-352415378","geometry":{"type":"Polygon","coordinates":[[[-3.669941,40.423981],[-3.670132,40.423993],[-3.670139,40.423917],[-3.670209,40.423919],[-3.670217,40.423817],[-3.669952,40.423803],[-3.669941,40.423981]]]},"properties":{"osmId":352415378,"osmType":"way","tags":{"building":"apartments","addr:street":"Calle de la Povedilla","addr:housenumber":"9","addr:postcode":"28009"}}},{"type":"Feature","id":"osm-way-352415379","geometry":{"type":"Polygon","coordinates":[[[-3.669686,40.42379],[-3.6695,40.423785],[-3.669486,40.423954],[-3.66967,40.423965],[-3.669686,40.42379]]]},"properties":{"osmId":352415379,"osmType":"way","tags":{"building":"apartments","addr:street":"Calle de la Povedilla","addr:housenumber":"13","addr:postcode":"28009"}}},{"type":"Feature","id":"osm-way-352415380","geometry":{"type":"Polygon","coordinates":[[[-3.6695,40.423785],[-3.669322,40.423776],[-3.669303,40.423968],[-3.669483,40.424007],[-3.669486,40.423954],[-3.6695,40.423785]]]},"properties":{"osmId":352415380,"osmType":"way","tags":{"building":"apartments","addr:street":"Calle de la Povedilla","addr:housenumber":"15","addr:postcode":"28009"}}},{"type":"Feature","id":"osm-way-352415381","geometry":{"type":"Polygon","coordinates":[[[-3.669322,40.423776],[-3.669012,40.423762],[-3.669001,40.423915],[-3.66917,40.42395],[-3.66921,40.423956],[-3.669212,40.423911],[-3.669254,40.423917],[-3.669251,40.423957],[-3.669303,40.423968],[-3.669322,40.423776]]]},"properties":{"osmId":352415381,"osmType":"way","tags":{"building":"apartments"}}},{"type":"Feature","id":"osm-way-357284572","geometry":{"type":"Polygon","coordinates":[[[-3.668475,40.424452],[-3.668461,40.424622],[-3.668429,40.424645],[-3.668138,40.424634],[-3.668143,40.424562],[-3.668145,40.424533],[-3.668146,40.42449],[-3.668175,40.424491],[-3.668176,40.42444],[-3.668216,40.424441],[-3.668239,40.424439],[-3.668234,40.424494],[-3.668275,40.424495],[-3.668277,40.424444],[-3.668345,40.424446],[-3.66834,40.4245],[-3.668387,40.424501],[-3.668391,40.424448],[-3.668475,40.424452]]]},"properties":{"osmId":357284572,"osmType":"way","tags":{"building":"apartments","addr:street":"Calle del Doctor Esquerdo","addr:housenumber":"35","addr:postcode":"28028"}}},{"type":"Feature","id":"osm-way-357284573","geometry":{"type":"Polygon","coordinates":[[[-3.668475,40.424452],[-3.668491,40.424297],[-3.668303,40.424287],[-3.668304,40.424304],[-3.668277,40.424303],[-3.668275,40.424321],[-3.668246,40.424319],[-3.668247,40.424302],[-3.668222,40.424301],[-3.668223,40.424283],[-3.668194,40.424281],[-3.668191,40.424327],[-3.668211,40.424327],[-3.668207,40.424389],[-3.668179,40.424388],[-3.668177,40.424401],[-3.668176,40.42444],[-3.668216,40.424441],[-3.668217,40.424424],[-3.668246,40.424425],[-3.668248,40.424391],[-3.668267,40.424392],[-3.668264,40.424424],[-3.668278,40.424425],[-3.668277,40.424444],[-3.668345,40.424446],[-3.668391,40.424448],[-3.668475,40.424452]]]},"properties":{"osmId":357284573,"osmType":"way","tags":{"building":"apartments","addr:street":"Calle del Doctor Esquerdo","addr:housenumber":"37","addr:postcode":"28028"}}},{"type":"Feature","id":"osm-way-357290757","geometry":{"type":"Polygon","coordinates":[[[-3.668491,40.424297],[-3.668505,40.424132],[-3.668249,40.424119],[-3.668208,40.424117],[-3.668197,40.424243],[-3.668194,40.424281],[-3.668223,40.424283],[-3.668252,40.424284],[-3.668254,40.424267],[-3.668304,40.424269],[-3.668303,40.424287],[-3.668491,40.424297]]]},"properties":{"osmId":357290757,"osmType":"way","tags":{"building":"apartments","addr:street":"Calle del Doctor Esquerdo","addr:housenumber":"39","addr:postcode":"28028"}}},{"type":"Feature","id":"osm-way-357290758","geometry":{"type":"Polygon","coordinates":[[[-3.668505,40.424132],[-3.668513,40.424008],[-3.668258,40.423996],[-3.668249,40.424119],[-3.668505,40.424132]]]},"properties":{"osmId":357290758,"osmType":"way","tags":{"building":"apartments","addr:street":"Calle del Doctor Esquerdo","addr:housenumber":"41","addr:postcode":"28028"}}},{"type":"Feature","id":"osm-way-357290759","geometry":{"type":"Polygon","coordinates":[[[-3.668513,40.424008],[-3.668525,40.423849],[-3.668226,40.423837],[-3.66822,40.423917],[-3.668264,40.423919],[-3.668258,40.423996],[-3.668513,40.424008]]]},"properties":{"osmId":357290759,"osmType":"way","tags":{"building":"yes","addr:street":"Calle del Doctor Esquerdo","addr:housenumber":"43","addr:postcode":"28028"}}},{"type":"Feature","id":"osm-way-357290760","geometry":{"type":"Polygon","coordinates":[[[-3.668226,40.423837],[-3.668172,40.423834],[-3.668171,40.423848],[-3.667857,40.423835],[-3.66784,40.424078],[-3.668193,40.424093],[-3.668193,40.424083],[-3.668208,40.424084],[-3.66822,40.423917],[-3.668226,40.423837]]]},"properties":{"osmId":357290760,"osmType":"way","tags":{"building":"apartments","addr:street":"Calle Peñascales","addr:housenumber":"3","addr:postcode":"28028"}}},{"type":"Feature","id":"osm-way-357290761","geometry":{"type":"Polygon","coordinates":[[[-3.668162,40.424156],[-3.66806,40.424152],[-3.668058,40.424187],[-3.667947,40.424183],[-3.667949,40.424147],[-3.667846,40.424143],[-3.667829,40.424401],[-3.667935,40.424405],[-3.667935,40.424397],[-3.667937,40.42437],[-3.668145,40.424378],[-3.668149,40.424325],[-3.668191,40.424327],[-3.668194,40.424281],[-3.668197,40.424243],[-3.668156,40.424242],[-3.668162,40.424156]]]},"properties":{"osmId":357290761,"osmType":"way","tags":{"building":"apartments"}}},{"type":"Feature","id":"osm-way-357290762","geometry":{"type":"Polygon","coordinates":[[[-3.668138,40.424634],[-3.667928,40.424629],[-3.66793,40.424528],[-3.668035,40.42453],[-3.668051,40.424532],[-3.668051,40.424561],[-3.668143,40.424562],[-3.668138,40.424634]]]},"properties":{"osmId":357290762,"osmType":"way","tags":{"building":"apartments","addr:street":"Calle Fundadores","addr:housenumber":"4","addr:postcode":"28028"}}},{"type":"Feature","id":"osm-way-357290763","geometry":{"type":"Polygon","coordinates":[[[-3.66793,40.424528],[-3.667935,40.424405],[-3.667935,40.424397],[-3.668177,40.424401],[-3.668176,40.42444],[-3.668148,40.42444],[-3.668146,40.42449],[-3.668145,40.424533],[-3.66808,40.424532],[-3.668081,40.424497],[-3.668037,40.424496],[-3.668035,40.42453],[-3.66793,40.424528]]]},"properties":{"osmId":357290763,"osmType":"way","tags":{"building":"apartments"}}},{"type":"Feature","id":"osm-way-357290764","geometry":{"type":"Polygon","coordinates":[[[-3.66777,40.423832],[-3.667539,40.423821],[-3.667532,40.423912],[-3.667551,40.423911],[-3.667547,40.423972],[-3.667524,40.423972],[-3.667518,40.424055],[-3.667754,40.424066],[-3.66777,40.423832]]]},"properties":{"osmId":357290764,"osmType":"way","tags":{"building":"apartments","addr:street":"Calle Peñascales","addr:housenumber":"5","addr:postcode":"28028"}}},{"type":"Feature","id":"osm-way-357290765","geometry":{"type":"Polygon","coordinates":[[[-3.667539,40.423821],[-3.667317,40.423811],[-3.667299,40.424045],[-3.667377,40.424048],[-3.667379,40.424027],[-3.667483,40.424031],[-3.667482,40.424054],[-3.667518,40.424055],[-3.667524,40.423972],[-3.667506,40.423971],[-3.66751,40.423911],[-3.667532,40.423912],[-3.667539,40.423821]]]},"properties":{"osmId":357290765,"osmType":"way","tags":{"building":"apartments","addr:street":"Calle Peñascales","addr:housenumber":"7","addr:postcode":"28028"}}},{"type":"Feature","id":"osm-way-357290766","geometry":{"type":"Polygon","coordinates":[[[-3.667145,40.42416],[-3.667131,40.424081],[-3.667283,40.424065],[-3.667293,40.424125],[-3.667265,40.424304],[-3.66722,40.424295],[-3.667171,40.424294],[-3.667168,40.424277],[-3.667163,40.424253],[-3.667199,40.424256],[-3.667214,40.424168],[-3.667198,40.424156],[-3.667145,40.42416]]]},"properties":{"osmId":357290766,"osmType":"way","tags":{"building":"apartments","addr:street":"Calle Peñascales","addr:housenumber":"13","addr:postcode":"28028"}}},{"type":"Feature","id":"osm-way-357290767","geometry":{"type":"Polygon","coordinates":[[[-3.667131,40.424081],[-3.666922,40.424104],[-3.666909,40.424278],[-3.667009,40.424281],[-3.667121,40.424292],[-3.667122,40.424274],[-3.667168,40.424277],[-3.667163,40.424253],[-3.667157,40.424232],[-3.667135,40.424233],[-3.66713,40.424206],[-3.667152,40.424205],[-3.667145,40.42416],[-3.667131,40.424081]]]},"properties":{"osmId":357290767,"osmType":"way","tags":{"building":"apartments","addr:street":"Calle Antonio Toledano","addr:housenumber":"32","addr:postcode":"28028"}}},{"type":"Feature","id":"osm-way-357290768","geometry":{"type":"Polygon","coordinates":[[[-3.667825,40.424622],[-3.667829,40.424401],[-3.667562,40.424393],[-3.66756,40.424485],[-3.667558,40.424529],[-3.667559,40.424616],[-3.667825,40.424622]]]},"properties":{"osmId":357290768,"osmType":"way","tags":{"building":"apartments","addr:street":"Calle Fundadores","addr:housenumber":"6","addr:postcode":"28028"}}},{"type":"Feature","id":"osm-way-357582388","geometry":{"type":"Polygon","coordinates":[[[-3.666786,40.424094],[-3.666614,40.424091],[-3.666597,40.424192],[-3.666634,40.424193],[-3.666633,40.424187],[-3.666662,40.424188],[-3.666672,40.424195],[-3.666671,40.424214],[-3.666644,40.424214],[-3.666644,40.424236],[-3.666776,40.42424],[-3.666786,40.424094]]]},"properties":{"osmId":357582388,"osmType":"way","tags":{"building":"apartments","addr:street":"Calle Peñascales","addr:housenumber":"15","addr:postcode":"28028"}}},{"type":"Feature","id":"osm-way-357582389","geometry":{"type":"Polygon","coordinates":[[[-3.666614,40.424091],[-3.666389,40.42409],[-3.666337,40.424331],[-3.666348,40.424333],[-3.66645,40.424349],[-3.66646,40.424294],[-3.666521,40.424302],[-3.666511,40.424357],[-3.666561,40.424368],[-3.666569,40.424322],[-3.666576,40.424274],[-3.666597,40.424192],[-3.666614,40.424091]]]},"properties":{"osmId":357582389,"osmType":"way","tags":{"building":"apartments","addr:street":"Calle Peñascales","addr:housenumber":"17","addr:postcode":"28028"}}},{"type":"Feature","id":"osm-way-357582390","geometry":{"type":"Polygon","coordinates":[[[-3.666337,40.424331],[-3.666314,40.424459],[-3.666374,40.424469],[-3.666553,40.424495],[-3.666544,40.42444],[-3.666519,40.424437],[-3.666519,40.424425],[-3.666547,40.424426],[-3.666561,40.424368],[-3.666511,40.424357],[-3.66645,40.424349],[-3.666348,40.424333],[-3.666337,40.424331]]]},"properties":{"osmId":357582390,"osmType":"way","tags":{"building":"apartments","addr:postcode":"28028"}}},{"type":"Feature","id":"osm-way-357582391","geometry":{"type":"Polygon","coordinates":[[[-3.666314,40.424459],[-3.66629,40.424594],[-3.666466,40.424604],[-3.666468,40.424501],[-3.666367,40.424491],[-3.666374,40.424469],[-3.666314,40.424459]]]},"properties":{"osmId":357582391,"osmType":"way","tags":{"building":"apartments","addr:postcode":"28028"}}},{"type":"Feature","id":"osm-way-357582392","geometry":{"type":"Polygon","coordinates":[[[-3.666545,40.424598],[-3.666718,40.4246],[-3.666752,40.424577],[-3.666763,40.424374],[-3.6666,40.424362],[-3.666579,40.42436],[-3.666574,40.424372],[-3.666561,40.424368],[-3.666547,40.424426],[-3.666544,40.42444],[-3.666553,40.424495],[-3.666545,40.424598]]]},"properties":{"osmId":357582392,"osmType":"way","tags":{"building":"apartments","addr:street":"Calle Antonio Toledano","addr:housenumber":"17","addr:postcode":"28028"}}},{"type":"Feature","id":"osm-way-357582393","geometry":{"type":"Polygon","coordinates":[[[-3.666763,40.424374],[-3.666776,40.42424],[-3.666644,40.424236],[-3.66662,40.42424],[-3.666617,40.424277],[-3.666576,40.424274],[-3.666569,40.424322],[-3.666605,40.424323],[-3.6666,40.424362],[-3.666763,40.424374]]]},"properties":{"osmId":357582393,"osmType":"way","tags":{"building":"apartments","addr:street":"Calle Antonio Toledano","addr:housenumber":"19","addr:postcode":"28028"}}},{"type":"Feature","id":"osm-way-357582394","geometry":{"type":"Polygon","coordinates":[[[-3.667213,40.424383],[-3.667213,40.424375],[-3.667193,40.424375],[-3.667194,40.424359],[-3.667216,40.42436],[-3.66722,40.424295],[-3.667171,40.424294],[-3.667121,40.424292],[-3.667105,40.424313],[-3.667007,40.42431],[-3.667009,40.424281],[-3.666909,40.424278],[-3.66689,40.4246],[-3.667095,40.424605],[-3.667097,40.424514],[-3.667016,40.424512],[-3.667021,40.424408],[-3.667096,40.42441],[-3.667212,40.424413],[-3.667213,40.424383]]]},"properties":{"osmId":357582394,"osmType":"way","tags":{"building":"apartments","addr:street":"Calle Antonio Toledano","addr:housenumber":"28","addr:postcode":"28028"}}},{"type":"Feature","id":"osm-way-357582395","geometry":{"type":"Polygon","coordinates":[[[-3.667559,40.424616],[-3.667439,40.424613],[-3.667442,40.424528],[-3.667475,40.42453],[-3.667476,40.424482],[-3.667449,40.424481],[-3.667455,40.424386],[-3.667562,40.424393],[-3.66756,40.424485],[-3.667532,40.424483],[-3.667532,40.424529],[-3.667558,40.424529],[-3.667559,40.424616]]]},"properties":{"osmId":357582395,"osmType":"way","tags":{"building":"apartments","addr:street":"Calle Fundadores","addr:housenumber":"8","addr:postcode":"28028"}}},{"type":"Feature","id":"osm-way-357591676","geometry":{"type":"Polygon","coordinates":[[[-3.665904,40.422066],[-3.666051,40.42207],[-3.666041,40.422293],[-3.66591,40.422287],[-3.665909,40.422241],[-3.665906,40.422148],[-3.665904,40.422066]]]},"properties":{"osmId":357591676,"osmType":"way","tags":{"building":"yes","addr:street":"Calle de Mercedes Fórmica","addr:housenumber":"11","addr:postcode":"28028"}}},{"type":"Feature","id":"osm-way-357591679","geometry":{"type":"Polygon","coordinates":[[[-3.665904,40.422066],[-3.665755,40.422063],[-3.665778,40.422286],[-3.66591,40.422287],[-3.665909,40.422241],[-3.665843,40.422242],[-3.665842,40.422147],[-3.665906,40.422148],[-3.665904,40.422066]]]},"properties":{"osmId":357591679,"osmType":"way","tags":{"building":"yes","addr:street":"Calle de Mercedes Fórmica","addr:housenumber":"13","addr:postcode":"28028"}}},{"type":"Feature","id":"osm-way-357591682","geometry":{"type":"Polygon","coordinates":[[[-3.665597,40.422129],[-3.665602,40.422197],[-3.665579,40.422198],[-3.665589,40.422251],[-3.66561,40.422251],[-3.66562,40.422369],[-3.665592,40.42237],[-3.665596,40.422396],[-3.665601,40.422396],[-3.665631,40.422398],[-3.665699,40.422401],[-3.665715,40.422401],[-3.665682,40.422058],[-3.665595,40.422056],[-3.665597,40.422129]]]},"properties":{"osmId":357591682,"osmType":"way","tags":{"building":"yes","addr:street":"Calle de Mercedes Fórmica","addr:housenumber":"15","addr:postcode":"28028"}}},{"type":"Feature","id":"osm-way-357591687","geometry":{"type":"Polygon","coordinates":[[[-3.665329,40.42221],[-3.665368,40.422387],[-3.665499,40.422392],[-3.665523,40.422393],[-3.665596,40.422396],[-3.665592,40.42237],[-3.665591,40.422352],[-3.665564,40.422354],[-3.665558,40.422326],[-3.665584,40.422322],[-3.665569,40.422246],[-3.665443,40.422263],[-3.665432,40.422212],[-3.665329,40.42221]]]},"properties":{"osmId":357591687,"osmType":"way","tags":{"building":"yes","addr:street":"Calle Elvira","addr:housenumber":"26","addr:postcode":"28028"}}},{"type":"Feature","id":"osm-way-357596652","geometry":{"type":"Polygon","coordinates":[[[-3.664943,40.422046],[-3.665133,40.422045],[-3.665175,40.422069],[-3.665223,40.422284],[-3.665194,40.422309],[-3.664994,40.422308],[-3.664943,40.422046]]]},"properties":{"osmId":357596652,"osmType":"way","tags":{"building":"yes","addr:street":"Calle Elvira","addr:housenumber":"17","addr:postcode":"28028"}}},{"type":"Feature","id":"osm-way-357596653","geometry":{"type":"Polygon","coordinates":[[[-3.66449,40.422196],[-3.664399,40.422196],[-3.664399,40.422275],[-3.66449,40.422276],[-3.66449,40.422196]]]},"properties":{"osmId":357596653,"osmType":"way","tags":{"building":"yes","addr:street":"Calle León Bonnat","addr:housenumber":"12","addr:postcode":"28028"}}},{"type":"Feature","id":"osm-way-357596654","geometry":{"type":"Polygon","coordinates":[[[-3.664413,40.422138],[-3.66451,40.42214],[-3.664512,40.42206],[-3.664416,40.422059],[-3.664413,40.422138]]]},"properties":{"osmId":357596654,"osmType":"way","tags":{"building":"yes","addr:street":"Calle de Mercedes Fórmica","addr:housenumber":"25","addr:postcode":"28028"}}},{"type":"Feature","id":"osm-way-357596655","geometry":{"type":"Polygon","coordinates":[[[-3.66431,40.421664],[-3.664313,40.421732],[-3.664416,40.421729],[-3.664412,40.421661],[-3.66431,40.421664]]]},"properties":{"osmId":357596655,"osmType":"way","tags":{"building":"yes","addr:street":"Calle Basilio Paraíso","addr:housenumber":"14","addr:postcode":"28028"}}},{"type":"Feature","id":"osm-way-357596656","geometry":{"type":"Polygon","coordinates":[[[-3.66441,40.421926],[-3.664505,40.421928],[-3.664507,40.42185],[-3.664413,40.421848],[-3.66441,40.421926]]]},"properties":{"osmId":357596656,"osmType":"way","tags":{"building":"yes","addr:street":"Calle de Mercedes Fórmica","addr:housenumber":"34","addr:postcode":"28028"}}},{"type":"Feature","id":"osm-way-357596657","geometry":{"type":"Polygon","coordinates":[[[-3.6647,40.421481],[-3.664489,40.421494],[-3.664501,40.421605],[-3.664712,40.421592],[-3.6647,40.421481]]]},"properties":{"osmId":357596657,"osmType":"way","tags":{"building":"yes","addr:postcode":"28028"}}},{"type":"Feature","id":"osm-way-357596658","geometry":{"type":"Polygon","coordinates":[[[-3.66471,40.421316],[-3.664671,40.421154],[-3.664414,40.421189],[-3.664437,40.421287],[-3.66458,40.421267],[-3.664595,40.421332],[-3.66471,40.421316]]]},"properties":{"osmId":357596658,"osmType":"way","tags":{"building":"yes","addr:postcode":"28028"}}},{"type":"Feature","id":"osm-way-357596659","geometry":{"type":"Polygon","coordinates":[[[-3.664778,40.421644],[-3.664578,40.421641],[-3.664571,40.421893],[-3.664771,40.421897],[-3.664778,40.421644]]]},"properties":{"osmId":357596659,"osmType":"way","tags":{"building":"yes","addr:postcode":"28028"}}},{"type":"Feature","id":"osm-way-357596661","geometry":{"type":"Polygon","coordinates":[[[-3.666986,40.422097],[-3.666745,40.422091],[-3.666736,40.422228],[-3.666804,40.42223],[-3.666911,40.422234],[-3.666979,40.422236],[-3.666986,40.422097]]]},"properties":{"osmId":357596661,"osmType":"way","tags":{"building":"yes","addr:street":"Calle de Mercedes Fórmica","addr:housenumber":"1","addr:postcode":"28028"}}},{"type":"Feature","id":"osm-way-357596662","geometry":{"type":"Polygon","coordinates":[[[-3.666979,40.422236],[-3.666971,40.422385],[-3.666904,40.422383],[-3.666906,40.422349],[-3.666797,40.422345],[-3.666795,40.42238],[-3.666729,40.422378],[-3.666736,40.422228],[-3.666804,40.42223],[-3.666802,40.422262],[-3.666909,40.422266],[-3.666911,40.422234],[-3.666979,40.422236]]]},"properties":{"osmId":357596662,"osmType":"way","tags":{"building":"yes","addr:street":"Calle Iturbe","addr:housenumber":"7","addr:postcode":"28028"}}},{"type":"Feature","id":"osm-way-357596663","geometry":{"type":"Polygon","coordinates":[[[-3.666971,40.422385],[-3.666964,40.422526],[-3.666721,40.422519],[-3.666729,40.422378],[-3.666795,40.42238],[-3.666904,40.422383],[-3.666971,40.422385]]]},"properties":{"osmId":357596663,"osmType":"way","tags":{"building":"yes","addr:street":"Calle Iturbe","addr:housenumber":"5","addr:postcode":"28028"}}},{"type":"Feature","id":"osm-way-357596664","geometry":{"type":"Polygon","coordinates":[[[-3.666955,40.422693],[-3.666964,40.422583],[-3.666677,40.422571],[-3.666669,40.422673],[-3.666764,40.422679],[-3.666766,40.422651],[-3.666852,40.422654],[-3.666848,40.422687],[-3.666955,40.422693]]]},"properties":{"osmId":357596664,"osmType":"way","tags":{"building":"yes","addr:street":"Calle Iturbe","addr:housenumber":"3","addr:postcode":"28028"}}},{"type":"Feature","id":"osm-way-357596665","geometry":{"type":"Polygon","coordinates":[[[-3.666955,40.422693],[-3.66695,40.42282],[-3.666614,40.422798],[-3.666619,40.422714],[-3.666664,40.422716],[-3.666669,40.422673],[-3.666764,40.422679],[-3.66681,40.422681],[-3.666807,40.422709],[-3.666846,40.422711],[-3.666848,40.422687],[-3.666955,40.422693]]]},"properties":{"osmId":357596665,"osmType":"way","tags":{"building":"yes","addr:street":"Calle de Jorge Juan","addr:housenumber":"112","addr:postcode":"28028"}}},{"type":"Feature","id":"osm-way-357603326","geometry":{"type":"Polygon","coordinates":[[[-3.667255,40.421612],[-3.667348,40.421613],[-3.667352,40.421517],[-3.667314,40.421517],[-3.667312,40.421536],[-3.667257,40.421534],[-3.667255,40.421612]]]},"properties":{"osmId":357603326,"osmType":"way","tags":{"building":"yes","addr:street":"Calle Condes de Torreanaz","addr:housenumber":"4","addr:postcode":"28028"}}},{"type":"Feature","id":"osm-way-357603330","geometry":{"type":"Polygon","coordinates":[[[-3.664817,40.422503],[-3.664817,40.422418],[-3.664736,40.422417],[-3.664737,40.422501],[-3.664817,40.422503]]]},"properties":{"osmId":357603330,"osmType":"way","tags":{"building":"yes","addr:street":"Calle León Bonnat","addr:housenumber":"5","addr:postcode":"28028"}}},{"type":"Feature","id":"osm-way-357603331","geometry":{"type":"Polygon","coordinates":[[[-3.664737,40.422501],[-3.664736,40.422417],[-3.664657,40.422417],[-3.664658,40.422501],[-3.664737,40.422501]]]},"properties":{"osmId":357603331,"osmType":"way","tags":{"building":"yes","addr:street":"Calle León Bonnat","addr:housenumber":"7","addr:postcode":"28028"}}},{"type":"Feature","id":"osm-way-357603332","geometry":{"type":"Polygon","coordinates":[[[-3.664788,40.425117],[-3.664698,40.425099],[-3.664705,40.425079],[-3.664681,40.425074],[-3.664694,40.425038],[-3.664718,40.425043],[-3.664725,40.425024],[-3.664814,40.425042],[-3.664788,40.425117]]]},"properties":{"osmId":357603332,"osmType":"way","tags":{"building":"yes","addr:street":"Calle Dolores Romero","addr:housenumber":"6","addr:postcode":"28028"}}},{"type":"Feature","id":"osm-way-357603333","geometry":{"type":"Polygon","coordinates":[[[-3.664421,40.42525],[-3.664511,40.425269],[-3.664539,40.425192],[-3.664448,40.425172],[-3.664421,40.42525]]]},"properties":{"osmId":357603333,"osmType":"way","tags":{"building":"yes","addr:street":"Calle Dolores Romero","addr:housenumber":"5","addr:postcode":"28028"}}},{"type":"Feature","id":"osm-way-362264390","geometry":{"type":"Polygon","coordinates":[[[-3.667996,40.426152],[-3.667999,40.426124],[-3.668,40.426112],[-3.667966,40.426112],[-3.667963,40.425987],[-3.668011,40.425986],[-3.668013,40.425966],[-3.668015,40.425946],[-3.667726,40.425941],[-3.667733,40.426156],[-3.667996,40.426152]]]},"properties":{"osmId":362264390,"osmType":"way","tags":{"building":"apartments","addr:street":"Calle de Benito de Castro","addr:housenumber":"10","addr:postcode":"28028"}}},{"type":"Feature","id":"osm-way-362264391","geometry":{"type":"Polygon","coordinates":[[[-3.667979,40.425844],[-3.66798,40.42578],[-3.668028,40.425781],[-3.66803,40.425751],[-3.667979,40.425749],[-3.667921,40.425746],[-3.667873,40.425743],[-3.667824,40.425741],[-3.667722,40.425736],[-3.667724,40.425841],[-3.667979,40.425844]]]},"properties":{"osmId":362264391,"osmType":"way","tags":{"building":"yes","addr:street":"Calle de Benito de Castro","addr:housenumber":"12","addr:postcode":"28028"}}},{"type":"Feature","id":"osm-way-362264393","geometry":{"type":"Polygon","coordinates":[[[-3.667875,40.425716],[-3.667873,40.425743],[-3.667921,40.425746],[-3.667922,40.425729],[-3.66798,40.425732],[-3.667979,40.425749],[-3.66803,40.425751],[-3.668033,40.425728],[-3.668036,40.425694],[-3.668041,40.425641],[-3.668048,40.425571],[-3.667888,40.425563],[-3.667875,40.425716]]]},"properties":{"osmId":362264393,"osmType":"way","tags":{"building":"yes","addr:street":"Calle de Hermosilla","addr:housenumber":"141","addr:postcode":"28028"}}},{"type":"Feature","id":"osm-way-362264400","geometry":{"type":"Polygon","coordinates":[[[-3.668374,40.425745],[-3.668385,40.425612],[-3.668355,40.425586],[-3.668048,40.425571],[-3.668041,40.425641],[-3.668066,40.425642],[-3.66806,40.425695],[-3.668036,40.425694],[-3.668033,40.425728],[-3.668105,40.425732],[-3.668138,40.425733],[-3.668141,40.425734],[-3.668143,40.425713],[-3.668185,40.425715],[-3.668183,40.425735],[-3.668374,40.425745]]]},"properties":{"osmId":362264400,"osmType":"way","tags":{"building":"apartments","building:levels":"7","addr:street":"Calle del Doctor Esquerdo","addr:housenumber":"25","addr:postcode":"28028"}}},{"type":"Feature","id":"osm-way-362264402","geometry":{"type":"Polygon","coordinates":[[[-3.668364,40.425861],[-3.668374,40.425745],[-3.668183,40.425735],[-3.668141,40.425734],[-3.668138,40.425733],[-3.668136,40.425763],[-3.668103,40.425762],[-3.668105,40.425732],[-3.668033,40.425728],[-3.66803,40.425751],[-3.668061,40.425754],[-3.668054,40.425826],[-3.668024,40.425825],[-3.668023,40.425846],[-3.668088,40.425849],[-3.668098,40.425849],[-3.6681,40.425821],[-3.668132,40.425822],[-3.66813,40.425851],[-3.668138,40.425851],[-3.668202,40.425854],[-3.668243,40.425856],[-3.668364,40.425861]]]},"properties":{"osmId":362264402,"osmType":"way","tags":{"building":"apartments","building:levels":"7","addr:street":"Calle del Doctor Esquerdo","addr:housenumber":"23","addr:postcode":"28028"}}},{"type":"Feature","id":"osm-way-362264403","geometry":{"type":"Polygon","coordinates":[[[-3.668354,40.425983],[-3.668364,40.425861],[-3.668243,40.425856],[-3.668241,40.42588],[-3.6682,40.425878],[-3.668202,40.425854],[-3.668138,40.425851],[-3.668136,40.425872],[-3.668086,40.42587],[-3.668088,40.425849],[-3.668023,40.425846],[-3.668018,40.4259],[-3.668064,40.425902],[-3.668062,40.42592],[-3.668017,40.425918],[-3.668015,40.425946],[-3.668013,40.425966],[-3.668078,40.425969],[-3.668079,40.425952],[-3.668132,40.425955],[-3.66813,40.425972],[-3.668191,40.425975],[-3.668193,40.425952],[-3.668234,40.425954],[-3.668232,40.425977],[-3.668354,40.425983]]]},"properties":{"osmId":362264403,"osmType":"way","tags":{"building":"apartments","building:levels":"7","addr:street":"Calle del Doctor Esquerdo","addr:housenumber":"21","addr:postcode":"28028"}}},{"type":"Feature","id":"osm-way-362264405","geometry":{"type":"Polygon","coordinates":[[[-3.668344,40.426101],[-3.668354,40.425983],[-3.668232,40.425977],[-3.66823,40.426001],[-3.668189,40.425999],[-3.668191,40.425975],[-3.66813,40.425972],[-3.668129,40.425993],[-3.668076,40.42599],[-3.668078,40.425969],[-3.668013,40.425966],[-3.668011,40.425986],[-3.668008,40.426016],[-3.668054,40.426018],[-3.668052,40.426039],[-3.668006,40.426037],[-3.668002,40.426086],[-3.668069,40.426089],[-3.668071,40.426069],[-3.668119,40.426072],[-3.668118,40.426091],[-3.668125,40.426091],[-3.668175,40.426093],[-3.668182,40.426094],[-3.668184,40.426072],[-3.668223,40.426074],[-3.668222,40.426095],[-3.668344,40.426101]]]},"properties":{"osmId":362264405,"osmType":"way","tags":{"building":"apartments","building:levels":"7","addr:street":"Calle del Doctor Esquerdo","addr:housenumber":"19","addr:postcode":"28028"}}},{"type":"Feature","id":"osm-way-362264407","geometry":{"type":"Polygon","coordinates":[[[-3.667888,40.425563],[-3.667722,40.425555],[-3.667722,40.425736],[-3.667824,40.425741],[-3.667827,40.425713],[-3.667875,40.425716],[-3.667888,40.425563]]]},"properties":{"osmId":362264407,"osmType":"way","tags":{"building":"yes","addr:street":"Calle de Hermosilla","addr:housenumber":"143","addr:postcode":"28028"}}},{"type":"Feature","id":"osm-way-362264408","geometry":{"type":"Polygon","coordinates":[[[-3.667724,40.425841],[-3.667726,40.425941],[-3.668015,40.425946],[-3.668017,40.425918],[-3.668017,40.425909],[-3.667978,40.425909],[-3.667979,40.425844],[-3.667724,40.425841]]]},"properties":{"osmId":362264408,"osmType":"way","tags":{"building":"yes","addr:street":"Calle de Benito de Castro","addr:housenumber":"12","addr:postcode":"28028"}}},{"type":"Feature","id":"osm-way-362264411","geometry":{"type":"Polygon","coordinates":[[[-3.667681,40.424704],[-3.667474,40.424698],[-3.667508,40.424786],[-3.667518,40.424812],[-3.667579,40.424812],[-3.667582,40.424836],[-3.667616,40.424835],[-3.667616,40.424806],[-3.66767,40.424808],[-3.667673,40.424794],[-3.667681,40.424704]]]},"properties":{"osmId":362264411,"osmType":"way","tags":{"building":"apartments","addr:street":"Calle Fundadores","addr:housenumber":"9","addr:postcode":"28028"}}},{"type":"Feature","id":"osm-way-363233333","geometry":{"type":"Polygon","coordinates":[[[-3.670049,40.417512],[-3.669913,40.417507],[-3.669907,40.41757],[-3.669902,40.417622],[-3.669895,40.417701],[-3.669931,40.417703],[-3.669926,40.417759],[-3.66989,40.417757],[-3.669884,40.41783],[-3.669962,40.417834],[-3.670022,40.417836],[-3.670031,40.417768],[-3.67004,40.417768],[-3.670045,40.417703],[-3.670041,40.417703],[-3.670047,40.417645],[-3.670033,40.417644],[-3.670032,40.41764],[-3.669956,40.417636],[-3.66996,40.41758],[-3.670035,40.417585],[-3.670038,40.417584],[-3.670041,40.41755],[-3.670045,40.417551],[-3.670049,40.417512]]]},"properties":{"osmId":363233333,"osmType":"way","tags":{"building":"apartments"}}},{"type":"Feature","id":"osm-way-363233334","geometry":{"type":"Polygon","coordinates":[[[-3.670873,40.417877],[-3.670938,40.417879],[-3.671014,40.417884],[-3.67102,40.417811],[-3.671024,40.417754],[-3.67103,40.417683],[-3.671034,40.417635],[-3.67104,40.41756],[-3.670899,40.417552],[-3.670893,40.417624],[-3.670902,40.417625],[-3.670979,40.417628],[-3.670973,40.417686],[-3.670924,40.417683],[-3.670925,40.417669],[-3.67092,40.417669],[-3.670922,40.41764],[-3.670901,40.41764],[-3.670898,40.417683],[-3.670896,40.417683],[-3.670894,40.417687],[-3.67088,40.417685],[-3.670874,40.417746],[-3.67087,40.417803],[-3.67087,40.417809],[-3.670878,40.417809],[-3.670873,40.417877]]]},"properties":{"osmId":363233334,"osmType":"way","tags":{"building":"apartments"}}},{"type":"Feature","id":"osm-way-363233344","geometry":{"type":"Polygon","coordinates":[[[-3.671196,40.417692],[-3.671233,40.417694],[-3.671236,40.417664],[-3.671311,40.417668],[-3.671309,40.417698],[-3.671401,40.417702],[-3.671412,40.41756],[-3.671319,40.417555],[-3.671316,40.417584],[-3.671242,40.41758],[-3.671244,40.417552],[-3.671042,40.417542],[-3.67104,40.41756],[-3.671034,40.417635],[-3.671091,40.417637],[-3.671094,40.417585],[-3.671156,40.417588],[-3.671152,40.41764],[-3.6712,40.417642],[-3.671196,40.417692]]]},"properties":{"osmId":363233344,"osmType":"way","tags":{"building":"apartments","building:levels":"9"}}},{"type":"Feature","id":"osm-way-363233345","geometry":{"type":"Polygon","coordinates":[[[-3.671445,40.417134],[-3.671455,40.416995],[-3.671365,40.416992],[-3.671362,40.41702],[-3.671287,40.417016],[-3.671289,40.416987],[-3.671249,40.416986],[-3.671246,40.417035],[-3.671199,40.417033],[-3.671196,40.417082],[-3.671132,40.41708],[-3.671138,40.417033],[-3.671075,40.417029],[-3.67107,40.417087],[-3.671066,40.417118],[-3.671277,40.417128],[-3.671279,40.4171],[-3.671354,40.417103],[-3.671353,40.41713],[-3.671445,40.417134]]]},"properties":{"osmId":363233345,"osmType":"way","tags":{"building":"apartments","building:levels":"9"}}},{"type":"Feature","id":"osm-way-363233360","geometry":{"type":"Polygon","coordinates":[[[-3.673031,40.417011],[-3.673109,40.417019],[-3.673118,40.416915],[-3.673092,40.416892],[-3.672844,40.416877],[-3.67284,40.416957],[-3.67295,40.416991],[-3.673034,40.416997],[-3.673031,40.417011]]]},"properties":{"osmId":363233360,"osmType":"way","tags":{"building":"apartments"}}},{"type":"Feature","id":"osm-way-363794893","geometry":{"type":"Polygon","coordinates":[[[-3.66186,40.415129],[-3.661842,40.415069],[-3.661775,40.41505],[-3.661721,40.41509],[-3.661737,40.415148],[-3.661805,40.415167],[-3.66186,40.415129]]]},"properties":{"osmId":363794893,"osmType":"way","tags":{"building":"yes"}}},{"type":"Feature","id":"osm-way-374973203","geometry":{"type":"Polygon","coordinates":[[[-3.66909,40.414162],[-3.669159,40.414166],[-3.669158,40.414173],[-3.669228,40.414176],[-3.669229,40.414168],[-3.669234,40.414108],[-3.669337,40.414113],[-3.669331,40.414184],[-3.669344,40.414184],[-3.669337,40.414263],[-3.66922,40.414258],[-3.669222,40.414231],[-3.669188,40.41423],[-3.669154,40.414228],[-3.669152,40.414255],[-3.669082,40.414252],[-3.66909,40.414162]]]},"properties":{"osmId":374973203,"osmType":"way","tags":{"building":"apartments","building:levels":"12"}}},{"type":"Feature","id":"osm-way-374973204","geometry":{"type":"Polygon","coordinates":[[[-3.668795,40.413546],[-3.668984,40.413556],[-3.668977,40.413645],[-3.668788,40.413636],[-3.668795,40.413546]]]},"properties":{"osmId":374973204,"osmType":"way","tags":{"building":"apartments"}}},{"type":"Feature","id":"osm-way-374973205","geometry":{"type":"Polygon","coordinates":[[[-3.668886,40.413942],[-3.669077,40.413951],[-3.66908,40.41386],[-3.668892,40.413852],[-3.668886,40.413942]]]},"properties":{"osmId":374973205,"osmType":"way","tags":{"building":"apartments"}}},{"type":"Feature","id":"osm-way-374973206","geometry":{"type":"Polygon","coordinates":[[[-3.668706,40.414233],[-3.668516,40.414224],[-3.668524,40.414134],[-3.668713,40.414144],[-3.668706,40.414233]]]},"properties":{"osmId":374973206,"osmType":"way","tags":{"building":"apartments","building:levels":"12","addr:street":"Calle de la Moneda","addr:housenumber":"10"}}},{"type":"Feature","id":"osm-way-374973207","geometry":{"type":"Polygon","coordinates":[[[-3.668713,40.414144],[-3.668901,40.414153],[-3.668893,40.414242],[-3.668706,40.414233],[-3.668713,40.414144]]]},"properties":{"osmId":374973207,"osmType":"way","tags":{"building":"apartments","building:levels":"12","addr:street":"Calle de la Moneda","addr:housenumber":"8"}}},{"type":"Feature","id":"osm-way-374973208","geometry":{"type":"Polygon","coordinates":[[[-3.668901,40.414153],[-3.66909,40.414162],[-3.669082,40.414252],[-3.668893,40.414242],[-3.668901,40.414153]]]},"properties":{"osmId":374973208,"osmType":"way","tags":{"building":"apartments","building:levels":"13","addr:street":"Calle de la Moneda","addr:housenumber":"6"}}},{"type":"Feature","id":"osm-way-374973209","geometry":{"type":"Polygon","coordinates":[[[-3.668984,40.413556],[-3.669172,40.413565],[-3.669167,40.413654],[-3.668977,40.413645],[-3.668984,40.413556]]]},"properties":{"osmId":374973209,"osmType":"way","tags":{"building":"apartments"}}},{"type":"Feature","id":"osm-way-374973210","geometry":{"type":"Polygon","coordinates":[[[-3.668545,40.413882],[-3.668534,40.414024],[-3.66865,40.414029],[-3.668658,40.413915],[-3.668699,40.413918],[-3.668702,40.413888],[-3.668545,40.413882]]]},"properties":{"osmId":374973210,"osmType":"way","tags":{"building":"apartments"}}},{"type":"Feature","id":"osm-way-374973211","geometry":{"type":"Polygon","coordinates":[[[-3.668702,40.413888],[-3.668706,40.413859],[-3.668665,40.413858],[-3.668671,40.413743],[-3.668556,40.413738],[-3.668545,40.413882],[-3.668702,40.413888]]]},"properties":{"osmId":374973211,"osmType":"way","tags":{"building":"apartments"}}},{"type":"Feature","id":"osm-way-374973212","geometry":{"type":"Polygon","coordinates":[[[-3.668788,40.413636],[-3.668566,40.413626],[-3.668573,40.413536],[-3.668636,40.413539],[-3.668637,40.41353],[-3.668733,40.413535],[-3.668732,40.413543],[-3.668795,40.413546],[-3.668788,40.413636]]]},"properties":{"osmId":374973212,"osmType":"way","tags":{"building":"apartments"}}},{"type":"Feature","id":"osm-way-379059838","geometry":{"type":"Polygon","coordinates":[[[-3.684991,40.425109],[-3.685016,40.424905],[-3.685025,40.42482],[-3.684808,40.424809],[-3.684671,40.424802],[-3.684665,40.424885],[-3.68466,40.424939],[-3.684652,40.42503],[-3.684648,40.425089],[-3.684991,40.425109]]]},"properties":{"osmId":379059838,"osmType":"way","tags":{"building":"apartments"}}},{"type":"Feature","id":"osm-way-381872712","geometry":{"type":"Polygon","coordinates":[[[-3.668157,40.423717],[-3.668048,40.42371],[-3.668057,40.423615],[-3.667979,40.42361],[-3.66797,40.423708],[-3.667857,40.423702],[-3.667864,40.423627],[-3.667868,40.423579],[-3.667877,40.423486],[-3.668173,40.423502],[-3.668157,40.423717]]]},"properties":{"osmId":381872712,"osmType":"way","tags":{"building":"apartments","addr:street":"Calle Peñascales","addr:housenumber":"2","addr:postcode":"28028"}}},{"type":"Feature","id":"osm-way-381872713","geometry":{"type":"Polygon","coordinates":[[[-3.667605,40.423688],[-3.6675,40.423683],[-3.667508,40.423587],[-3.66743,40.423583],[-3.667421,40.423681],[-3.667308,40.423675],[-3.667314,40.423613],[-3.667317,40.423576],[-3.667325,40.423494],[-3.667328,40.423459],[-3.667624,40.423475],[-3.667616,40.423566],[-3.667611,40.423615],[-3.667605,40.423688]]]},"properties":{"osmId":381872713,"osmType":"way","tags":{"building":"apartments","addr:street":"Calle Peñascales","addr:housenumber":"6","addr:postcode":"28028"}}},{"type":"Feature","id":"osm-way-381872714","geometry":{"type":"Polygon","coordinates":[[[-3.667857,40.423702],[-3.667605,40.423688],[-3.667611,40.423615],[-3.667698,40.423617],[-3.667703,40.423572],[-3.667616,40.423566],[-3.667624,40.423475],[-3.667877,40.423486],[-3.667868,40.423579],[-3.667769,40.423575],[-3.667765,40.423621],[-3.667864,40.423627],[-3.667857,40.423702]]]},"properties":{"osmId":381872714,"osmType":"way","tags":{"building":"apartments","addr:street":"Calle Peñascales","addr:housenumber":"4","addr:postcode":"28028"}}},{"type":"Feature","id":"osm-way-381872715","geometry":{"type":"Polygon","coordinates":[[[-3.667308,40.423675],[-3.666994,40.423658],[-3.667008,40.42356],[-3.667104,40.423571],[-3.667105,40.423594],[-3.667185,40.423601],[-3.66719,40.423574],[-3.66724,40.423579],[-3.667236,40.423609],[-3.667314,40.423613],[-3.667308,40.423675]]]},"properties":{"osmId":381872715,"osmType":"way","tags":{"building":"apartments","addr:street":"Calle Peñascales","addr:housenumber":"8","addr:postcode":"28028"}}},{"type":"Feature","id":"osm-way-381872717","geometry":{"type":"Polygon","coordinates":[[[-3.667447,40.42293],[-3.667915,40.422958],[-3.667909,40.423038],[-3.667878,40.423041],[-3.667866,40.423168],[-3.667905,40.423173],[-3.667901,40.423243],[-3.667368,40.423215],[-3.667358,40.423202],[-3.66738,40.423156],[-3.667419,40.423157],[-3.667429,40.423114],[-3.667392,40.423109],[-3.667447,40.42293]]]},"properties":{"osmId":381872717,"osmType":"way","tags":{"building":"apartments","addr:street":"Calle de Jorge Juan","addr:housenumber":"141","addr:postcode":"28028"}}},{"type":"Feature","id":"osm-way-381872718","geometry":{"type":"Polygon","coordinates":[[[-3.667915,40.422958],[-3.668157,40.422972],[-3.668139,40.423256],[-3.667901,40.423243],[-3.667905,40.423173],[-3.667931,40.423176],[-3.667933,40.423044],[-3.667909,40.423038],[-3.667915,40.422958]]]},"properties":{"osmId":381872718,"osmType":"way","tags":{"building":"apartments","addr:street":"Calle de Jorge Juan","addr:housenumber":"139","addr:postcode":"28028"}}},{"type":"Feature","id":"osm-way-381872719","geometry":{"type":"Polygon","coordinates":[[[-3.666845,40.423513],[-3.666879,40.423319],[-3.666774,40.423309],[-3.666761,40.423389],[-3.66662,40.423378],[-3.666621,40.423371],[-3.666517,40.423362],[-3.666516,40.42337],[-3.6665,40.423482],[-3.666605,40.423491],[-3.666618,40.423403],[-3.666652,40.423406],[-3.66665,40.423419],[-3.666721,40.423425],[-3.666722,40.423413],[-3.666755,40.423416],[-3.666743,40.423504],[-3.666845,40.423513]]]},"properties":{"osmId":381872719,"osmType":"way","tags":{"building":"apartments","addr:street":"Calle Antonio Toledano","addr:housenumber":"25","addr:postcode":"28028"}}},{"type":"Feature","id":"osm-way-381872720","geometry":{"type":"Polygon","coordinates":[[[-3.666743,40.423504],[-3.666651,40.423498],[-3.666618,40.423715],[-3.666741,40.423724],[-3.666812,40.42373],[-3.666845,40.423513],[-3.666743,40.423504]]]},"properties":{"osmId":381872720,"osmType":"way","tags":{"building":"apartments","addr:postcode":"28028"}}},{"type":"Feature","id":"osm-way-381872721","geometry":{"type":"Polygon","coordinates":[[[-3.665857,40.423898],[-3.665804,40.423892],[-3.665797,40.423925],[-3.665535,40.423894],[-3.66556,40.423817],[-3.665561,40.423814],[-3.665673,40.423828],[-3.665675,40.423819],[-3.665653,40.423816],[-3.665656,40.423801],[-3.665678,40.423803],[-3.66568,40.423796],[-3.665747,40.423808],[-3.665741,40.423836],[-3.665869,40.42385],[-3.665857,40.423898]]]},"properties":{"osmId":381872721,"osmType":"way","tags":{"building":"apartments","addr:street":"Calle Antonio Toledano","addr:housenumber":"25","addr:postcode":"28028"}}},{"type":"Feature","id":"osm-way-381872724","geometry":{"type":"Polygon","coordinates":[[[-3.665535,40.423894],[-3.665371,40.42387],[-3.665346,40.423836],[-3.665381,40.423724],[-3.665476,40.423739],[-3.665457,40.4238],[-3.66556,40.423817],[-3.665535,40.423894]]]},"properties":{"osmId":381872724,"osmType":"way","tags":{"building":"apartments","addr:street":"Calle Elvira","addr:housenumber":"2","addr:postcode":"28028"}}},{"type":"Feature","id":"osm-way-381872725","geometry":{"type":"Polygon","coordinates":[[[-3.666599,40.422883],[-3.666527,40.422878],[-3.666494,40.423053],[-3.666558,40.423043],[-3.666571,40.422985],[-3.666658,40.422969],[-3.666675,40.423017],[-3.666764,40.422998],[-3.666792,40.422995],[-3.666897,40.422999],[-3.666899,40.422954],[-3.666908,40.422957],[-3.666911,40.422894],[-3.666599,40.422883]]]},"properties":{"osmId":381872725,"osmType":"way","tags":{"building":"apartments","addr:street":"Calle de Jorge Juan","addr:housenumber":"145","addr:postcode":"28028"}}},{"type":"Feature","id":"osm-way-386264414","geometry":{"type":"Polygon","coordinates":[[[-3.666821,40.425712],[-3.666821,40.425512],[-3.666644,40.425504],[-3.666633,40.425621],[-3.666626,40.425697],[-3.666821,40.425712]]]},"properties":{"osmId":386264414,"osmType":"way","tags":{"building":"apartments","addr:street":"Calle de Hermosilla","addr:housenumber":"153","addr:postcode":"28028"}}},{"type":"Feature","id":"osm-way-386264415","geometry":{"type":"Polygon","coordinates":[[[-3.666644,40.425504],[-3.666496,40.425493],[-3.666487,40.425611],[-3.666633,40.425621],[-3.666644,40.425504]]]},"properties":{"osmId":386264415,"osmType":"way","tags":{"building":"apartments","addr:street":"Calle de Hermosilla","addr:housenumber":"155","addr:postcode":"28028"}}},{"type":"Feature","id":"osm-way-386264416","geometry":{"type":"Polygon","coordinates":[[[-3.666496,40.425493],[-3.666354,40.425486],[-3.666342,40.425646],[-3.666378,40.42565],[-3.666376,40.425676],[-3.666443,40.425682],[-3.666445,40.425655],[-3.666484,40.425656],[-3.666487,40.425611],[-3.666496,40.425493]]]},"properties":{"osmId":386264416,"osmType":"way","tags":{"building":"apartments","addr:street":"Calle de Hermosilla","addr:housenumber":"157","addr:postcode":"28028"}}},{"type":"Feature","id":"osm-way-386264417","geometry":{"type":"Polygon","coordinates":[[[-3.666354,40.425486],[-3.666238,40.42548],[-3.666224,40.425638],[-3.666342,40.425646],[-3.666354,40.425486]]]},"properties":{"osmId":386264417,"osmType":"way","tags":{"building":"apartments","addr:street":"Calle de Hermosilla","addr:housenumber":"159","addr:postcode":"28028"}}},{"type":"Feature","id":"osm-way-386264418","geometry":{"type":"Polygon","coordinates":[[[-3.666238,40.42548],[-3.666145,40.425476],[-3.666139,40.425542],[-3.666174,40.425545],[-3.666168,40.425622],[-3.666131,40.425623],[-3.666128,40.425651],[-3.666218,40.425666],[-3.666238,40.42548]]]},"properties":{"osmId":386264418,"osmType":"way","tags":{"building":"apartments","addr:street":"Calle de Hermosilla","addr:housenumber":"161","addr:postcode":"28028"}}},{"type":"Feature","id":"osm-way-386264419","geometry":{"type":"Polygon","coordinates":[[[-3.666145,40.425476],[-3.666005,40.425469],[-3.665983,40.425628],[-3.666074,40.425643],[-3.666128,40.425651],[-3.666131,40.425623],[-3.666135,40.425581],[-3.666063,40.425569],[-3.666064,40.425544],[-3.666139,40.425546],[-3.666139,40.425542],[-3.666145,40.425476]]]},"properties":{"osmId":386264419,"osmType":"way","tags":{"building":"apartments","addr:street":"Calle de Hermosilla","addr:housenumber":"163","addr:postcode":"28028"}}},{"type":"Feature","id":"osm-way-386264420","geometry":{"type":"Polygon","coordinates":[[[-3.666005,40.425469],[-3.665933,40.425465],[-3.665916,40.425619],[-3.665983,40.425628],[-3.666005,40.425469]]]},"properties":{"osmId":386264420,"osmType":"way","tags":{"building":"apartments","addr:street":"Calle de Hermosilla","addr:housenumber":"165","addr:postcode":"28028"}}},{"type":"Feature","id":"osm-way-386264421","geometry":{"type":"Polygon","coordinates":[[[-3.665916,40.425619],[-3.665781,40.425601],[-3.665796,40.425461],[-3.665933,40.425465],[-3.665916,40.425619]]]},"properties":{"osmId":386264421,"osmType":"way","tags":{"building":"apartments","addr:street":"Calle de Hermosilla","addr:housenumber":"167","addr:postcode":"28028"}}},{"type":"Feature","id":"osm-way-386264422","geometry":{"type":"Polygon","coordinates":[[[-3.665781,40.425601],[-3.66557,40.425563],[-3.665556,40.425452],[-3.665796,40.425461],[-3.665781,40.425601]]]},"properties":{"osmId":386264422,"osmType":"way","tags":{"building":"apartments","addr:street":"Calle de Hermosilla","addr:housenumber":"169","addr:postcode":"28028"}}},{"type":"Feature","id":"osm-way-386264424","geometry":{"type":"Polygon","coordinates":[[[-3.666242,40.426013],[-3.666339,40.425993],[-3.666385,40.425983],[-3.666399,40.42598],[-3.666308,40.425726],[-3.66615,40.425757],[-3.666242,40.426013]]]},"properties":{"osmId":386264424,"osmType":"way","tags":{"building":"yes","addr:postcode":"28028"}}},{"type":"Feature","id":"osm-way-386264428","geometry":{"type":"Polygon","coordinates":[[[-3.666423,40.426062],[-3.666368,40.426046],[-3.666339,40.425993],[-3.666385,40.425983],[-3.666402,40.426019],[-3.66644,40.426029],[-3.666423,40.426062]]]},"properties":{"osmId":386264428,"osmType":"way","tags":{"building":"yes","addr:postcode":"28028"}}},{"type":"Feature","id":"osm-way-386264430","geometry":{"type":"Polygon","coordinates":[[[-3.666087,40.425991],[-3.66614,40.426141],[-3.666129,40.426142],[-3.666131,40.426153],[-3.666103,40.426172],[-3.666088,40.426173],[-3.665901,40.426117],[-3.665933,40.426052],[-3.665941,40.426035],[-3.665965,40.426042],[-3.666003,40.426034],[-3.666002,40.426009],[-3.666087,40.425991]]]},"properties":{"osmId":386264430,"osmType":"way","tags":{"building":"apartments","addr:street":"Paseo del Marqués de Zafra","addr:housenumber":"18","addr:postcode":"28028"}}},{"type":"Feature","id":"osm-way-386264432","geometry":{"type":"Polygon","coordinates":[[[-3.665901,40.426117],[-3.665766,40.426076],[-3.665833,40.425939],[-3.665932,40.425969],[-3.665963,40.425979],[-3.665954,40.425997],[-3.665958,40.425999],[-3.66595,40.426017],[-3.665894,40.426002],[-3.665884,40.426023],[-3.665877,40.426036],[-3.665933,40.426052],[-3.665901,40.426117]]]},"properties":{"osmId":386264432,"osmType":"way","tags":{"building":"apartments","addr:street":"Paseo del Marqués de Zafra","addr:housenumber":"20","addr:postcode":"28028"}}},{"type":"Feature","id":"osm-way-386264434","geometry":{"type":"Polygon","coordinates":[[[-3.666087,40.425991],[-3.666045,40.425876],[-3.666002,40.425885],[-3.665863,40.425842],[-3.665841,40.425884],[-3.665821,40.425935],[-3.665833,40.425939],[-3.665932,40.425969],[-3.665942,40.425952],[-3.665986,40.425965],[-3.666002,40.426009],[-3.666087,40.425991]]]},"properties":{"osmId":386264434,"osmType":"way","tags":{"building":"yes","addr:street":"Calle Florencio Díaz","addr:housenumber":"3","addr:postcode":"28028"}}},{"type":"Feature","id":"osm-way-386264436","geometry":{"type":"Polygon","coordinates":[[[-3.666045,40.425876],[-3.666005,40.425759],[-3.665918,40.425737],[-3.665876,40.425814],[-3.665863,40.425842],[-3.666002,40.425885],[-3.666045,40.425876]]]},"properties":{"osmId":386264436,"osmType":"way","tags":{"building":"yes","addr:street":"Calle Florencio Díaz","addr:housenumber":"5","addr:postcode":"28028"}}},{"type":"Feature","id":"osm-way-386264439","geometry":{"type":"Polygon","coordinates":[[[-3.665918,40.425737],[-3.665763,40.425693],[-3.665722,40.425768],[-3.665876,40.425814],[-3.665918,40.425737]]]},"properties":{"osmId":386264439,"osmType":"way","tags":{"building":"yes","addr:street":"Calle Diego Bahamonde","addr:housenumber":"3","addr:postcode":"28028"}}},{"type":"Feature","id":"osm-way-386264441","geometry":{"type":"Polygon","coordinates":[[[-3.665624,40.425772],[-3.665695,40.425793],[-3.665709,40.425796],[-3.665722,40.425768],[-3.665763,40.425693],[-3.665675,40.425669],[-3.665624,40.425772]]]},"properties":{"osmId":386264441,"osmType":"way","tags":{"building":"yes","addr:street":"Calle Diego Bahamonde","addr:housenumber":"5","addr:postcode":"28028"}}},{"type":"Feature","id":"osm-way-386264443","geometry":{"type":"Polygon","coordinates":[[[-3.665602,40.425765],[-3.665621,40.425901],[-3.665694,40.425898],[-3.665796,40.425928],[-3.66582,40.425878],[-3.665841,40.425884],[-3.665863,40.425842],[-3.665782,40.42582],[-3.665775,40.425837],[-3.665692,40.42582],[-3.665695,40.425793],[-3.665624,40.425772],[-3.665602,40.425765]]]},"properties":{"osmId":386264443,"osmType":"way","tags":{"building":"yes","addr:postcode":"28028"}}},{"type":"Feature","id":"osm-way-386264446","geometry":{"type":"Polygon","coordinates":[[[-3.665621,40.425901],[-3.665645,40.42604],[-3.665766,40.426076],[-3.665833,40.425939],[-3.665821,40.425935],[-3.665796,40.425928],[-3.665694,40.425898],[-3.665621,40.425901]]]},"properties":{"osmId":386264446,"osmType":"way","tags":{"building":"apartments","building:levels":"4","addr:street":"Paseo del Marqués de Zafra","addr:housenumber":"22","addr:postcode":"28028"}}},{"type":"Feature","id":"osm-way-386264448","geometry":{"type":"Polygon","coordinates":[[[-3.664271,40.42536],[-3.66435,40.425456],[-3.664262,40.425498],[-3.664138,40.425425],[-3.664271,40.42536]]]},"properties":{"osmId":386264448,"osmType":"way","tags":{"building":"apartments","addr:postcode":"28028"}}},{"type":"Feature","id":"osm-way-386264450","geometry":{"type":"Polygon","coordinates":[[[-3.66435,40.425456],[-3.664404,40.425523],[-3.664358,40.425549],[-3.664324,40.425531],[-3.664278,40.425506],[-3.664262,40.425498],[-3.66435,40.425456]]]},"properties":{"osmId":386264450,"osmType":"way","tags":{"building":"apartments","addr:postcode":"28028"}}},{"type":"Feature","id":"osm-way-386264453","geometry":{"type":"Polygon","coordinates":[[[-3.664197,40.425612],[-3.664306,40.425647],[-3.664358,40.425549],[-3.664324,40.425531],[-3.664295,40.42556],[-3.66426,40.425547],[-3.664278,40.425506],[-3.664262,40.425498],[-3.664197,40.425612]]]},"properties":{"osmId":386264453,"osmType":"way","tags":{"building":"apartments","addr:street":"Paseo del Marqués de Zafra","addr:housenumber":"32","addr:postcode":"28028"}}},{"type":"Feature","id":"osm-way-386264455","geometry":{"type":"Polygon","coordinates":[[[-3.664404,40.425523],[-3.664488,40.425628],[-3.664451,40.425692],[-3.664306,40.425647],[-3.664358,40.425549],[-3.664404,40.425523]]]},"properties":{"osmId":386264455,"osmType":"way","tags":{"building":"apartments","addr:street":"Paseo del Marqués de Zafra","addr:housenumber":"30","addr:postcode":"28028"}}},{"type":"Feature","id":"osm-way-386264456","geometry":{"type":"Polygon","coordinates":[[[-3.668423,40.425133],[-3.668434,40.425008],[-3.668081,40.424992],[-3.668069,40.425114],[-3.6682,40.425121],[-3.668199,40.425092],[-3.66829,40.425095],[-3.668292,40.425126],[-3.668423,40.425133]]]},"properties":{"osmId":386264456,"osmType":"way","tags":{"building":"yes","addr:street":"Calle del Doctor Esquerdo","addr:housenumber":"31","addr:postcode":"28028"}}},{"type":"Feature","id":"osm-way-386264459","geometry":{"type":"Polygon","coordinates":[[[-3.668423,40.425133],[-3.668403,40.42537],[-3.668303,40.425355],[-3.668275,40.425351],[-3.668277,40.425283],[-3.668189,40.425279],[-3.668183,40.425338],[-3.668171,40.425337],[-3.66813,40.425331],[-3.668052,40.42532],[-3.668069,40.425114],[-3.6682,40.425121],[-3.668194,40.425185],[-3.668287,40.42519],[-3.668292,40.425126],[-3.668423,40.425133]]]},"properties":{"osmId":386264459,"osmType":"way","tags":{"building":"yes"}}},{"type":"Feature","id":"osm-way-386264460","geometry":{"type":"Polygon","coordinates":[[[-3.668403,40.42537],[-3.668396,40.425477],[-3.668359,40.425501],[-3.668033,40.425487],[-3.668048,40.425349],[-3.668052,40.42532],[-3.66813,40.425331],[-3.668128,40.42536],[-3.668169,40.425366],[-3.668171,40.425337],[-3.668183,40.425338],[-3.66826,40.42535],[-3.668255,40.425381],[-3.668301,40.425385],[-3.668303,40.425355],[-3.668403,40.42537]]]},"properties":{"osmId":386264460,"osmType":"way","tags":{"building":"yes"}}},{"type":"Feature","id":"osm-way-386264462","geometry":{"type":"Polygon","coordinates":[[[-3.668033,40.425487],[-3.667664,40.425471],[-3.66767,40.425384],[-3.667674,40.425331],[-3.66768,40.425247],[-3.667766,40.425271],[-3.668048,40.425349],[-3.668033,40.425487]]]},"properties":{"osmId":386264462,"osmType":"way","tags":{"building":"yes","addr:street":"Calle de Hermosilla","addr:housenumber":"126","addr:postcode":"28028"}}},{"type":"Feature","id":"osm-way-386265166","geometry":{"type":"Polygon","coordinates":[[[-3.666527,40.422878],[-3.666422,40.422878],[-3.6664,40.423037],[-3.666442,40.423041],[-3.666438,40.423068],[-3.666494,40.423053],[-3.666527,40.422878]]]},"properties":{"osmId":386265166,"osmType":"way","tags":{"building":"apartments","addr:street":"Calle de Jorge Juan","addr:housenumber":"147","addr:postcode":"28028"}}},{"type":"Feature","id":"osm-way-386265167","geometry":{"type":"Polygon","coordinates":[[[-3.666422,40.422878],[-3.666287,40.422866],[-3.666269,40.423028],[-3.666291,40.423029],[-3.666289,40.423044],[-3.666354,40.423048],[-3.66635,40.423085],[-3.666395,40.423076],[-3.6664,40.423037],[-3.666422,40.422878]]]},"properties":{"osmId":386265167,"osmType":"way","tags":{"building":"yes","addr:street":"Calle de Jorge Juan","addr:housenumber":"149","addr:postcode":"28028"}}},{"type":"Feature","id":"osm-way-386265284","geometry":{"type":"Polygon","coordinates":[[[-3.664009,40.422725],[-3.664006,40.422756],[-3.664014,40.422819],[-3.66403,40.422897],[-3.664547,40.42293],[-3.664539,40.423003],[-3.664741,40.423014],[-3.664748,40.422942],[-3.664814,40.422947],[-3.66482,40.422866],[-3.665198,40.422888],[-3.665229,40.422904],[-3.665267,40.423089],[-3.665289,40.423215],[-3.664071,40.423105],[-3.664057,40.423152],[-3.664142,40.42316],[-3.664233,40.423169],[-3.664411,40.423186],[-3.664491,40.423193],[-3.664656,40.423208],[-3.66486,40.423228],[-3.664941,40.423235],[-3.665017,40.423242],[-3.665275,40.423266],[-3.665408,40.423279],[-3.66538,40.423076],[-3.665334,40.422829],[-3.665303,40.422804],[-3.664009,40.422725]]]},"properties":{"osmId":386265284,"osmType":"way","tags":{"building":"yes","addr:postcode":"28028"}}},{"type":"Feature","id":"osm-way-387030306","geometry":{"type":"Polygon","coordinates":[[[-3.686289,40.42364],[-3.686375,40.423073],[-3.686156,40.423046],[-3.686079,40.423624],[-3.686289,40.42364]]]},"properties":{"osmId":387030306,"osmType":"way","tags":{"building":"yes"}}},{"type":"Feature","id":"osm-way-387030307","geometry":{"type":"Polygon","coordinates":[[[-3.685874,40.42379],[-3.685965,40.423797],[-3.686074,40.423036],[-3.685979,40.423025],[-3.685972,40.423078],[-3.685954,40.423201],[-3.685947,40.423261],[-3.685937,40.423312],[-3.68591,40.423517],[-3.685874,40.42379]]]},"properties":{"osmId":387030307,"osmType":"way","tags":{"building":"yes"}}},{"type":"Feature","id":"osm-way-391512674","geometry":{"type":"Polygon","coordinates":[[[-3.666378,40.412787],[-3.666478,40.412718],[-3.666617,40.412834],[-3.666624,40.41283],[-3.666682,40.412879],[-3.666538,40.412978],[-3.666516,40.41296],[-3.666497,40.412944],[-3.666535,40.412918],[-3.666378,40.412787]]]},"properties":{"osmId":391512674,"osmType":"way","tags":{"building":"yes"}}},{"type":"Feature","id":"osm-way-393183006","geometry":{"type":"Polygon","coordinates":[[[-3.676545,40.420166],[-3.676588,40.420168],[-3.676577,40.420324],[-3.676466,40.420318],[-3.676373,40.420314],[-3.67638,40.420218],[-3.67643,40.42022],[-3.676428,40.420211],[-3.67654,40.420217],[-3.676545,40.420166]]]},"properties":{"osmId":393183006,"osmType":"way","tags":{"building":"apartments"}}},{"type":"Feature","id":"osm-way-394889272","geometry":{"type":"Polygon","coordinates":[[[-3.675324,40.414621],[-3.67538,40.414608],[-3.675402,40.414667],[-3.675463,40.414654],[-3.675369,40.414395],[-3.675287,40.414161],[-3.675232,40.414005],[-3.675171,40.414017],[-3.675179,40.414043],[-3.675123,40.414054],[-3.675324,40.414621]]]},"properties":{"osmId":394889272,"osmType":"way","tags":{"building":"hospital"}}},{"type":"Feature","id":"osm-way-395462168","geometry":{"type":"Polygon","coordinates":[[[-3.667474,40.424698],[-3.667321,40.424695],[-3.667329,40.424781],[-3.667388,40.424782],[-3.667387,40.424827],[-3.667332,40.424826],[-3.667339,40.424906],[-3.667555,40.42491],[-3.667518,40.424812],[-3.667456,40.424829],[-3.667457,40.424784],[-3.667508,40.424786],[-3.667474,40.424698]]]},"properties":{"osmId":395462168,"osmType":"way","tags":{"building":"apartments","addr:street":"Calle Fundadores","addr:housenumber":"11","addr:postcode":"28028"}}},{"type":"Feature","id":"osm-way-395462169","geometry":{"type":"Polygon","coordinates":[[[-3.667321,40.424695],[-3.667178,40.42469],[-3.667184,40.424756],[-3.667188,40.4248],[-3.667194,40.424877],[-3.667199,40.424936],[-3.667342,40.424934],[-3.667339,40.424906],[-3.667332,40.424826],[-3.667329,40.424781],[-3.667321,40.424695]]]},"properties":{"osmId":395462169,"osmType":"way","tags":{"building":"apartments","addr:street":"Calle Fundadores","addr:housenumber":"13","addr:postcode":"28028"}}},{"type":"Feature","id":"osm-way-395462170","geometry":{"type":"Polygon","coordinates":[[[-3.667178,40.42469],[-3.667033,40.424687],[-3.667031,40.424721],[-3.667031,40.424754],[-3.667073,40.424755],[-3.667073,40.424785],[-3.66703,40.424784],[-3.66703,40.424806],[-3.667027,40.424871],[-3.667069,40.424872],[-3.667076,40.424845],[-3.667135,40.424849],[-3.667141,40.424874],[-3.667194,40.424877],[-3.667188,40.4248],[-3.667146,40.4248],[-3.667148,40.424756],[-3.667184,40.424756],[-3.667178,40.42469]]]},"properties":{"osmId":395462170,"osmType":"way","tags":{"building":"apartments","addr:street":"Calle Fundadores","addr:housenumber":"15","addr:postcode":"28028"}}},{"type":"Feature","id":"osm-way-395469972","geometry":{"type":"Polygon","coordinates":[[[-3.667033,40.424687],[-3.666846,40.424682],[-3.666863,40.424867],[-3.666949,40.424869],[-3.666949,40.42484],[-3.66699,40.424841],[-3.666988,40.42487],[-3.667027,40.424871],[-3.66703,40.424806],[-3.667008,40.424805],[-3.66701,40.424721],[-3.667031,40.424721],[-3.667033,40.424687]]]},"properties":{"osmId":395469972,"osmType":"way","tags":{"building":"apartments","addr:street":"Calle Antonio Toledano","addr:housenumber":"26","addr:postcode":"28028"}}},{"type":"Feature","id":"osm-way-395470216","geometry":{"type":"Polygon","coordinates":[[[-3.667664,40.425471],[-3.667387,40.425454],[-3.667376,40.42537],[-3.667416,40.425371],[-3.667418,40.425314],[-3.667372,40.425312],[-3.667367,40.425221],[-3.66768,40.425247],[-3.667674,40.425331],[-3.667631,40.425329],[-3.667623,40.425384],[-3.66767,40.425384],[-3.667664,40.425471]]]},"properties":{"osmId":395470216,"osmType":"way","tags":{"building":"apartments","addr:street":"Calle de Hermosilla","addr:housenumber":"128","addr:postcode":"28028"}}},{"type":"Feature","id":"osm-way-395470217","geometry":{"type":"Polygon","coordinates":[[[-3.666863,40.424867],[-3.66688,40.424984],[-3.667175,40.42497],[-3.667174,40.424944],[-3.667199,40.424936],[-3.667194,40.424877],[-3.667141,40.424874],[-3.667069,40.424872],[-3.667027,40.424871],[-3.666988,40.42487],[-3.666949,40.424869],[-3.666863,40.424867]]]},"properties":{"osmId":395470217,"osmType":"way","tags":{"building":"apartments","addr:street":"Calle Antonio Toledano","addr:housenumber":"24","addr:postcode":"28028"}}},{"type":"Feature","id":"osm-way-395470973","geometry":{"type":"Polygon","coordinates":[[[-3.668444,40.42495],[-3.668444,40.424943],[-3.66846,40.424745],[-3.668436,40.424724],[-3.668296,40.424721],[-3.668289,40.424804],[-3.668332,40.424805],[-3.668328,40.424859],[-3.668285,40.424856],[-3.668278,40.424942],[-3.668444,40.42495]]]},"properties":{"osmId":395470973,"osmType":"way","tags":{"building":"apartments"}}},{"type":"Feature","id":"osm-way-395470974","geometry":{"type":"Polygon","coordinates":[[[-3.668296,40.424721],[-3.668139,40.424717],[-3.668133,40.424797],[-3.668126,40.424873],[-3.668121,40.424934],[-3.668278,40.424942],[-3.668285,40.424856],[-3.668248,40.424852],[-3.668252,40.424811],[-3.668288,40.424813],[-3.668289,40.424804],[-3.668296,40.424721]]]},"properties":{"osmId":395470974,"osmType":"way","tags":{"building":"apartments","addr:street":"Calle Fundadores","addr:housenumber":"3","addr:postcode":"28028"}}},{"type":"Feature","id":"osm-way-395470975","geometry":{"type":"Polygon","coordinates":[[[-3.668139,40.424717],[-3.667845,40.424708],[-3.667837,40.424707],[-3.667832,40.424784],[-3.667872,40.424786],[-3.667867,40.424859],[-3.667825,40.424857],[-3.667821,40.424921],[-3.668121,40.424934],[-3.668126,40.424873],[-3.668081,40.424871],[-3.668087,40.424795],[-3.668133,40.424797],[-3.668139,40.424717]]]},"properties":{"osmId":395470975,"osmType":"way","tags":{"building":"apartments","addr:street":"Calle Fundadores","addr:housenumber":"5","addr:postcode":"28028"}}},{"type":"Feature","id":"osm-way-395470976","geometry":{"type":"Polygon","coordinates":[[[-3.667837,40.424707],[-3.667744,40.424706],[-3.667713,40.424705],[-3.667681,40.424704],[-3.66768,40.424723],[-3.667673,40.424794],[-3.667716,40.424795],[-3.667712,40.424827],[-3.66767,40.424826],[-3.667666,40.424876],[-3.667663,40.424914],[-3.667675,40.424914],[-3.66782,40.424921],[-3.667821,40.424921],[-3.667825,40.424857],[-3.667827,40.424832],[-3.667761,40.42483],[-3.667764,40.424797],[-3.667831,40.424798],[-3.667832,40.424784],[-3.667837,40.424707]]]},"properties":{"osmId":395470976,"osmType":"way","tags":{"building":"apartments","addr:street":"Calle Fundadores","addr:housenumber":"7","addr:postcode":"28028"}}},{"type":"Feature","id":"osm-way-395478280","geometry":{"type":"Polygon","coordinates":[[[-3.668081,40.424992],[-3.667812,40.424978],[-3.667773,40.425231],[-3.667766,40.425271],[-3.668048,40.425349],[-3.668052,40.42532],[-3.668069,40.425114],[-3.668081,40.424992]]]},"properties":{"osmId":395478280,"osmType":"way","tags":{"building":"industrial"}}},{"type":"Feature","id":"osm-way-395478281","geometry":{"type":"Polygon","coordinates":[[[-3.667812,40.424978],[-3.66782,40.424921],[-3.667675,40.424914],[-3.667663,40.424914],[-3.667635,40.424919],[-3.667634,40.424875],[-3.66767,40.424808],[-3.667616,40.424835],[-3.667582,40.424836],[-3.667579,40.424812],[-3.667555,40.42491],[-3.667676,40.425238],[-3.667773,40.425231],[-3.667812,40.424978]]]},"properties":{"osmId":395478281,"osmType":"way","tags":{"building":"industrial"}}},{"type":"Feature","id":"osm-way-395478282","geometry":{"type":"Polygon","coordinates":[[[-3.667387,40.425454],[-3.667244,40.425447],[-3.667227,40.425314],[-3.667223,40.425257],[-3.667221,40.425183],[-3.667218,40.425155],[-3.667213,40.425117],[-3.66736,40.425112],[-3.667367,40.425221],[-3.667372,40.425312],[-3.667376,40.42537],[-3.667387,40.425454]]]},"properties":{"osmId":395478282,"osmType":"way","tags":{"building":"apartments","addr:street":"Calle de Hermosilla","addr:housenumber":"130","addr:postcode":"28028"}}},{"type":"Feature","id":"osm-way-395478283","geometry":{"type":"Polygon","coordinates":[[[-3.667244,40.425447],[-3.667085,40.425439],[-3.667068,40.42531],[-3.667065,40.425265],[-3.667062,40.42523],[-3.667059,40.425192],[-3.667221,40.425183],[-3.667223,40.425257],[-3.667199,40.425258],[-3.667204,40.425315],[-3.667227,40.425314],[-3.667244,40.425447]]]},"properties":{"osmId":395478283,"osmType":"way","tags":{"building":"apartments","addr:street":"Calle de Hermosilla","addr:housenumber":"132","addr:postcode":"28028"}}},{"type":"Feature","id":"osm-way-395478284","geometry":{"type":"Polygon","coordinates":[[[-3.667085,40.425439],[-3.666921,40.425431],[-3.666911,40.425317],[-3.666963,40.425314],[-3.666966,40.425362],[-3.667016,40.425362],[-3.667013,40.425312],[-3.667068,40.42531],[-3.667085,40.425439]]]},"properties":{"osmId":395478284,"osmType":"way","tags":{"building":"apartments","addr:street":"Calle de Hermosilla","addr:housenumber":"134","addr:postcode":"28028"}}},{"type":"Feature","id":"osm-way-395478285","geometry":{"type":"Polygon","coordinates":[[[-3.666911,40.425317],[-3.6669,40.425202],[-3.667059,40.425192],[-3.667062,40.42523],[-3.666988,40.425234],[-3.666991,40.425269],[-3.667065,40.425265],[-3.667068,40.42531],[-3.667013,40.425312],[-3.666963,40.425314],[-3.666911,40.425317]]]},"properties":{"osmId":395478285,"osmType":"way","tags":{"building":"apartments","addr:street":"Calle Antonio Toledano","addr:housenumber":"18","addr:postcode":"28028"}}},{"type":"Feature","id":"osm-way-395478286","geometry":{"type":"Polygon","coordinates":[[[-3.6669,40.425202],[-3.66689,40.425089],[-3.667211,40.425073],[-3.667217,40.425111],[-3.667191,40.425112],[-3.667196,40.425156],[-3.667218,40.425155],[-3.667221,40.425183],[-3.667059,40.425192],[-3.6669,40.425202]]]},"properties":{"osmId":395478286,"osmType":"way","tags":{"building":"apartments","addr:street":"Calle Antonio Toledano","addr:housenumber":"20","addr:postcode":"28028"}}},{"type":"Feature","id":"osm-way-395478287","geometry":{"type":"Polygon","coordinates":[[[-3.66689,40.425089],[-3.66688,40.424984],[-3.667175,40.42497],[-3.667195,40.424969],[-3.667197,40.424992],[-3.667165,40.424993],[-3.667171,40.425058],[-3.66721,40.425056],[-3.667211,40.425073],[-3.66689,40.425089]]]},"properties":{"osmId":395478287,"osmType":"way","tags":{"building":"apartments","addr:street":"Calle Antonio Toledano","addr:housenumber":"22","addr:postcode":"28028"}}},{"type":"Feature","id":"osm-way-397012070","geometry":{"type":"Polygon","coordinates":[[[-3.664598,40.425364],[-3.664673,40.425383],[-3.664635,40.425473],[-3.664587,40.425461],[-3.664585,40.425471],[-3.664619,40.425511],[-3.664628,40.425524],[-3.664558,40.42556],[-3.664501,40.425493],[-3.664554,40.425471],[-3.664564,40.425446],[-3.664576,40.425418],[-3.664598,40.425364]]]},"properties":{"osmId":397012070,"osmType":"way","tags":{"building":"apartments","addr:street":"Calle de Rufino Blanco","addr:housenumber":"36","addr:postcode":"28028"}}},{"type":"Feature","id":"osm-way-397012071","geometry":{"type":"Polygon","coordinates":[[[-3.664558,40.42556],[-3.664731,40.425768],[-3.665094,40.425876],[-3.665141,40.425783],[-3.665083,40.425766],[-3.665111,40.425711],[-3.66517,40.425726],[-3.665205,40.425656],[-3.665035,40.425615],[-3.664964,40.425598],[-3.664905,40.425584],[-3.664809,40.425561],[-3.664779,40.425553],[-3.664757,40.425598],[-3.664687,40.425578],[-3.664709,40.425533],[-3.664642,40.425517],[-3.664628,40.425524],[-3.664558,40.42556]]]},"properties":{"osmId":397012071,"osmType":"way","tags":{"building":"apartments","addr:street":"Paseo del Marqués de Zafra","addr:housenumber":"28","addr:postcode":"28028"}}},{"type":"Feature","id":"osm-way-397012072","geometry":{"type":"Polygon","coordinates":[[[-3.665094,40.425876],[-3.665225,40.425915],[-3.665287,40.4258],[-3.665344,40.425691],[-3.66531,40.425682],[-3.665231,40.425664],[-3.665205,40.425656],[-3.66517,40.425726],[-3.665141,40.425783],[-3.665094,40.425876]]]},"properties":{"osmId":397012072,"osmType":"way","tags":{"building":"apartments","addr:street":"Paseo del Marqués de Zafra","addr:housenumber":"26","addr:postcode":"28028"}}},{"type":"Feature","id":"osm-way-397012073","geometry":{"type":"Polygon","coordinates":[[[-3.665225,40.425915],[-3.665516,40.426],[-3.665534,40.425989],[-3.665515,40.425866],[-3.665436,40.425843],[-3.665429,40.42586],[-3.66533,40.425832],[-3.665338,40.425815],[-3.665287,40.4258],[-3.665225,40.425915]]]},"properties":{"osmId":397012073,"osmType":"way","tags":{"building":"apartments","addr:street":"Paseo del Marqués de Zafra","addr:housenumber":"24","addr:postcode":"28028"}}},{"type":"Feature","id":"osm-way-397012074","geometry":{"type":"Polygon","coordinates":[[[-3.665515,40.425866],[-3.665491,40.425728],[-3.665361,40.425695],[-3.665344,40.425691],[-3.665287,40.4258],[-3.665338,40.425815],[-3.665436,40.425843],[-3.665515,40.425866]]]},"properties":{"osmId":397012074,"osmType":"way","tags":{"building":"apartments","addr:street":"Calle Lanuza","addr:housenumber":"3","addr:postcode":"28028"}}},{"type":"Feature","id":"osm-way-397012075","geometry":{"type":"Polygon","coordinates":[[[-3.665491,40.425728],[-3.665469,40.425581],[-3.665367,40.425556],[-3.665325,40.425651],[-3.665378,40.425657],[-3.665361,40.425695],[-3.665491,40.425728]]]},"properties":{"osmId":397012075,"osmType":"way","tags":{"building":"apartments","addr:street":"Calle Diego Bahamonde","addr:housenumber":"9","addr:postcode":"28028"}}},{"type":"Feature","id":"osm-way-397012076","geometry":{"type":"Polygon","coordinates":[[[-3.665367,40.425556],[-3.66529,40.425538],[-3.665231,40.425664],[-3.66531,40.425682],[-3.665325,40.425651],[-3.665367,40.425556]]]},"properties":{"osmId":397012076,"osmType":"way","tags":{"building":"apartments","addr:street":"Calle Diego Bahamonde","addr:housenumber":"11","addr:postcode":"28028"}}},{"type":"Feature","id":"osm-way-397012077","geometry":{"type":"Polygon","coordinates":[[[-3.66529,40.425538],[-3.665018,40.425474],[-3.66498,40.425561],[-3.665051,40.425579],[-3.665035,40.425615],[-3.665205,40.425656],[-3.665231,40.425664],[-3.66529,40.425538]]]},"properties":{"osmId":397012077,"osmType":"way","tags":{"building":"apartments","addr:street":"Calle Diego Bahamonde","addr:housenumber":"15","addr:postcode":"28028"}}},{"type":"Feature","id":"osm-way-397012078","geometry":{"type":"Polygon","coordinates":[[[-3.664673,40.425383],[-3.664763,40.425406],[-3.664733,40.425476],[-3.664693,40.425466],[-3.664683,40.425493],[-3.664721,40.425504],[-3.664709,40.425533],[-3.664642,40.425517],[-3.664619,40.425511],[-3.664635,40.425473],[-3.664673,40.425383]]]},"properties":{"osmId":397012078,"osmType":"way","tags":{"building":"apartments","addr:street":"Calle Diego Bahamonde","addr:housenumber":"25","addr:postcode":"28028"}}},{"type":"Feature","id":"osm-way-397012079","geometry":{"type":"Polygon","coordinates":[[[-3.664763,40.425406],[-3.664861,40.425432],[-3.664809,40.425561],[-3.664779,40.425553],[-3.664709,40.425533],[-3.664721,40.425504],[-3.664733,40.425476],[-3.664763,40.425406]]]},"properties":{"osmId":397012079,"osmType":"way","tags":{"building":"apartments","addr:street":"Calle Diego Bahamonde","addr:housenumber":"23","addr:postcode":"28028"}}},{"type":"Feature","id":"osm-way-397012080","geometry":{"type":"Polygon","coordinates":[[[-3.664861,40.425432],[-3.664959,40.425457],[-3.664905,40.425584],[-3.664809,40.425561],[-3.664861,40.425432]]]},"properties":{"osmId":397012080,"osmType":"way","tags":{"building":"apartments","addr:street":"Calle Diego Bahamonde","addr:housenumber":"21","addr:postcode":"28028"}}},{"type":"Feature","id":"osm-way-397012081","geometry":{"type":"Polygon","coordinates":[[[-3.664959,40.425457],[-3.665018,40.425474],[-3.66498,40.425561],[-3.664964,40.425598],[-3.664905,40.425584],[-3.664959,40.425457]]]},"properties":{"osmId":397012081,"osmType":"way","tags":{"building":"apartments","addr:street":"Calle Diego Bahamonde","addr:housenumber":"19","addr:postcode":"28028"}}},{"type":"Feature","id":"osm-way-397980202","geometry":{"type":"Polygon","coordinates":[[[-3.667617,40.425803],[-3.667617,40.426056],[-3.667519,40.426056],[-3.667475,40.426056],[-3.66738,40.426056],[-3.667267,40.426056],[-3.667262,40.425789],[-3.667408,40.425795],[-3.66746,40.425797],[-3.667463,40.425834],[-3.667509,40.425834],[-3.667506,40.425799],[-3.667617,40.425803]]]},"properties":{"osmId":397980202,"osmType":"way","tags":{"building":"yes","addr:street":"Calle de Benito de Castro","addr:housenumber":"9","addr:postcode":"28028"}}},{"type":"Feature","id":"osm-way-397980205","geometry":{"type":"Polygon","coordinates":[[[-3.667617,40.425803],[-3.667617,40.425696],[-3.667517,40.42569],[-3.667461,40.425687],[-3.667416,40.425684],[-3.667413,40.425684],[-3.66741,40.425779],[-3.667408,40.425795],[-3.66746,40.425797],[-3.667506,40.425799],[-3.667617,40.425803]]]},"properties":{"osmId":397980205,"osmType":"way","tags":{"building":"yes","addr:street":"Calle de Benito de Castro","addr:housenumber":"11","addr:postcode":"28028"}}},{"type":"Feature","id":"osm-way-397980208","geometry":{"type":"Polygon","coordinates":[[[-3.667617,40.425696],[-3.667618,40.42555],[-3.667427,40.42554],[-3.667425,40.425596],[-3.66748,40.425597],[-3.667475,40.425619],[-3.667419,40.425615],[-3.667419,40.425624],[-3.667417,40.425657],[-3.667417,40.425671],[-3.667416,40.425684],[-3.667461,40.425687],[-3.667461,40.425672],[-3.667519,40.425673],[-3.667517,40.42569],[-3.667617,40.425696]]]},"properties":{"osmId":397980208,"osmType":"way","tags":{"building":"yes","addr:street":"Calle de Hermosilla","addr:housenumber":"145","addr:postcode":"28028"}}},{"type":"Feature","id":"osm-way-397980212","geometry":{"type":"Polygon","coordinates":[[[-3.667427,40.42554],[-3.667275,40.425533],[-3.667271,40.425595],[-3.667293,40.425597],[-3.667291,40.425614],[-3.667268,40.425614],[-3.667266,40.425644],[-3.667329,40.425647],[-3.667327,40.425651],[-3.667327,40.425667],[-3.66726,40.425664],[-3.667254,40.425771],[-3.66741,40.425779],[-3.667413,40.425684],[-3.667416,40.425684],[-3.667417,40.425671],[-3.667361,40.425669],[-3.667362,40.425655],[-3.667417,40.425657],[-3.667419,40.425624],[-3.667393,40.425623],[-3.667394,40.425605],[-3.667425,40.425606],[-3.667425,40.425596],[-3.667427,40.42554]]]},"properties":{"osmId":397980212,"osmType":"way","tags":{"building":"yes","addr:street":"Calle de Hermosilla","addr:housenumber":"147","addr:postcode":"28028"}}},{"type":"Feature","id":"osm-way-397980215","geometry":{"type":"Polygon","coordinates":[[[-3.667275,40.425533],[-3.667122,40.425526],[-3.667117,40.425595],[-3.667156,40.425595],[-3.667156,40.42561],[-3.667115,40.425606],[-3.667114,40.425642],[-3.667166,40.425644],[-3.667167,40.425657],[-3.667115,40.425655],[-3.667108,40.425715],[-3.667099,40.42578],[-3.667151,40.42578],[-3.667153,40.425766],[-3.667197,40.425769],[-3.667192,40.425783],[-3.667252,40.425787],[-3.667254,40.425771],[-3.66726,40.425664],[-3.667194,40.425661],[-3.667195,40.425646],[-3.6672,40.425641],[-3.667266,40.425644],[-3.667268,40.425614],[-3.667221,40.425611],[-3.667224,40.425594],[-3.667271,40.425595],[-3.667275,40.425533]]]},"properties":{"osmId":397980215,"osmType":"way","tags":{"building":"yes","addr:street":"Calle de Hermosilla","addr:housenumber":"149","addr:postcode":"28028"}}},{"type":"Feature","id":"osm-way-397980219","geometry":{"type":"Polygon","coordinates":[[[-3.667122,40.425526],[-3.666994,40.42552],[-3.666966,40.425538],[-3.666959,40.425706],[-3.667108,40.425715],[-3.667115,40.425655],[-3.667114,40.425642],[-3.667115,40.425606],[-3.667117,40.425595],[-3.667122,40.425526]]]},"properties":{"osmId":397980219,"osmType":"way","tags":{"building":"yes","addr:street":"Calle de Hermosilla","addr:housenumber":"151","addr:postcode":"28028"}}},{"type":"Feature","id":"osm-way-397980714","geometry":{"type":"Polygon","coordinates":[[[-3.667189,40.425784],[-3.667201,40.425791],[-3.6672,40.425925],[-3.667164,40.425924],[-3.667095,40.425922],[-3.667097,40.425889],[-3.667052,40.425889],[-3.667051,40.425923],[-3.666961,40.425919],[-3.666962,40.425771],[-3.667099,40.42578],[-3.667189,40.425784]]]},"properties":{"osmId":397980714,"osmType":"way","tags":{"building":"yes","addr:street":"Calle Antonio Toledano","addr:housenumber":"8","addr:postcode":"28028"}}},{"type":"Feature","id":"osm-way-397980715","geometry":{"type":"Polygon","coordinates":[[[-3.666961,40.425919],[-3.666958,40.426085],[-3.667104,40.426128],[-3.667144,40.426138],[-3.66717,40.426092],[-3.667079,40.426066],[-3.667083,40.425969],[-3.667163,40.42597],[-3.667164,40.425924],[-3.667095,40.425922],[-3.667051,40.425923],[-3.666961,40.425919]]]},"properties":{"osmId":397980715,"osmType":"way","tags":{"building":"apartments","addr:street":"Calle Antonio Toledano","addr:housenumber":"6","addr:postcode":"28028"}}},{"type":"Feature","id":"osm-way-401116825","geometry":{"type":"Polygon","coordinates":[[[-3.664769,40.424912],[-3.664793,40.424845],[-3.664891,40.424865],[-3.664882,40.424889],[-3.664913,40.424896],[-3.664898,40.424939],[-3.664868,40.424932],[-3.664769,40.424912]]]},"properties":{"osmId":401116825,"osmType":"way","tags":{"building":"apartments","addr:street":"Calle Doctor Oloriz","addr:housenumber":"6","addr:postcode":"28028"}}},{"type":"Feature","id":"osm-way-401116826","geometry":{"type":"Polygon","coordinates":[[[-3.664648,40.425298],[-3.664741,40.425319],[-3.66477,40.425244],[-3.664675,40.425223],[-3.664648,40.425298]]]},"properties":{"osmId":401116826,"osmType":"way","tags":{"building":"yes","addr:street":"Calle Dolores Romero","addr:housenumber":"1","addr:postcode":"28028"}}},{"type":"Feature","id":"osm-way-401130801","geometry":{"type":"Polygon","coordinates":[[[-3.667142,40.422837],[-3.667155,40.422634],[-3.66708,40.422631],[-3.667067,40.422835],[-3.667142,40.422837]]]},"properties":{"osmId":401130801,"osmType":"way","tags":{"building":"yes","addr:postcode":"28028"}}},{"type":"Feature","id":"osm-way-401130815","geometry":{"type":"Polygon","coordinates":[[[-3.668699,40.421914],[-3.668704,40.421813],[-3.668583,40.421807],[-3.668581,40.421896],[-3.668699,40.421914]]]},"properties":{"osmId":401130815,"osmType":"way","tags":{"building":"yes","addr:street":"Calle del Doctor Esquerdo","addr:housenumber":"51","addr:postcode":"28028"}}},{"type":"Feature","id":"osm-way-401134515","geometry":{"type":"Polygon","coordinates":[[[-3.668667,40.422291],[-3.668663,40.422341],[-3.668611,40.422339],[-3.668615,40.422289],[-3.668667,40.422291]]]},"properties":{"osmId":401134515,"osmType":"way","tags":{"building":"school"}}},{"type":"Feature","id":"osm-way-401134516","geometry":{"type":"Polygon","coordinates":[[[-3.668653,40.422455],[-3.668657,40.422409],[-3.668607,40.422407],[-3.668603,40.422453],[-3.668653,40.422455]]]},"properties":{"osmId":401134516,"osmType":"way","tags":{"building":"yes"}}},{"type":"Feature","id":"osm-way-423299179","geometry":{"type":"Polygon","coordinates":[[[-3.665163,40.415439],[-3.664977,40.415426],[-3.664993,40.4153],[-3.665175,40.415314],[-3.665163,40.415439]]]},"properties":{"osmId":423299179,"osmType":"way","tags":{"building":"yes"}}},{"type":"Feature","id":"osm-way-424015843","geometry":{"type":"Polygon","coordinates":[[[-3.664029,40.42325],[-3.664117,40.423264],[-3.664137,40.423178],[-3.664053,40.423164],[-3.664029,40.42325]]]},"properties":{"osmId":424015843,"osmType":"way","tags":{"building":"yes","addr:street":"Calle José Celestino Mutis","addr:housenumber":"28","addr:postcode":"28028"}}},{"type":"Feature","id":"osm-way-424015844","geometry":{"type":"Polygon","coordinates":[[[-3.664117,40.423264],[-3.664206,40.423278],[-3.664229,40.423185],[-3.664233,40.423169],[-3.664142,40.42316],[-3.664137,40.423178],[-3.664117,40.423264]]]},"properties":{"osmId":424015844,"osmType":"way","tags":{"building":"yes","addr:postcode":"28028"}}},{"type":"Feature","id":"osm-way-424015845","geometry":{"type":"Polygon","coordinates":[[[-3.664206,40.423278],[-3.664381,40.423308],[-3.664405,40.423206],[-3.664229,40.423185],[-3.664206,40.423278]]]},"properties":{"osmId":424015845,"osmType":"way","tags":{"building":"yes","addr:street":"Calle José Celestino Mutis","addr:housenumber":"22","addr:postcode":"28028"}}},{"type":"Feature","id":"osm-way-424015846","geometry":{"type":"Polygon","coordinates":[[[-3.664381,40.423308],[-3.664464,40.423322],[-3.664491,40.423193],[-3.664411,40.423186],[-3.664405,40.423206],[-3.664381,40.423308]]]},"properties":{"osmId":424015846,"osmType":"way","tags":{"building":"yes","addr:street":"Calle José Celestino Mutis","addr:housenumber":"20","addr:postcode":"28028"}}},{"type":"Feature","id":"osm-way-424015847","geometry":{"type":"Polygon","coordinates":[[[-3.664464,40.423322],[-3.66463,40.423346],[-3.664647,40.423255],[-3.664656,40.423208],[-3.664491,40.423193],[-3.664464,40.423322]]]},"properties":{"osmId":424015847,"osmType":"way","tags":{"building":"yes","addr:street":"Calle José Celestino Mutis","addr:housenumber":"18","addr:postcode":"28028"}}},{"type":"Feature","id":"osm-way-424015848","geometry":{"type":"Polygon","coordinates":[[[-3.66463,40.423346],[-3.664822,40.42338],[-3.664846,40.423285],[-3.664647,40.423255],[-3.66463,40.423346]]]},"properties":{"osmId":424015848,"osmType":"way","tags":{"building":"yes","addr:street":"Calle José Celestino Mutis","addr:housenumber":"12","addr:postcode":"28028"}}},{"type":"Feature","id":"osm-way-424015849","geometry":{"type":"Polygon","coordinates":[[[-3.664822,40.42338],[-3.664903,40.423393],[-3.664941,40.423235],[-3.66486,40.423228],[-3.664846,40.423285],[-3.664822,40.42338]]]},"properties":{"osmId":424015849,"osmType":"way","tags":{"building":"yes","addr:street":"Calle José Celestino Mutis","addr:housenumber":"10","addr:postcode":"28028"}}},{"type":"Feature","id":"osm-way-424015850","geometry":{"type":"Polygon","coordinates":[[[-3.664903,40.423393],[-3.66497,40.423405],[-3.665004,40.423288],[-3.665017,40.423242],[-3.664941,40.423235],[-3.664903,40.423393]]]},"properties":{"osmId":424015850,"osmType":"way","tags":{"building":"yes","addr:street":"Calle José Celestino Mutis","addr:housenumber":"8","addr:postcode":"28028"}}},{"type":"Feature","id":"osm-way-424015851","geometry":{"type":"Polygon","coordinates":[[[-3.66497,40.423405],[-3.665222,40.423446],[-3.665258,40.423331],[-3.665004,40.423288],[-3.66497,40.423405]]]},"properties":{"osmId":424015851,"osmType":"way","tags":{"building":"yes","addr:street":"Calle José Celestino Mutis","addr:housenumber":"4","addr:postcode":"28028"}}},{"type":"Feature","id":"osm-way-424015852","geometry":{"type":"Polygon","coordinates":[[[-3.665222,40.423446],[-3.665339,40.423466],[-3.665347,40.423466],[-3.665352,40.423462],[-3.665385,40.423353],[-3.665258,40.423331],[-3.665222,40.423446]]]},"properties":{"osmId":424015852,"osmType":"way","tags":{"building":"yes","addr:street":"Calle Elvira","addr:housenumber":"5","addr:postcode":"28028"}}},{"type":"Feature","id":"osm-way-424015853","geometry":{"type":"Polygon","coordinates":[[[-3.665385,40.423353],[-3.665408,40.423279],[-3.665275,40.423266],[-3.665268,40.423286],[-3.665294,40.42329],[-3.665288,40.423315],[-3.665263,40.423314],[-3.665258,40.423331],[-3.665385,40.423353]]]},"properties":{"osmId":424015853,"osmType":"way","tags":{"building":"yes","addr:street":"Calle Elvira","addr:housenumber":"7","addr:postcode":"28028"}}},{"type":"Feature","id":"osm-way-424016564","geometry":{"type":"Polygon","coordinates":[[[-3.665381,40.423724],[-3.665401,40.423673],[-3.665598,40.423703],[-3.665581,40.423755],[-3.665476,40.423739],[-3.665381,40.423724]]]},"properties":{"osmId":424016564,"osmType":"way","tags":{"building":"yes","addr:street":"Calle Elvira","addr:housenumber":"4","addr:postcode":"28028"}}},{"type":"Feature","id":"osm-way-424016565","geometry":{"type":"Polygon","coordinates":[[[-3.665401,40.423673],[-3.665428,40.423584],[-3.665627,40.42362],[-3.665598,40.423703],[-3.665401,40.423673]]]},"properties":{"osmId":424016565,"osmType":"way","tags":{"building":"yes","addr:street":"Calle Elvira","addr:housenumber":"6","addr:postcode":"28028"}}},{"type":"Feature","id":"osm-way-424016566","geometry":{"type":"Polygon","coordinates":[[[-3.665428,40.423584],[-3.665449,40.423515],[-3.665648,40.42355],[-3.665627,40.42362],[-3.665428,40.423584]]]},"properties":{"osmId":424016566,"osmType":"way","tags":{"building":"yes","addr:street":"Calle Elvira","addr:housenumber":"8","addr:postcode":"28028"}}},{"type":"Feature","id":"osm-way-424016567","geometry":{"type":"Polygon","coordinates":[[[-3.665449,40.423515],[-3.665468,40.423453],[-3.665624,40.423481],[-3.665615,40.423513],[-3.665657,40.423521],[-3.665648,40.42355],[-3.665449,40.423515]]]},"properties":{"osmId":424016567,"osmType":"way","tags":{"building":"yes","addr:street":"Calle Elvira","addr:housenumber":"10","addr:postcode":"28028"}}},{"type":"Feature","id":"osm-way-424016568","geometry":{"type":"Polygon","coordinates":[[[-3.665468,40.423453],[-3.665489,40.423383],[-3.665669,40.423415],[-3.665647,40.423485],[-3.665624,40.423481],[-3.665468,40.423453]]]},"properties":{"osmId":424016568,"osmType":"way","tags":{"building":"yes","addr:street":"Calle Elvira","addr:housenumber":"12","addr:postcode":"28028"}}},{"type":"Feature","id":"osm-way-424017197","geometry":{"type":"Polygon","coordinates":[[[-3.665489,40.423383],[-3.665514,40.423304],[-3.665666,40.42333],[-3.665722,40.42334],[-3.665713,40.423367],[-3.665672,40.42336],[-3.665664,40.423388],[-3.665702,40.423395],[-3.665695,40.423419],[-3.665669,40.423415],[-3.665489,40.423383]]]},"properties":{"osmId":424017197,"osmType":"way","tags":{"building":"yes","addr:street":"Calle Elvira","addr:housenumber":"14","addr:postcode":"28028"}}},{"type":"Feature","id":"osm-way-424017198","geometry":{"type":"Polygon","coordinates":[[[-3.665514,40.423304],[-3.665535,40.423252],[-3.665505,40.423106],[-3.665618,40.423096],[-3.665621,40.423139],[-3.665676,40.423132],[-3.665674,40.42309],[-3.665701,40.423087],[-3.665774,40.42308],[-3.665777,40.423208],[-3.665761,40.423207],[-3.665732,40.423293],[-3.665678,40.423284],[-3.665666,40.42333],[-3.665514,40.423304]]]},"properties":{"osmId":424017198,"osmType":"way","tags":{"building":"yes","addr:street":"Calle Elvira","addr:housenumber":"16","addr:postcode":"28028"}}},{"type":"Feature","id":"osm-way-424274696","geometry":{"type":"Polygon","coordinates":[[[-3.668031,40.421299],[-3.668062,40.421215],[-3.667643,40.421118],[-3.66761,40.421204],[-3.668031,40.421299]]]},"properties":{"osmId":424274696,"osmType":"way","tags":{"building":"school","building:levels":"2"}}},{"type":"Feature","id":"osm-way-424640388","geometry":{"type":"Polygon","coordinates":[[[-3.665505,40.423106],[-3.665478,40.422988],[-3.665664,40.422981],[-3.665667,40.423016],[-3.665592,40.423022],[-3.665602,40.423054],[-3.665687,40.423047],[-3.665701,40.423087],[-3.665674,40.42309],[-3.665618,40.423096],[-3.665505,40.423106]]]},"properties":{"osmId":424640388,"osmType":"way","tags":{"building":"yes","addr:street":"Calle Elvira","addr:housenumber":"18","addr:postcode":"28028"}}},{"type":"Feature","id":"osm-way-424640389","geometry":{"type":"Polygon","coordinates":[[[-3.665573,40.422899],[-3.665564,40.422912],[-3.66557,40.422945],[-3.665646,40.422944],[-3.665664,40.422981],[-3.665478,40.422988],[-3.665443,40.42285],[-3.665479,40.422814],[-3.665566,40.422819],[-3.665573,40.422899]]]},"properties":{"osmId":424640389,"osmType":"way","tags":{"building":"yes","addr:street":"Calle de Jorge Juan","addr:housenumber":"161","addr:postcode":"28028"}}},{"type":"Feature","id":"osm-way-424640391","geometry":{"type":"Polygon","coordinates":[[[-3.665771,40.422831],[-3.665916,40.422847],[-3.665918,40.422919],[-3.665769,40.422916],[-3.665771,40.422831]]]},"properties":{"osmId":424640391,"osmType":"way","tags":{"building":"yes","addr:street":"Calle de Jorge Juan","addr:housenumber":"157","addr:postcode":"28028"}}},{"type":"Feature","id":"osm-way-424692028","geometry":{"type":"Polygon","coordinates":[[[-3.666287,40.422866],[-3.666072,40.422855],[-3.666081,40.423097],[-3.666258,40.423101],[-3.666269,40.423028],[-3.666287,40.422866]]]},"properties":{"osmId":424692028,"osmType":"way","tags":{"building":"yes","addr:street":"Calle de Jorge Juan","addr:housenumber":"153","addr:postcode":"28028"}}},{"type":"Feature","id":"osm-way-424692029","geometry":{"type":"Polygon","coordinates":[[[-3.666072,40.422855],[-3.665916,40.422847],[-3.665918,40.422919],[-3.665934,40.423122],[-3.666081,40.423127],[-3.666081,40.423097],[-3.666072,40.422855]]]},"properties":{"osmId":424692029,"osmType":"way","tags":{"building":"yes","addr:street":"Calle de Jorge Juan","addr:housenumber":"155","addr:postcode":"28028"}}},{"type":"Feature","id":"osm-way-424692030","geometry":{"type":"Polygon","coordinates":[[[-3.665067,40.423895],[-3.665198,40.423923],[-3.665227,40.42413],[-3.665126,40.424126],[-3.665097,40.424125],[-3.665094,40.42409],[-3.665126,40.424091],[-3.665115,40.424005],[-3.665083,40.424005],[-3.665067,40.423895]]]},"properties":{"osmId":424692030,"osmType":"way","tags":{"building":"yes","addr:street":"Calle Lanuza","addr:housenumber":"25","addr:postcode":"28028"}}},{"type":"Feature","id":"osm-way-424692031","geometry":{"type":"Polygon","coordinates":[[[-3.665227,40.42413],[-3.665239,40.424216],[-3.665141,40.424214],[-3.665086,40.424213],[-3.664996,40.424211],[-3.664972,40.424125],[-3.665046,40.424126],[-3.665044,40.424165],[-3.665127,40.424169],[-3.665126,40.424126],[-3.665227,40.42413]]]},"properties":{"osmId":424692031,"osmType":"way","tags":{"building":"yes","addr:street":"Calle Lanuza","addr:housenumber":"23","addr:postcode":"28028"}}},{"type":"Feature","id":"osm-way-424692032","geometry":{"type":"Polygon","coordinates":[[[-3.665067,40.423895],[-3.664943,40.423875],[-3.664953,40.423986],[-3.664972,40.424125],[-3.665046,40.424126],[-3.665097,40.424125],[-3.665094,40.42409],[-3.665046,40.424095],[-3.665041,40.424059],[-3.665089,40.424055],[-3.665067,40.423895]]]},"properties":{"osmId":424692032,"osmType":"way","tags":{"building":"yes","addr:street":"Calle Peñascales","addr:housenumber":"25","addr:postcode":"28028"}}},{"type":"Feature","id":"osm-way-424692033","geometry":{"type":"Polygon","coordinates":[[[-3.665239,40.424216],[-3.665258,40.424323],[-3.665118,40.424336],[-3.665113,40.424304],[-3.665074,40.424308],[-3.665075,40.424339],[-3.665022,40.424343],[-3.664996,40.424211],[-3.665086,40.424213],[-3.665092,40.424248],[-3.665144,40.424241],[-3.665141,40.424214],[-3.665239,40.424216]]]},"properties":{"osmId":424692033,"osmType":"way","tags":{"building":"yes","addr:street":"Calle Lanuza","addr:housenumber":"21","addr:postcode":"28028"}}},{"type":"Feature","id":"osm-way-424692034","geometry":{"type":"Polygon","coordinates":[[[-3.665258,40.424323],[-3.665278,40.424445],[-3.665036,40.42444],[-3.665022,40.424343],[-3.665075,40.424339],[-3.665118,40.424336],[-3.665258,40.424323]]]},"properties":{"osmId":424692034,"osmType":"way","tags":{"building":"yes","addr:street":"Calle Lanuza","addr:housenumber":"19","addr:postcode":"28028"}}},{"type":"Feature","id":"osm-way-424692035","geometry":{"type":"Polygon","coordinates":[[[-3.665278,40.424445],[-3.665294,40.424573],[-3.665055,40.424562],[-3.665036,40.42444],[-3.665278,40.424445]]]},"properties":{"osmId":424692035,"osmType":"way","tags":{"building":"yes","addr:street":"Calle Fundadores","addr:housenumber":"24","addr:postcode":"28028"}}},{"type":"Feature","id":"osm-way-424692036","geometry":{"type":"Polygon","coordinates":[[[-3.665059,40.425164],[-3.665078,40.425275],[-3.665088,40.425289],[-3.665104,40.4253],[-3.665181,40.425311],[-3.665194,40.425253],[-3.665162,40.425248],[-3.665152,40.425243],[-3.665148,40.425236],[-3.665146,40.425225],[-3.66517,40.425223],[-3.665163,40.425165],[-3.665161,40.425164],[-3.665059,40.425164]]]},"properties":{"osmId":424692036,"osmType":"way","tags":{"building":"yes","addr:postcode":"28028"}}},{"type":"Feature","id":"osm-way-424692037","geometry":{"type":"Polygon","coordinates":[[[-3.665293,40.425343],[-3.665433,40.425362],[-3.665399,40.425168],[-3.665302,40.425167],[-3.665257,40.425166],[-3.665202,40.425165],[-3.665201,40.425165],[-3.6652,40.425205],[-3.665275,40.425207],[-3.665305,40.425202],[-3.665315,40.425245],[-3.665279,40.425246],[-3.66529,40.425326],[-3.665293,40.425343]]]},"properties":{"osmId":424692037,"osmType":"way","tags":{"building":"yes","addr:street":"Calle Lanuza","addr:housenumber":"7","addr:postcode":"28028"}}},{"type":"Feature","id":"osm-way-424692038","geometry":{"type":"Polygon","coordinates":[[[-3.665399,40.425168],[-3.665377,40.425006],[-3.665268,40.425008],[-3.66527,40.425034],[-3.665234,40.425036],[-3.665229,40.425008],[-3.665121,40.425005],[-3.665161,40.425164],[-3.665163,40.425165],[-3.665201,40.425165],[-3.665202,40.425165],[-3.665257,40.425166],[-3.665252,40.425136],[-3.665293,40.425132],[-3.665302,40.425167],[-3.665399,40.425168]]]},"properties":{"osmId":424692038,"osmType":"way","tags":{"building":"yes","addr:street":"Calle Lanuza","addr:housenumber":"9","addr:postcode":"28028"}}},{"type":"Feature","id":"osm-way-424692039","geometry":{"type":"Polygon","coordinates":[[[-3.665377,40.425006],[-3.665342,40.424826],[-3.665094,40.424824],[-3.665121,40.425005],[-3.665229,40.425008],[-3.665268,40.425008],[-3.665377,40.425006]]]},"properties":{"osmId":424692039,"osmType":"way","tags":{"building":"yes","addr:street":"Calle Lanuza","addr:housenumber":"11","addr:postcode":"28028"}}},{"type":"Feature","id":"osm-way-424692040","geometry":{"type":"Polygon","coordinates":[[[-3.665342,40.424826],[-3.665329,40.424762],[-3.665232,40.424758],[-3.665216,40.424758],[-3.665216,40.424791],[-3.665178,40.424788],[-3.665176,40.424759],[-3.665161,40.424758],[-3.665076,40.424757],[-3.665094,40.424824],[-3.665342,40.424826]]]},"properties":{"osmId":424692040,"osmType":"way","tags":{"building":"yes","addr:street":"Calle Lanuza","addr:housenumber":"13","addr:postcode":"28028"}}},{"type":"Feature","id":"osm-way-424692041","geometry":{"type":"Polygon","coordinates":[[[-3.665329,40.424762],[-3.665316,40.424651],[-3.665055,40.424644],[-3.665076,40.424757],[-3.665161,40.424758],[-3.665159,40.424731],[-3.665231,40.424734],[-3.665232,40.424758],[-3.665329,40.424762]]]},"properties":{"osmId":424692041,"osmType":"way","tags":{"building":"yes","addr:postcode":"28028"}}},{"type":"Feature","id":"osm-way-424692042","geometry":{"type":"Polygon","coordinates":[[[-3.664425,40.424908],[-3.664328,40.424888],[-3.664353,40.42482],[-3.664452,40.424841],[-3.664425,40.424908]]]},"properties":{"osmId":424692042,"osmType":"way","tags":{"building":"yes","addr:street":"Calle Coronel Blanco","addr:housenumber":"4","addr:postcode":"28028"}}},{"type":"Feature","id":"osm-way-424711071","geometry":{"type":"Polygon","coordinates":[[[-3.666532,40.424677],[-3.666687,40.424681],[-3.666721,40.424707],[-3.66673,40.42491],[-3.666602,40.4249],[-3.666568,40.424897],[-3.6665,40.424889],[-3.666506,40.424837],[-3.666513,40.424781],[-3.666516,40.424761],[-3.666532,40.424677]]]},"properties":{"osmId":424711071,"osmType":"way","tags":{"building":"yes","addr:street":"Calle Antonio Toledano","addr:housenumber":"9","addr:postcode":"28028"}}},{"type":"Feature","id":"osm-way-424711072","geometry":{"type":"Polygon","coordinates":[[[-3.66673,40.42491],[-3.666747,40.425133],[-3.666574,40.42512],[-3.666578,40.425086],[-3.666538,40.425084],[-3.666533,40.425116],[-3.666467,40.425111],[-3.666476,40.425051],[-3.666478,40.42504],[-3.666515,40.425043],[-3.666526,40.424962],[-3.666489,40.424958],[-3.666492,40.42494],[-3.6665,40.424889],[-3.666568,40.424897],[-3.66656,40.42493],[-3.6666,40.424932],[-3.666602,40.4249],[-3.66673,40.42491]]]},"properties":{"osmId":424711072,"osmType":"way","tags":{"building":"yes","addr:street":"Calle Antonio Toledano","addr:housenumber":"7","addr:postcode":"28028"}}},{"type":"Feature","id":"osm-way-424711073","geometry":{"type":"Polygon","coordinates":[[[-3.666747,40.425133],[-3.666758,40.425266],[-3.666517,40.425249],[-3.666533,40.425116],[-3.666574,40.42512],[-3.666747,40.425133]]]},"properties":{"osmId":424711073,"osmType":"way","tags":{"building":"yes","addr:street":"Calle Antonio Toledano","addr:housenumber":"5","addr:postcode":"28028"}}},{"type":"Feature","id":"osm-way-424711074","geometry":{"type":"Polygon","coordinates":[[[-3.666758,40.425266],[-3.666769,40.425407],[-3.66675,40.425423],[-3.666441,40.425409],[-3.666446,40.425367],[-3.666454,40.425321],[-3.66646,40.425274],[-3.666465,40.425244],[-3.666517,40.425249],[-3.666758,40.425266]]]},"properties":{"osmId":424711074,"osmType":"way","tags":{"building":"yes","addr:street":"Calle de Hermosilla","addr:housenumber":"136","addr:postcode":"28028"}}},{"type":"Feature","id":"osm-way-424711075","geometry":{"type":"Polygon","coordinates":[[[-3.666532,40.424677],[-3.666388,40.424674],[-3.666373,40.424739],[-3.666371,40.424748],[-3.66642,40.424753],[-3.666417,40.424771],[-3.666367,40.424765],[-3.666356,40.42482],[-3.666395,40.424823],[-3.6664,40.424808],[-3.666448,40.424813],[-3.666445,40.42483],[-3.666506,40.424837],[-3.666513,40.424781],[-3.666448,40.424775],[-3.666452,40.424757],[-3.666516,40.424761],[-3.666532,40.424677]]]},"properties":{"osmId":424711075,"osmType":"way","tags":{"building":"yes","addr:postcode":"28028"}}},{"type":"Feature","id":"osm-way-424711076","geometry":{"type":"Polygon","coordinates":[[[-3.666388,40.424674],[-3.666274,40.424671],[-3.666245,40.424803],[-3.666329,40.424816],[-3.666344,40.424737],[-3.666373,40.424739],[-3.666388,40.424674]]]},"properties":{"osmId":424711076,"osmType":"way","tags":{"building":"yes","addr:postcode":"28028"}}},{"type":"Feature","id":"osm-way-424711077","geometry":{"type":"Polygon","coordinates":[[[-3.666441,40.425409],[-3.666364,40.425405],[-3.66629,40.4254],[-3.666295,40.42536],[-3.666317,40.42536],[-3.66632,40.425314],[-3.666299,40.425314],[-3.666303,40.425257],[-3.666326,40.42526],[-3.666354,40.425264],[-3.666351,40.425285],[-3.666399,40.425287],[-3.666404,40.425271],[-3.666438,40.425273],[-3.66646,40.425274],[-3.666454,40.425321],[-3.666425,40.425321],[-3.66642,40.425365],[-3.666446,40.425367],[-3.666441,40.425409]]]},"properties":{"osmId":424711077,"osmType":"way","tags":{"building":"yes","addr:street":"Calle de Hermosilla","addr:housenumber":"138","addr:postcode":"28028"}}},{"type":"Feature","id":"osm-way-424711079","geometry":{"type":"Polygon","coordinates":[[[-3.665811,40.425376],[-3.665569,40.425364],[-3.665531,40.425334],[-3.665494,40.425149],[-3.665593,40.425144],[-3.665597,40.425186],[-3.665647,40.425179],[-3.665637,40.425142],[-3.66572,40.425142],[-3.66573,40.425211],[-3.665829,40.425216],[-3.665826,40.425241],[-3.665821,40.425278],[-3.665778,40.425275],[-3.665777,40.42531],[-3.665817,40.425313],[-3.665811,40.425376]]]},"properties":{"osmId":424711079,"osmType":"way","tags":{"building":"yes","addr:street":"Calle de Hermosilla","addr:housenumber":"144","addr:postcode":"28028"}}},{"type":"Feature","id":"osm-way-424713343","geometry":{"type":"Polygon","coordinates":[[[-3.665494,40.425149],[-3.66547,40.424986],[-3.665693,40.42499],[-3.66572,40.425142],[-3.665637,40.425142],[-3.665593,40.425144],[-3.665494,40.425149]]]},"properties":{"osmId":424713343,"osmType":"way","tags":{"building":"yes","addr:street":"Calle Lanuza","addr:housenumber":"12","addr:postcode":"28028"}}},{"type":"Feature","id":"osm-way-424713344","geometry":{"type":"Polygon","coordinates":[[[-3.66547,40.424986],[-3.665429,40.424759],[-3.665533,40.424762],[-3.665609,40.424763],[-3.665684,40.424765],[-3.665711,40.424766],[-3.665707,40.424816],[-3.665677,40.424817],[-3.665673,40.42494],[-3.665706,40.424941],[-3.665706,40.424988],[-3.665693,40.42499],[-3.66547,40.424986]]]},"properties":{"osmId":424713344,"osmType":"way","tags":{"building":"yes","addr:street":"Calle Lanuza","addr:housenumber":"14","addr:postcode":"28028"}}},{"type":"Feature","id":"osm-way-424713774","geometry":{"type":"Polygon","coordinates":[[[-3.665429,40.424759],[-3.665414,40.424674],[-3.665436,40.424651],[-3.665709,40.424659],[-3.665709,40.424736],[-3.665684,40.424736],[-3.665684,40.424765],[-3.665609,40.424763],[-3.665609,40.42474],[-3.665533,40.42474],[-3.665533,40.424762],[-3.665429,40.424759]]]},"properties":{"osmId":424713774,"osmType":"way","tags":{"building":"yes","addr:postcode":"28028"}}},{"type":"Feature","id":"osm-way-424713775","geometry":{"type":"Polygon","coordinates":[[[-3.665709,40.424659],[-3.665914,40.424661],[-3.665904,40.424737],[-3.665828,40.424735],[-3.665827,40.424772],[-3.665895,40.424773],[-3.665889,40.424844],[-3.665711,40.424843],[-3.665711,40.424766],[-3.665779,40.42477],[-3.665779,40.424735],[-3.665709,40.424736],[-3.665709,40.424659]]]},"properties":{"osmId":424713775,"osmType":"way","tags":{"building":"yes","addr:postcode":"28028"}}},{"type":"Feature","id":"osm-way-424713776","geometry":{"type":"Polygon","coordinates":[[[-3.666079,40.425019],[-3.666052,40.425148],[-3.665989,40.425142],[-3.665993,40.425118],[-3.66593,40.425112],[-3.665927,40.425136],[-3.665852,40.42513],[-3.665857,40.425089],[-3.665905,40.425093],[-3.665907,40.425083],[-3.665894,40.425075],[-3.665896,40.42506],[-3.66591,40.425054],[-3.665912,40.425041],[-3.665864,40.425038],[-3.665869,40.425],[-3.665955,40.425008],[-3.665951,40.42503],[-3.666009,40.425035],[-3.666012,40.425013],[-3.666079,40.425019]]]},"properties":{"osmId":424713776,"osmType":"way","tags":{"building":"yes","addr:postcode":"28028"}}},{"type":"Feature","id":"osm-way-424713777","geometry":{"type":"Polygon","coordinates":[[[-3.666052,40.425148],[-3.666024,40.42526],[-3.665936,40.425251],[-3.665874,40.425246],[-3.665826,40.425241],[-3.665829,40.425216],[-3.665852,40.42513],[-3.665927,40.425136],[-3.665989,40.425142],[-3.666052,40.425148]]]},"properties":{"osmId":424713777,"osmType":"way","tags":{"building":"yes","addr:postcode":"28028"}}},{"type":"Feature","id":"osm-way-424713778","geometry":{"type":"Polygon","coordinates":[[[-3.666024,40.42526],[-3.666001,40.425387],[-3.665811,40.425376],[-3.665817,40.425313],[-3.665821,40.425278],[-3.665826,40.425241],[-3.665874,40.425246],[-3.665871,40.425263],[-3.665936,40.425269],[-3.665936,40.425251],[-3.666024,40.42526]]]},"properties":{"osmId":424713778,"osmType":"way","tags":{"building":"yes","addr:street":"Calle de Hermosilla","addr:housenumber":"142","addr:postcode":"28028"}}},{"type":"Feature","id":"osm-way-426023875","geometry":{"type":"Polygon","coordinates":[[[-3.666245,40.424803],[-3.666224,40.42491],[-3.666317,40.42492],[-3.666319,40.424905],[-3.6664,40.424914],[-3.666397,40.424929],[-3.666492,40.42494],[-3.6665,40.424889],[-3.666506,40.424837],[-3.666445,40.42483],[-3.66641,40.424826],[-3.666407,40.424843],[-3.66633,40.424834],[-3.666334,40.424817],[-3.666329,40.424816],[-3.666245,40.424803]]]},"properties":{"osmId":426023875,"osmType":"way","tags":{"building":"apartments","addr:postcode":"28028"}}},{"type":"Feature","id":"osm-way-426023935","geometry":{"type":"Polygon","coordinates":[[[-3.666224,40.42491],[-3.666201,40.425018],[-3.666294,40.425029],[-3.666298,40.425012],[-3.666376,40.425021],[-3.666375,40.425037],[-3.666476,40.425051],[-3.666478,40.42504],[-3.666489,40.424958],[-3.666492,40.42494],[-3.666397,40.424929],[-3.666393,40.424948],[-3.666313,40.42494],[-3.666317,40.42492],[-3.666224,40.42491]]]},"properties":{"osmId":426023935,"osmType":"way","tags":{"building":"apartments","addr:postcode":"28028"}}},{"type":"Feature","id":"osm-way-426023936","geometry":{"type":"Polygon","coordinates":[[[-3.666201,40.425018],[-3.666174,40.425125],[-3.666265,40.425135],[-3.666268,40.425135],[-3.66627,40.425123],[-3.666349,40.425131],[-3.666346,40.425147],[-3.666381,40.425151],[-3.666457,40.425162],[-3.666476,40.425051],[-3.666375,40.425037],[-3.666371,40.425054],[-3.666291,40.425046],[-3.666294,40.425029],[-3.666201,40.425018]]]},"properties":{"osmId":426023936,"osmType":"way","tags":{"building":"apartments","addr:postcode":"28028"}}},{"type":"Feature","id":"osm-way-426023937","geometry":{"type":"Polygon","coordinates":[[[-3.666174,40.425125],[-3.666149,40.425238],[-3.666246,40.425251],[-3.66625,40.42523],[-3.666331,40.42524],[-3.666326,40.42526],[-3.666354,40.425264],[-3.666404,40.425271],[-3.666438,40.425273],[-3.666457,40.425162],[-3.666381,40.425151],[-3.666346,40.425147],[-3.666342,40.425164],[-3.666266,40.425154],[-3.666268,40.425135],[-3.666265,40.425135],[-3.666174,40.425125]]]},"properties":{"osmId":426023937,"osmType":"way","tags":{"building":"apartments","addr:postcode":"28028"}}},{"type":"Feature","id":"osm-way-432769550","geometry":{"type":"Polygon","coordinates":[[[-3.683587,40.415771],[-3.683552,40.41568],[-3.683419,40.415711],[-3.683455,40.415801],[-3.683518,40.415786],[-3.683587,40.415771]]]},"properties":{"osmId":432769550,"osmType":"way","tags":{"building":"commercial","building:levels":"1"}}},{"type":"Feature","id":"osm-way-436771064","geometry":{"type":"Polygon","coordinates":[[[-3.683172,40.423659],[-3.683057,40.423653],[-3.683023,40.423652],[-3.683007,40.423639],[-3.682992,40.423625],[-3.683,40.423514],[-3.683163,40.423524],[-3.683161,40.423545],[-3.683181,40.423546],[-3.683178,40.423585],[-3.683125,40.423583],[-3.683128,40.4236],[-3.683176,40.423602],[-3.683172,40.423659]]]},"properties":{"osmId":436771064,"osmType":"way","tags":{"building":"apartments"}}},{"type":"Feature","id":"osm-way-459051031","geometry":{"type":"Polygon","coordinates":[[[-3.675696,40.413249],[-3.675694,40.413143],[-3.675949,40.413144],[-3.675949,40.413156],[-3.676203,40.413159],[-3.676197,40.413246],[-3.675696,40.413249]]]},"properties":{"osmId":459051031,"osmType":"way","tags":{"building":"yes"}}},{"type":"Feature","id":"osm-way-465625697","geometry":{"type":"Polygon","coordinates":[[[-3.678537,40.416702],[-3.678451,40.41672],[-3.678334,40.416391],[-3.67842,40.416373],[-3.678537,40.416702]]]},"properties":{"osmId":465625697,"osmType":"way","tags":{"building":"civic"}}},{"type":"Feature","id":"osm-way-465635618","geometry":{"type":"Polygon","coordinates":[[[-3.682663,40.415329],[-3.682609,40.415348],[-3.682567,40.415277],[-3.682621,40.415258],[-3.682663,40.415329]]]},"properties":{"osmId":465635618,"osmType":"way","tags":{"building":"transformer_tower","building:levels":"1"}}},{"type":"Feature","id":"osm-way-465635619","geometry":{"type":"Polygon","coordinates":[[[-3.682781,40.415231],[-3.682752,40.415246],[-3.682732,40.415223],[-3.682761,40.415208],[-3.682781,40.415231]]]},"properties":{"osmId":465635619,"osmType":"way","tags":{"building":"service"}}},{"type":"Feature","id":"osm-way-467642278","geometry":{"type":"Polygon","coordinates":[[[-3.677874,40.41421],[-3.677704,40.414244],[-3.677652,40.414095],[-3.677635,40.414098],[-3.677591,40.413971],[-3.67765,40.413977],[-3.67766,40.414008],[-3.677713,40.413999],[-3.677782,40.413949],[-3.677829,40.414081],[-3.677712,40.414104],[-3.677749,40.414211],[-3.677866,40.414187],[-3.677874,40.41421]]]},"properties":{"osmId":467642278,"osmType":"way","tags":{"building":"civic"}}},{"type":"Feature","id":"osm-way-468436708","geometry":{"type":"Polygon","coordinates":[[[-3.680546,40.42117],[-3.680564,40.42117],[-3.680578,40.421209],[-3.680561,40.421212],[-3.680574,40.421252],[-3.680526,40.421261],[-3.680542,40.421309],[-3.680622,40.421294],[-3.680696,40.42128],[-3.680679,40.421232],[-3.680618,40.421243],[-3.680592,40.421165],[-3.680606,40.421158],[-3.680616,40.421151],[-3.680625,40.421143],[-3.680635,40.421129],[-3.680641,40.421113],[-3.680641,40.421097],[-3.680635,40.421081],[-3.680625,40.421067],[-3.680609,40.421054],[-3.680697,40.420937],[-3.680674,40.420926],[-3.680582,40.421044],[-3.680572,40.421042],[-3.680551,40.421041],[-3.68053,40.421044],[-3.680511,40.421051],[-3.680494,40.421061],[-3.680485,40.42107],[-3.680401,40.421032],[-3.680334,40.421045],[-3.68034,40.421066],[-3.680396,40.421056],[-3.680474,40.421089],[-3.680472,40.421099],[-3.680472,40.421109],[-3.680473,40.421118],[-3.680476,40.421127],[-3.680482,40.421137],[-3.680488,40.421144],[-3.680406,40.421221],[-3.680369,40.421276],[-3.680399,40.421284],[-3.680427,40.421234],[-3.680508,40.421159],[-3.680518,40.421164],[-3.680529,40.421167],[-3.680546,40.42117]]]},"properties":{"osmId":468436708,"osmType":"way","tags":{"building":"yes"}}},{"type":"Feature","id":"osm-way-471560014","geometry":{"type":"Polygon","coordinates":[[[-3.674824,40.413524],[-3.6745,40.413518],[-3.674502,40.413488],[-3.674527,40.413474],[-3.674513,40.41346],[-3.674548,40.413439],[-3.67449,40.413379],[-3.674835,40.41318],[-3.674833,40.413255],[-3.674819,40.413264],[-3.674832,40.413278],[-3.674712,40.413346],[-3.67473,40.413365],[-3.674617,40.413431],[-3.674828,40.413436],[-3.674824,40.413524]]]},"properties":{"osmId":471560014,"osmType":"way","tags":{"building":"yes"}}},{"type":"Feature","id":"osm-way-479870827","geometry":{"type":"Polygon","coordinates":[[[-3.684039,40.419496],[-3.683963,40.419511],[-3.683948,40.419465],[-3.684023,40.419451],[-3.684039,40.419496]]]},"properties":{"osmId":479870827,"osmType":"way","tags":{"building":"transformer_tower","building:levels":"1"}}},{"type":"Feature","id":"osm-way-480021993","geometry":{"type":"Polygon","coordinates":[[[-3.68457,40.420408],[-3.684288,40.420461],[-3.684267,40.420395],[-3.684549,40.420342],[-3.68457,40.420408]]]},"properties":{"osmId":480021993,"osmType":"way","tags":{"building":"yes"}}},{"type":"Feature","id":"osm-way-483417097","geometry":{"type":"Polygon","coordinates":[[[-3.683068,40.414139],[-3.682959,40.414113],[-3.68297,40.414087],[-3.683006,40.414096],[-3.683037,40.414021],[-3.683109,40.414038],[-3.683068,40.414139]]]},"properties":{"osmId":483417097,"osmType":"way","tags":{"building":"shed","building:levels":"1"}}},{"type":"Feature","id":"osm-way-487837504","geometry":{"type":"Polygon","coordinates":[[[-3.680296,40.425664],[-3.680667,40.425682],[-3.680676,40.425569],[-3.680307,40.425551],[-3.6803,40.425551],[-3.680295,40.425608],[-3.68029,40.425664],[-3.680296,40.425664]]]},"properties":{"osmId":487837504,"osmType":"way","tags":{"building":"church"}}},{"type":"Feature","id":"osm-way-549560482","geometry":{"type":"Polygon","coordinates":[[[-3.670917,40.423652],[-3.670606,40.423638],[-3.670608,40.423602],[-3.670615,40.423529],[-3.670926,40.423544],[-3.670919,40.423625],[-3.670917,40.423652]]]},"properties":{"osmId":549560482,"osmType":"way","tags":{"building":"apartments"}}},{"type":"Feature","id":"osm-way-550962564","geometry":{"type":"Polygon","coordinates":[[[-3.678675,40.41352],[-3.678606,40.41353],[-3.678551,40.413306],[-3.67862,40.413296],[-3.678675,40.41352]]]},"properties":{"osmId":550962564,"osmType":"way","tags":{"building":"civic","building:levels":"1"}}},{"type":"Feature","id":"osm-way-550962565","geometry":{"type":"Polygon","coordinates":[[[-3.677421,40.412846],[-3.677315,40.412864],[-3.67729,40.412781],[-3.677395,40.412763],[-3.677421,40.412846]]]},"properties":{"osmId":550962565,"osmType":"way","tags":{"building":"yes"}}},{"type":"Feature","id":"osm-way-551509929","geometry":{"type":"Polygon","coordinates":[[[-3.680288,40.420491],[-3.680274,40.420516],[-3.680271,40.420543],[-3.680279,40.420569],[-3.680297,40.420592],[-3.680324,40.420609],[-3.680356,40.420619],[-3.680391,40.420621],[-3.680413,40.420689],[-3.680447,40.420683],[-3.680425,40.420614],[-3.680457,40.420599],[-3.68048,40.420576],[-3.680491,40.420548],[-3.68049,40.420519],[-3.680475,40.420492],[-3.68045,40.420471],[-3.680417,40.420457],[-3.680379,40.420453],[-3.680342,40.420458],[-3.680312,40.420471],[-3.680288,40.420491]]]},"properties":{"osmId":551509929,"osmType":"way","tags":{"building":"church"}}},{"type":"Feature","id":"osm-way-562596139","geometry":{"type":"Polygon","coordinates":[[[-3.677782,40.413949],[-3.677668,40.413827],[-3.677629,40.413783],[-3.677559,40.413821],[-3.677525,40.413841],[-3.67765,40.413977],[-3.67766,40.414008],[-3.677713,40.413999],[-3.677782,40.413949]]]},"properties":{"osmId":562596139,"osmType":"way","tags":{"building":"civic"}}},{"type":"Feature","id":"osm-way-562746418","geometry":{"type":"Polygon","coordinates":[[[-3.682931,40.418326],[-3.682954,40.418253],[-3.682858,40.418236],[-3.682836,40.418309],[-3.682931,40.418326]]]},"properties":{"osmId":562746418,"osmType":"way","tags":{"building":"retail"}}},{"type":"Feature","id":"osm-way-562785827","geometry":{"type":"Polygon","coordinates":[[[-3.686731,40.418731],[-3.68674,40.418764],[-3.686716,40.418772],[-3.686692,40.418804],[-3.68665,40.418814],[-3.686605,40.418797],[-3.68659,40.418761],[-3.686613,40.418728],[-3.686607,40.418707],[-3.686644,40.418699],[-3.686616,40.418632],[-3.686685,40.418613],[-3.686804,40.41866],[-3.686818,40.418711],[-3.686731,40.418731]]]},"properties":{"osmId":562785827,"osmType":"way","tags":{"building":"civic"}}},{"type":"Feature","id":"osm-way-562788587","geometry":{"type":"Polygon","coordinates":[[[-3.684597,40.418312],[-3.684578,40.418254],[-3.684504,40.418268],[-3.684508,40.418282],[-3.684386,40.418305],[-3.684383,40.418294],[-3.684308,40.418308],[-3.684327,40.418364],[-3.684402,40.41835],[-3.684398,40.418337],[-3.684518,40.418314],[-3.684523,40.418327],[-3.684597,40.418312]]]},"properties":{"osmId":562788587,"osmType":"way","tags":{"building":"service"}}},{"type":"Feature","id":"osm-way-570645535","geometry":{"type":"Polygon","coordinates":[[[-3.666182,40.41334],[-3.666497,40.413124],[-3.66659,40.413203],[-3.6662,40.41347],[-3.666182,40.41334]]]},"properties":{"osmId":570645535,"osmType":"way","tags":{"building":"yes"}}},{"type":"Feature","id":"osm-way-577856926","geometry":{"type":"Polygon","coordinates":[[[-3.673328,40.423948],[-3.673365,40.423905],[-3.673344,40.423875],[-3.673317,40.423915],[-3.673328,40.423948]]]},"properties":{"osmId":577856926,"osmType":"way","tags":{"building":"yes"}}},{"type":"Feature","id":"osm-way-578219909","geometry":{"type":"Polygon","coordinates":[[[-3.682124,40.419639],[-3.682126,40.4196],[-3.682067,40.419598],[-3.682065,40.419637],[-3.682124,40.419639]]]},"properties":{"osmId":578219909,"osmType":"way","tags":{"building":"yes"}}},{"type":"Feature","id":"osm-way-587545817","geometry":{"type":"Polygon","coordinates":[[[-3.664501,40.425493],[-3.664365,40.425333],[-3.664382,40.425308],[-3.664598,40.425364],[-3.664576,40.425418],[-3.664537,40.425408],[-3.664529,40.425429],[-3.664536,40.42544],[-3.664564,40.425446],[-3.664554,40.425471],[-3.664501,40.425493]]]},"properties":{"osmId":587545817,"osmType":"way","tags":{"building":"apartments","addr:street":"Calle de Rufino Blanco","addr:housenumber":"38","addr:postcode":"28028"}}},{"type":"Feature","id":"osm-way-587545819","geometry":{"type":"Polygon","coordinates":[[[-3.664903,40.425061],[-3.664997,40.425081],[-3.66497,40.425155],[-3.664875,40.425135],[-3.664903,40.425061]]]},"properties":{"osmId":587545819,"osmType":"way","tags":{"building":"yes","addr:street":"Calle Dolores Romero","addr:housenumber":"2","addr:postcode":"28028"}}},{"type":"Feature","id":"osm-way-587545821","geometry":{"type":"Polygon","coordinates":[[[-3.664875,40.425135],[-3.664788,40.425117],[-3.664814,40.425042],[-3.664903,40.425061],[-3.664875,40.425135]]]},"properties":{"osmId":587545821,"osmType":"way","tags":{"building":"yes","addr:street":"Calle Dolores Romero","addr:housenumber":"4","addr:postcode":"28028"}}},{"type":"Feature","id":"osm-way-587545822","geometry":{"type":"Polygon","coordinates":[[[-3.665869,40.425],[-3.665889,40.424844],[-3.665904,40.424737],[-3.665914,40.424661],[-3.666152,40.424668],[-3.666079,40.425019],[-3.666012,40.425013],[-3.665955,40.425008],[-3.665869,40.425]]]},"properties":{"osmId":587545822,"osmType":"way","tags":{"building":"yes","addr:postcode":"28028"}}},{"type":"Feature","id":"osm-way-587669541","geometry":{"type":"Polygon","coordinates":[[[-3.665675,40.425669],[-3.665608,40.425651],[-3.665589,40.425666],[-3.665602,40.425765],[-3.665624,40.425772],[-3.665675,40.425669]]]},"properties":{"osmId":587669541,"osmType":"way","tags":{"building":"yes","addr:street":"Calle Lanuza","addr:housenumber":"6","addr:postcode":"28028"}}},{"type":"Feature","id":"osm-way-587669542","geometry":{"type":"Polygon","coordinates":[[[-3.666977,40.421899],[-3.666972,40.421972],[-3.66687,40.421969],[-3.666876,40.421895],[-3.666977,40.421899]]]},"properties":{"osmId":587669542,"osmType":"way","tags":{"building":"house","addr:street":"Calle de Mercedes Fórmica","addr:housenumber":"2","addr:postcode":"28028"}}},{"type":"Feature","id":"osm-way-587669543","geometry":{"type":"Polygon","coordinates":[[[-3.664413,40.422138],[-3.664317,40.422137],[-3.66432,40.422058],[-3.664416,40.422059],[-3.664413,40.422138]]]},"properties":{"osmId":587669543,"osmType":"way","tags":{"building":"yes","addr:street":"Calle de Mercedes Fórmica","addr:housenumber":"27","addr:postcode":"28028"}}},{"type":"Feature","id":"osm-way-587669544","geometry":{"type":"Polygon","coordinates":[[[-3.664413,40.421848],[-3.664316,40.421846],[-3.664315,40.421924],[-3.66441,40.421926],[-3.664413,40.421848]]]},"properties":{"osmId":587669544,"osmType":"way","tags":{"building":"yes","addr:street":"Calle de Mercedes Fórmica","addr:housenumber":"36","addr:postcode":"28028"}}},{"type":"Feature","id":"osm-way-587669545","geometry":{"type":"Polygon","coordinates":[[[-3.664599,40.422125],[-3.664601,40.422061],[-3.664699,40.422062],[-3.664698,40.422126],[-3.664599,40.422125]]]},"properties":{"osmId":587669545,"osmType":"way","tags":{"building":"yes","addr:street":"Calle de Mercedes Fórmica","addr:housenumber":"23","addr:postcode":"28028"}}},{"type":"Feature","id":"osm-way-587669546","geometry":{"type":"Polygon","coordinates":[[[-3.66478,40.422127],[-3.664781,40.422063],[-3.664884,40.422064],[-3.664883,40.422128],[-3.66478,40.422127]]]},"properties":{"osmId":587669546,"osmType":"way","tags":{"building":"yes","addr:street":"Calle de Mercedes Fórmica","addr:housenumber":"21","addr:postcode":"28028"}}},{"type":"Feature","id":"osm-way-587669547","geometry":{"type":"Polygon","coordinates":[[[-3.666714,40.421964],[-3.666808,40.421967],[-3.666815,40.421858],[-3.66672,40.421855],[-3.666719,40.421885],[-3.666714,40.421964]]]},"properties":{"osmId":587669547,"osmType":"way","tags":{"building":"yes","addr:street":"Calle de Mercedes Fórmica","addr:housenumber":"4","addr:postcode":"28028"}}},{"type":"Feature","id":"osm-way-587669548","geometry":{"type":"Polygon","coordinates":[[[-3.66449,40.422276],[-3.664582,40.422277],[-3.664584,40.422197],[-3.66449,40.422196],[-3.66449,40.422276]]]},"properties":{"osmId":587669548,"osmType":"way","tags":{"building":"yes","addr:street":"Calle León Bonnat","addr:housenumber":"10","addr:postcode":"28028"}}},{"type":"Feature","id":"osm-way-587669549","geometry":{"type":"Polygon","coordinates":[[[-3.664399,40.422196],[-3.664305,40.422195],[-3.664306,40.422275],[-3.664399,40.422275],[-3.664399,40.422196]]]},"properties":{"osmId":587669549,"osmType":"way","tags":{"building":"yes","addr:street":"Calle León Bonnat","addr:housenumber":"14","addr:postcode":"28028"}}},{"type":"Feature","id":"osm-way-587669550","geometry":{"type":"Polygon","coordinates":[[[-3.665566,40.422819],[-3.665771,40.422831],[-3.665769,40.422916],[-3.665779,40.423035],[-3.665718,40.423039],[-3.665713,40.422907],[-3.665573,40.422899],[-3.665566,40.422819]]]},"properties":{"osmId":587669550,"osmType":"way","tags":{"building":"yes","addr:street":"Calle de Jorge Juan","addr:housenumber":"159","addr:postcode":"28028"}}},{"type":"Feature","id":"osm-way-587669551","geometry":{"type":"Polygon","coordinates":[[[-3.666275,40.421369],[-3.66627,40.421442],[-3.666371,40.421447],[-3.666376,40.421373],[-3.666275,40.421369]]]},"properties":{"osmId":587669551,"osmType":"way","tags":{"building":"yes","addr:street":"Calle Aizgorri","addr:housenumber":"4","addr:postcode":"28028"}}},{"type":"Feature","id":"osm-way-587669552","geometry":{"type":"Polygon","coordinates":[[[-3.666449,40.421378],[-3.666443,40.421449],[-3.666546,40.421453],[-3.66655,40.421382],[-3.666449,40.421378]]]},"properties":{"osmId":587669552,"osmType":"way","tags":{"building":"semidetached_house","building:levels":"2","addr:street":"Calle Aralar","addr:housenumber":"3","addr:postcode":"28028"}}},{"type":"Feature","id":"osm-way-587669553","geometry":{"type":"Polygon","coordinates":[[[-3.666897,40.421596],[-3.66699,40.421599],[-3.666995,40.421519],[-3.666899,40.421516],[-3.666897,40.421596]]]},"properties":{"osmId":587669553,"osmType":"way","tags":{"building":"yes","addr:street":"Calle Condes de Torreanaz","addr:housenumber":"8","addr:postcode":"28028"}}},{"type":"Feature","id":"osm-way-587669554","geometry":{"type":"Polygon","coordinates":[[[-3.666811,40.421514],[-3.666717,40.421511],[-3.666713,40.42159],[-3.666808,40.421593],[-3.666811,40.421514]]]},"properties":{"osmId":587669554,"osmType":"way","tags":{"building":"yes","addr:street":"Calle Condes de Torreanaz","addr:housenumber":"12","addr:postcode":"28028"}}},{"type":"Feature","id":"osm-way-587669555","geometry":{"type":"Polygon","coordinates":[[[-3.666898,40.421398],[-3.666894,40.421471],[-3.666996,40.421473],[-3.666999,40.421402],[-3.666898,40.421398]]]},"properties":{"osmId":587669555,"osmType":"way","tags":{"building":"yes","addr:street":"Calle Iturbe","addr:housenumber":"21","addr:postcode":"28028"}}},{"type":"Feature","id":"osm-way-587669556","geometry":{"type":"Polygon","coordinates":[[[-3.666977,40.421899],[-3.666982,40.42183],[-3.666881,40.421827],[-3.666876,40.421895],[-3.666977,40.421899]]]},"properties":{"osmId":587669556,"osmType":"way","tags":{"building":"yes","addr:street":"Calle Iturbe","addr:housenumber":"15","addr:postcode":"28028"}}},{"type":"Feature","id":"osm-way-587683979","geometry":{"type":"Polygon","coordinates":[[[-3.665915,40.421472],[-3.665821,40.421468],[-3.665814,40.421545],[-3.665909,40.421549],[-3.665915,40.421472]]]},"properties":{"osmId":587683979,"osmType":"way","tags":{"building":"yes","addr:street":"Calle Condes de Torreanaz","addr:housenumber":"24","addr:postcode":"28028"}}},{"type":"Feature","id":"osm-way-587683980","geometry":{"type":"Polygon","coordinates":[[[-3.665998,40.421553],[-3.666091,40.421557],[-3.666096,40.42148],[-3.666003,40.421476],[-3.665998,40.421553]]]},"properties":{"osmId":587683980,"osmType":"way","tags":{"building":"yes","addr:street":"Calle Condes de Torreanaz","addr:housenumber":"20","addr:postcode":"28028"}}},{"type":"Feature","id":"osm-way-587683981","geometry":{"type":"Polygon","coordinates":[[[-3.666349,40.421493],[-3.666254,40.421488],[-3.666249,40.421565],[-3.666344,40.421569],[-3.666349,40.421493]]]},"properties":{"osmId":587683981,"osmType":"way","tags":{"building":"yes","addr:street":"Calle Condes de Torreanaz","addr:housenumber":"18","addr:postcode":"28028"}}},{"type":"Feature","id":"osm-way-587683982","geometry":{"type":"Polygon","coordinates":[[[-3.666438,40.421574],[-3.666533,40.421578],[-3.666538,40.421501],[-3.666444,40.421497],[-3.666438,40.421574]]]},"properties":{"osmId":587683982,"osmType":"way","tags":{"building":"yes","addr:street":"Calle Condes de Torreanaz","addr:housenumber":"14","addr:postcode":"28028"}}},{"type":"Feature","id":"osm-way-587683983","geometry":{"type":"Polygon","coordinates":[[[-3.665472,40.42145],[-3.665379,40.421445],[-3.665373,40.421522],[-3.665466,40.421527],[-3.665472,40.42145]]]},"properties":{"osmId":587683983,"osmType":"way","tags":{"building":"yes","addr:street":"Calle Condes de Torreanaz","addr:housenumber":"30","addr:postcode":"28028"}}},{"type":"Feature","id":"osm-way-587683984","geometry":{"type":"Polygon","coordinates":[[[-3.665555,40.421531],[-3.66565,40.421535],[-3.665656,40.421458],[-3.665561,40.421453],[-3.665555,40.421531]]]},"properties":{"osmId":587683984,"osmType":"way","tags":{"building":"yes","addr:street":"Calle Condes de Torreanaz","addr:housenumber":"26","addr:postcode":"28028"}}},{"type":"Feature","id":"osm-way-587683985","geometry":{"type":"Polygon","coordinates":[[[-3.665986,40.421716],[-3.665891,40.421712],[-3.665886,40.42179],[-3.665981,40.421793],[-3.665986,40.421716]]]},"properties":{"osmId":587683985,"osmType":"way","tags":{"building":"yes","addr:street":"Calle Condes de Torreanaz","addr:housenumber":"37","addr:postcode":"28028"}}},{"type":"Feature","id":"osm-way-587683986","geometry":{"type":"Polygon","coordinates":[[[-3.666223,40.421725],[-3.666129,40.421721],[-3.666125,40.421801],[-3.666218,40.421804],[-3.666223,40.421725]]]},"properties":{"osmId":587683986,"osmType":"way","tags":{"building":"yes","addr:street":"Calle Condes de Torreanaz","addr:housenumber":"33","addr:postcode":"28028"}}},{"type":"Feature","id":"osm-way-587683987","geometry":{"type":"Polygon","coordinates":[[[-3.666218,40.421804],[-3.666305,40.421808],[-3.666311,40.421729],[-3.666223,40.421725],[-3.666218,40.421804]]]},"properties":{"osmId":587683987,"osmType":"way","tags":{"building":"yes","addr:street":"Calle Condes de Torreanaz","addr:housenumber":"31","addr:postcode":"28028"}}},{"type":"Feature","id":"osm-way-587683988","geometry":{"type":"Polygon","coordinates":[[[-3.666551,40.42174],[-3.666454,40.421738],[-3.666452,40.421815],[-3.666547,40.421818],[-3.666551,40.42174]]]},"properties":{"osmId":587683988,"osmType":"way","tags":{"building":"yes","addr:street":"Calle Condes de Torreanaz","addr:housenumber":"27","addr:postcode":"28028"}}},{"type":"Feature","id":"osm-way-587683989","geometry":{"type":"Polygon","coordinates":[[[-3.666634,40.42182],[-3.666721,40.421822],[-3.666726,40.421745],[-3.666639,40.421743],[-3.666634,40.42182]]]},"properties":{"osmId":587683989,"osmType":"way","tags":{"building":"yes","addr:street":"Calle Condes de Torreanaz","addr:housenumber":"23","addr:postcode":"28028"}}},{"type":"Feature","id":"osm-way-587683990","geometry":{"type":"Polygon","coordinates":[[[-3.666721,40.421822],[-3.66672,40.421855],[-3.666815,40.421858],[-3.666822,40.421747],[-3.666726,40.421745],[-3.666721,40.421822]]]},"properties":{"osmId":587683990,"osmType":"way","tags":{"building":"yes","addr:street":"Calle Condes de Torreanaz","addr:housenumber":"21","addr:postcode":"28028"}}},{"type":"Feature","id":"osm-way-587683991","geometry":{"type":"Polygon","coordinates":[[[-3.66438,40.421407],[-3.664388,40.421479],[-3.664288,40.421486],[-3.664279,40.421413],[-3.66438,40.421407]]]},"properties":{"osmId":587683991,"osmType":"way","tags":{"building":"yes","addr:street":"Calle Basilio Paraíso","addr:housenumber":"20","addr:postcode":"28028"}}},{"type":"Feature","id":"osm-way-587683992","geometry":{"type":"Polygon","coordinates":[[[-3.664271,40.421346],[-3.664262,40.421273],[-3.664365,40.421266],[-3.664372,40.421338],[-3.664271,40.421346]]]},"properties":{"osmId":587683992,"osmType":"way","tags":{"building":"yes","addr:street":"Calle Basilio Paraíso","addr:housenumber":"24","addr:postcode":"28028"}}},{"type":"Feature","id":"osm-way-587683993","geometry":{"type":"Polygon","coordinates":[[[-3.664279,40.421413],[-3.664271,40.421346],[-3.664372,40.421338],[-3.66438,40.421407],[-3.664279,40.421413]]]},"properties":{"osmId":587683993,"osmType":"way","tags":{"building":"yes","addr:street":"Calle Basilio Paraíso","addr:housenumber":"22","addr:postcode":"28028"}}},{"type":"Feature","id":"osm-way-587683994","geometry":{"type":"Polygon","coordinates":[[[-3.664408,40.42159],[-3.664404,40.421518],[-3.664303,40.421522],[-3.664306,40.421594],[-3.664408,40.42159]]]},"properties":{"osmId":587683994,"osmType":"way","tags":{"building":"yes","addr:street":"Calle Basilio Paraíso","addr:housenumber":"18","addr:postcode":"28028"}}},{"type":"Feature","id":"osm-way-587683995","geometry":{"type":"Polygon","coordinates":[[[-3.664306,40.421594],[-3.66431,40.421664],[-3.664412,40.421661],[-3.664408,40.42159],[-3.664306,40.421594]]]},"properties":{"osmId":587683995,"osmType":"way","tags":{"building":"yes","addr:street":"Calle Basilio Paraíso","addr:housenumber":"16","addr:postcode":"28028"}}},{"type":"Feature","id":"osm-way-587683996","geometry":{"type":"Polygon","coordinates":[[[-3.664313,40.421732],[-3.664317,40.421804],[-3.66442,40.421801],[-3.664416,40.421729],[-3.664313,40.421732]]]},"properties":{"osmId":587683996,"osmType":"way","tags":{"building":"yes","addr:street":"Calle Basilio Paraíso","addr:housenumber":"12","addr:postcode":"28028"}}},{"type":"Feature","id":"osm-way-587730163","geometry":{"type":"Polygon","coordinates":[[[-3.665855,40.42327],[-3.66589,40.423241],[-3.666108,40.423199],[-3.666134,40.423277],[-3.665969,40.423309],[-3.665939,40.423332],[-3.665855,40.42327]]]},"properties":{"osmId":587730163,"osmType":"way","tags":{"building":"apartments","addr:street":"Calle Antonio Toledano","addr:housenumber":"25","addr:postcode":"28028"}}},{"type":"Feature","id":"osm-way-587730164","geometry":{"type":"Polygon","coordinates":[[[-3.666722,40.42308],[-3.666734,40.423077],[-3.666786,40.423078],[-3.666792,40.422995],[-3.666897,40.422999],[-3.666887,40.423195],[-3.666779,40.42319],[-3.666784,40.423135],[-3.666739,40.423134],[-3.666722,40.42308]]]},"properties":{"osmId":587730164,"osmType":"way","tags":{"building":"apartments","addr:street":"Calle Antonio Toledano","addr:housenumber":"25","addr:postcode":"28028"}}},{"type":"Feature","id":"osm-way-587730165","geometry":{"type":"Polygon","coordinates":[[[-3.666291,40.421189],[-3.666284,40.421263],[-3.666385,40.421267],[-3.666392,40.421194],[-3.666291,40.421189]]]},"properties":{"osmId":587730165,"osmType":"way","tags":{"building":"yes","addr:street":"Calle Aizgorri","addr:housenumber":"8","addr:postcode":"28028"}}},{"type":"Feature","id":"osm-way-587730166","geometry":{"type":"Polygon","coordinates":[[[-3.666398,40.421127],[-3.666404,40.421058],[-3.666303,40.421053],[-3.666297,40.421122],[-3.666398,40.421127]]]},"properties":{"osmId":587730166,"osmType":"way","tags":{"building":"yes","addr:street":"Calle Aizgorri","addr:housenumber":"12","addr:postcode":"28028"}}},{"type":"Feature","id":"osm-way-587730167","geometry":{"type":"Polygon","coordinates":[[[-3.666404,40.421058],[-3.666411,40.420986],[-3.66631,40.420981],[-3.666303,40.421053],[-3.666404,40.421058]]]},"properties":{"osmId":587730167,"osmType":"way","tags":{"building":"yes","addr:street":"Calle Aizgorri","addr:housenumber":"14","addr:postcode":"28028"}}},{"type":"Feature","id":"osm-way-587730168","geometry":{"type":"Polygon","coordinates":[[[-3.666573,40.421068],[-3.666578,40.420995],[-3.666479,40.42099],[-3.666473,40.421062],[-3.666573,40.421068]]]},"properties":{"osmId":587730168,"osmType":"way","tags":{"building":"yes","addr:street":"Calle Aralar","addr:housenumber":"13","addr:postcode":"28028"}}},{"type":"Feature","id":"osm-way-587730169","geometry":{"type":"Polygon","coordinates":[[[-3.666468,40.42113],[-3.666464,40.421197],[-3.666564,40.421201],[-3.666568,40.421135],[-3.666468,40.42113]]]},"properties":{"osmId":587730169,"osmType":"way","tags":{"building":"semidetached_house","building:levels":"2","addr:street":"Calle Aralar","addr:housenumber":"9","addr:postcode":"28028"}}},{"type":"Feature","id":"osm-way-587730170","geometry":{"type":"Polygon","coordinates":[[[-3.666464,40.421197],[-3.666456,40.42127],[-3.666558,40.421275],[-3.666564,40.421201],[-3.666464,40.421197]]]},"properties":{"osmId":587730170,"osmType":"way","tags":{"building":"semidetached_house","building:levels":"3","addr:street":"Calle Aralar","addr:housenumber":"7","addr:postcode":"28028"}}},{"type":"Feature","id":"osm-way-587730171","geometry":{"type":"Polygon","coordinates":[[[-3.667015,40.421081],[-3.667018,40.421009],[-3.666918,40.421006],[-3.666914,40.421078],[-3.667015,40.421081]]]},"properties":{"osmId":587730171,"osmType":"way","tags":{"building":"yes","addr:street":"Calle Iturbe","addr:housenumber":"31","addr:postcode":"28028"}}},{"type":"Feature","id":"osm-way-587730172","geometry":{"type":"Polygon","coordinates":[[[-3.666911,40.421147],[-3.666907,40.421217],[-3.667008,40.42122],[-3.667012,40.42115],[-3.666911,40.421147]]]},"properties":{"osmId":587730172,"osmType":"way","tags":{"building":"yes","addr:street":"Calle Iturbe","addr:housenumber":"27","addr:postcode":"28028"}}},{"type":"Feature","id":"osm-way-587730173","geometry":{"type":"Polygon","coordinates":[[[-3.666907,40.421217],[-3.666903,40.421288],[-3.667005,40.421292],[-3.667008,40.42122],[-3.666907,40.421217]]]},"properties":{"osmId":587730173,"osmType":"way","tags":{"building":"yes","addr:street":"Calle Iturbe","addr:housenumber":"25","addr:postcode":"28028"}}},{"type":"Feature","id":"osm-way-587730174","geometry":{"type":"Polygon","coordinates":[[[-3.666729,40.421212],[-3.666723,40.421283],[-3.666827,40.421287],[-3.666832,40.421215],[-3.666729,40.421212]]]},"properties":{"osmId":587730174,"osmType":"way","tags":{"building":"yes","addr:street":"Calle Aralar","addr:housenumber":"8","addr:postcode":"28028"}}},{"type":"Feature","id":"osm-way-587730175","geometry":{"type":"Polygon","coordinates":[[[-3.666837,40.421145],[-3.666842,40.421076],[-3.666739,40.421073],[-3.666734,40.421141],[-3.666837,40.421145]]]},"properties":{"osmId":587730175,"osmType":"way","tags":{"building":"yes","addr:street":"Calle Aralar","addr:housenumber":"12","addr:postcode":"28028"}}},{"type":"Feature","id":"osm-way-587730176","geometry":{"type":"Polygon","coordinates":[[[-3.666842,40.421076],[-3.666848,40.421004],[-3.666745,40.421],[-3.666739,40.421073],[-3.666842,40.421076]]]},"properties":{"osmId":587730176,"osmType":"way","tags":{"building":"yes","addr:street":"Calle Aralar","addr:housenumber":"14","addr:postcode":"28028"}}},{"type":"Feature","id":"osm-way-587730177","geometry":{"type":"Polygon","coordinates":[[[-3.666714,40.421392],[-3.666708,40.421464],[-3.666811,40.421468],[-3.666818,40.421396],[-3.666714,40.421392]]]},"properties":{"osmId":587730177,"osmType":"way","tags":{"building":"yes","addr:street":"Calle Aralar","addr:housenumber":"4","addr:postcode":"28028"}}},{"type":"Feature","id":"osm-way-587730178","geometry":{"type":"Polygon","coordinates":[[[-3.667334,40.421837],[-3.667427,40.421841],[-3.667433,40.421765],[-3.667339,40.42176],[-3.667334,40.421837]]]},"properties":{"osmId":587730178,"osmType":"way","tags":{"building":"yes","addr:street":"Calle Condes de Torreanaz","addr:housenumber":"13","addr:postcode":"28028"}}},{"type":"Feature","id":"osm-way-587730179","geometry":{"type":"Polygon","coordinates":[[[-3.667247,40.421756],[-3.667152,40.421752],[-3.667145,40.421829],[-3.667239,40.421833],[-3.667247,40.421756]]]},"properties":{"osmId":587730179,"osmType":"way","tags":{"building":"yes","addr:street":"Calle Condes de Torreanaz","addr:housenumber":"17","addr:postcode":"28028"}}},{"type":"Feature","id":"osm-way-587730180","geometry":{"type":"Polygon","coordinates":[[[-3.667775,40.421858],[-3.667869,40.421861],[-3.667874,40.421784],[-3.66778,40.421779],[-3.667775,40.421858]]]},"properties":{"osmId":587730180,"osmType":"way","tags":{"building":"yes","addr:street":"Calle Condes de Torreanaz","addr:housenumber":"7","addr:postcode":"28028"}}},{"type":"Feature","id":"osm-way-587730181","geometry":{"type":"Polygon","coordinates":[[[-3.667691,40.421775],[-3.667596,40.42177],[-3.667591,40.42185],[-3.667685,40.421854],[-3.667691,40.421775]]]},"properties":{"osmId":587730181,"osmType":"way","tags":{"building":"yes","addr:street":"Calle Condes de Torreanaz","addr:housenumber":"11","addr:postcode":"28028"}}},{"type":"Feature","id":"osm-way-587730182","geometry":{"type":"Polygon","coordinates":[[[-3.668034,40.42187],[-3.668175,40.421876],[-3.668181,40.421798],[-3.668041,40.421792],[-3.668034,40.42187]]]},"properties":{"osmId":587730182,"osmType":"way","tags":{"building":"yes","addr:street":"Calle Condes de Torreanaz","addr:housenumber":"3","addr:postcode":"28028"}}},{"type":"Feature","id":"osm-way-587730183","geometry":{"type":"Polygon","coordinates":[[[-3.665977,40.421864],[-3.666071,40.421866],[-3.666068,40.421946],[-3.665973,40.421943],[-3.665977,40.421864]]]},"properties":{"osmId":587730183,"osmType":"way","tags":{"building":"yes","addr:street":"Calle de Mercedes Fórmica","addr:housenumber":"18","addr:postcode":"28028"}}},{"type":"Feature","id":"osm-way-587730184","geometry":{"type":"Polygon","coordinates":[[[-3.665883,40.421941],[-3.665789,40.421939],[-3.665793,40.42186],[-3.665887,40.421862],[-3.665883,40.421941]]]},"properties":{"osmId":587730184,"osmType":"way","tags":{"building":"yes","addr:street":"Calle de Mercedes Fórmica","addr:housenumber":"22","addr:postcode":"28028"}}},{"type":"Feature","id":"osm-way-587730185","geometry":{"type":"Polygon","coordinates":[[[-3.666298,40.42195],[-3.666393,40.421952],[-3.666396,40.421875],[-3.666301,40.421872],[-3.666298,40.42195]]]},"properties":{"osmId":587730185,"osmType":"way","tags":{"building":"yes","addr:street":"Calle de Mercedes Fórmica","addr:housenumber":"12","addr:postcode":"28028"}}},{"type":"Feature","id":"osm-way-587730186","geometry":{"type":"Polygon","coordinates":[[[-3.666214,40.42187],[-3.66612,40.421868],[-3.666116,40.421947],[-3.66621,40.421948],[-3.666214,40.42187]]]},"properties":{"osmId":587730186,"osmType":"way","tags":{"building":"yes","addr:street":"Calle de Mercedes Fórmica","addr:housenumber":"16","addr:postcode":"28028"}}},{"type":"Feature","id":"osm-way-587730187","geometry":{"type":"Polygon","coordinates":[[[-3.666719,40.421885],[-3.666631,40.421882],[-3.666627,40.421962],[-3.666714,40.421964],[-3.666719,40.421885]]]},"properties":{"osmId":587730187,"osmType":"way","tags":{"building":"yes","addr:street":"Calle de Mercedes Fórmica","addr:housenumber":"6","addr:postcode":"28028"}}},{"type":"Feature","id":"osm-way-587730188","geometry":{"type":"Polygon","coordinates":[[[-3.666631,40.421882],[-3.666542,40.42188],[-3.666538,40.421959],[-3.666627,40.421962],[-3.666631,40.421882]]]},"properties":{"osmId":587730188,"osmType":"way","tags":{"building":"yes","addr:street":"Calle de Mercedes Fórmica","addr:housenumber":"8","addr:postcode":"28028"}}},{"type":"Feature","id":"osm-way-587730189","geometry":{"type":"Polygon","coordinates":[[[-3.666542,40.42188],[-3.666509,40.421879],[-3.666511,40.421848],[-3.666449,40.421846],[-3.666444,40.421955],[-3.666538,40.421959],[-3.666542,40.42188]]]},"properties":{"osmId":587730189,"osmType":"way","tags":{"building":"yes","addr:street":"Calle de Mercedes Fórmica","addr:housenumber":"10","addr:postcode":"28028"}}},{"type":"Feature","id":"osm-way-587730190","geometry":{"type":"Polygon","coordinates":[[[-3.667257,40.421534],[-3.667161,40.421532],[-3.667159,40.42161],[-3.667255,40.421612],[-3.667257,40.421534]]]},"properties":{"osmId":587730190,"osmType":"way","tags":{"building":"yes","addr:street":"Calle Iturbe","addr:housenumber":"10","addr:postcode":"28028"}}},{"type":"Feature","id":"osm-way-587730191","geometry":{"type":"Polygon","coordinates":[[[-3.667293,40.421159],[-3.667297,40.421086],[-3.667195,40.421083],[-3.667191,40.421156],[-3.667293,40.421159]]]},"properties":{"osmId":587730191,"osmType":"way","tags":{"building":"yes","addr:street":"Calle Iturbe","addr:housenumber":"20","addr:postcode":"28028"}}},{"type":"Feature","id":"osm-way-587730192","geometry":{"type":"Polygon","coordinates":[[[-3.667188,40.421224],[-3.667185,40.421297],[-3.667286,40.4213],[-3.66729,40.421227],[-3.667188,40.421224]]]},"properties":{"osmId":587730192,"osmType":"way","tags":{"building":"yes","addr:street":"Calle Iturbe","addr:housenumber":"16","addr:postcode":"28028"}}},{"type":"Feature","id":"osm-way-587730193","geometry":{"type":"Polygon","coordinates":[[[-3.667168,40.421412],[-3.667165,40.421486],[-3.667265,40.421487],[-3.667269,40.421416],[-3.667168,40.421412]]]},"properties":{"osmId":587730193,"osmType":"way","tags":{"building":"yes","addr:street":"Calle Iturbe","addr:housenumber":"12","addr:postcode":"28028"}}},{"type":"Feature","id":"osm-way-587730194","geometry":{"type":"Polygon","coordinates":[[[-3.667143,40.42195],[-3.667139,40.422023],[-3.66724,40.422025],[-3.667244,40.421954],[-3.667143,40.42195]]]},"properties":{"osmId":587730194,"osmType":"way","tags":{"building":"yes","addr:street":"Calle Iturbe","addr:housenumber":"4","addr:postcode":"28028"}}},{"type":"Feature","id":"osm-way-589010011","geometry":{"type":"Polygon","coordinates":[[[-3.666656,40.422496],[-3.666658,40.422405],[-3.666602,40.422405],[-3.666602,40.422427],[-3.666524,40.422426],[-3.666523,40.422495],[-3.666656,40.422496]]]},"properties":{"osmId":589010011,"osmType":"way","tags":{"building":"house","addr:street":"Calle Vedia","addr:housenumber":"3","addr:postcode":"28028"}}},{"type":"Feature","id":"osm-way-589010014","geometry":{"type":"Polygon","coordinates":[[[-3.666605,40.42279],[-3.666445,40.422778],[-3.666464,40.422631],[-3.666624,40.422643],[-3.666605,40.42279]]]},"properties":{"osmId":589010014,"osmType":"way","tags":{"building":"yes","addr:street":"Calle de Jorge Juan","addr:housenumber":"114","addr:postcode":"28028"}}},{"type":"Feature","id":"osm-way-593504085","geometry":{"type":"Polygon","coordinates":[[[-3.673986,40.412767],[-3.673993,40.412721],[-3.673894,40.412714],[-3.673888,40.412759],[-3.673986,40.412767]]]},"properties":{"osmId":593504085,"osmType":"way","tags":{"building":"yes"}}},{"type":"Feature","id":"osm-way-593504095","geometry":{"type":"Polygon","coordinates":[[[-3.6722,40.413395],[-3.672199,40.413349],[-3.672101,40.413351],[-3.672103,40.413397],[-3.6722,40.413395]]]},"properties":{"osmId":593504095,"osmType":"way","tags":{"building":"yes"}}},{"type":"Feature","id":"osm-way-593509316","geometry":{"type":"Polygon","coordinates":[[[-3.674218,40.412098],[-3.67414,40.412212],[-3.673991,40.412152],[-3.674069,40.412039],[-3.67416,40.412075],[-3.674218,40.412098]]]},"properties":{"osmId":593509316,"osmType":"way","tags":{"building":"yes","addr:street":"Calle Reyes Magos","addr:housenumber":"3","addr:postcode":"28009"}}},{"type":"Feature","id":"osm-way-663956558","geometry":{"type":"Polygon","coordinates":[[[-3.675047,40.414109],[-3.674947,40.413949],[-3.674849,40.41399],[-3.675028,40.414266],[-3.675097,40.414242],[-3.675018,40.41412],[-3.675047,40.414109]]]},"properties":{"osmId":663956558,"osmType":"way","tags":{"building":"hospital"}}},{"type":"Feature","id":"osm-way-666368675","geometry":{"type":"Polygon","coordinates":[[[-3.673163,40.412923],[-3.673076,40.412925],[-3.67307,40.412773],[-3.673157,40.412771],[-3.673163,40.412923]]]},"properties":{"osmId":666368675,"osmType":"way","tags":{"building":"public","building:levels":"1"}}},{"type":"Feature","id":"osm-way-671327584","geometry":{"type":"Polygon","coordinates":[[[-3.664069,40.423629],[-3.664161,40.42365],[-3.664186,40.423583],[-3.664092,40.42356],[-3.664069,40.423629]]]},"properties":{"osmId":671327584,"osmType":"way","tags":{"building":"yes"}}},{"type":"Feature","id":"osm-way-671327586","geometry":{"type":"Polygon","coordinates":[[[-3.664161,40.42365],[-3.664167,40.423661],[-3.664199,40.423667],[-3.664202,40.42366],[-3.664253,40.423669],[-3.664281,40.423576],[-3.664195,40.423558],[-3.664186,40.423583],[-3.664161,40.42365]]]},"properties":{"osmId":671327586,"osmType":"way","tags":{"building":"yes"}}},{"type":"Feature","id":"osm-way-671327587","geometry":{"type":"Polygon","coordinates":[[[-3.664253,40.423669],[-3.664265,40.423671],[-3.664262,40.423681],[-3.664367,40.423699],[-3.664366,40.423704],[-3.664519,40.42373],[-3.664522,40.423722],[-3.664535,40.423724],[-3.664565,40.423612],[-3.664506,40.423601],[-3.664508,40.423594],[-3.66445,40.423584],[-3.664448,40.423592],[-3.664411,40.423586],[-3.664413,40.423579],[-3.664356,40.423569],[-3.664354,40.423576],[-3.664284,40.423564],[-3.664281,40.423576],[-3.664253,40.423669]]]},"properties":{"osmId":671327587,"osmType":"way","tags":{"building":"yes"}}},{"type":"Feature","id":"osm-way-671327966","geometry":{"type":"Polygon","coordinates":[[[-3.664535,40.423724],[-3.664715,40.423752],[-3.664744,40.423658],[-3.66476,40.423605],[-3.664576,40.423576],[-3.664565,40.423612],[-3.664535,40.423724]]]},"properties":{"osmId":671327966,"osmType":"way","tags":{"building":"yes"}}},{"type":"Feature","id":"osm-way-671327967","geometry":{"type":"Polygon","coordinates":[[[-3.664715,40.423752],[-3.664809,40.423769],[-3.664831,40.423699],[-3.664837,40.42368],[-3.664839,40.423673],[-3.664744,40.423658],[-3.664715,40.423752]]]},"properties":{"osmId":671327967,"osmType":"way","tags":{"building":"yes"}}},{"type":"Feature","id":"osm-way-671327968","geometry":{"type":"Polygon","coordinates":[[[-3.664809,40.423769],[-3.664959,40.423794],[-3.664978,40.423724],[-3.664912,40.423713],[-3.664917,40.423695],[-3.664983,40.423704],[-3.664994,40.423665],[-3.665,40.423639],[-3.664957,40.423633],[-3.664952,40.423649],[-3.664894,40.423641],[-3.664899,40.423624],[-3.664853,40.423619],[-3.664839,40.423673],[-3.664837,40.42368],[-3.664901,40.423692],[-3.664898,40.42371],[-3.664831,40.423699],[-3.664809,40.423769]]]},"properties":{"osmId":671327968,"osmType":"way","tags":{"building":"yes"}}},{"type":"Feature","id":"osm-way-671338490","geometry":{"type":"Polygon","coordinates":[[[-3.665086,40.423813],[-3.665181,40.423828],[-3.665179,40.423834],[-3.665245,40.423845],[-3.665266,40.42377],[-3.665255,40.423768],[-3.665277,40.4237],[-3.665166,40.423684],[-3.665124,40.423678],[-3.66512,40.423692],[-3.665086,40.423813]]]},"properties":{"osmId":671338490,"osmType":"way","tags":{"building":"yes"}}},{"type":"Feature","id":"osm-way-671338491","geometry":{"type":"Polygon","coordinates":[[[-3.665277,40.4237],[-3.665282,40.423701],[-3.665334,40.423538],[-3.665174,40.423505],[-3.665171,40.423518],[-3.665136,40.423643],[-3.665174,40.42365],[-3.665166,40.423684],[-3.665277,40.4237]]]},"properties":{"osmId":671338491,"osmType":"way","tags":{"building":"yes"}}},{"type":"Feature","id":"osm-way-671338492","geometry":{"type":"Polygon","coordinates":[[[-3.665171,40.423518],[-3.665164,40.423517],[-3.665166,40.42351],[-3.664944,40.423474],[-3.664942,40.423482],[-3.664934,40.423481],[-3.664907,40.423593],[-3.664899,40.423624],[-3.664957,40.423633],[-3.665,40.423639],[-3.665132,40.423659],[-3.665136,40.423643],[-3.665171,40.423518]]]},"properties":{"osmId":671338492,"osmType":"way","tags":{"building":"yes"}}},{"type":"Feature","id":"osm-way-671339266","geometry":{"type":"Polygon","coordinates":[[[-3.664907,40.423593],[-3.664892,40.423591],[-3.66489,40.423599],[-3.664883,40.423598],[-3.664881,40.423604],[-3.664804,40.423592],[-3.664806,40.423586],[-3.6648,40.423585],[-3.664801,40.423578],[-3.66478,40.423575],[-3.664792,40.423532],[-3.66481,40.423461],[-3.664934,40.423481],[-3.664907,40.423593]]]},"properties":{"osmId":671339266,"osmType":"way","tags":{"building":"yes"}}},{"type":"Feature","id":"osm-way-671339267","geometry":{"type":"Polygon","coordinates":[[[-3.66481,40.423461],[-3.664718,40.423447],[-3.664692,40.423546],[-3.664714,40.42355],[-3.664719,40.423558],[-3.664749,40.423562],[-3.664756,40.423559],[-3.664764,40.423535],[-3.664755,40.423526],[-3.664792,40.423532],[-3.66481,40.423461]]]},"properties":{"osmId":671339267,"osmType":"way","tags":{"building":"yes"}}},{"type":"Feature","id":"osm-way-671339268","geometry":{"type":"Polygon","coordinates":[[[-3.664718,40.423447],[-3.664718,40.423445],[-3.664707,40.423443],[-3.664709,40.423436],[-3.664636,40.423423],[-3.664633,40.423431],[-3.664627,40.42343],[-3.664598,40.423534],[-3.664597,40.42354],[-3.66469,40.423556],[-3.664692,40.423546],[-3.664718,40.423447]]]},"properties":{"osmId":671339268,"osmType":"way","tags":{"building":"yes"}}},{"type":"Feature","id":"osm-way-671339269","geometry":{"type":"Polygon","coordinates":[[[-3.664627,40.42343],[-3.664588,40.423423],[-3.664589,40.423417],[-3.664414,40.423388],[-3.664412,40.423395],[-3.664375,40.423389],[-3.664356,40.423447],[-3.664344,40.423483],[-3.664338,40.423503],[-3.664449,40.42352],[-3.664452,40.423511],[-3.664491,40.423517],[-3.664489,40.423527],[-3.664589,40.423542],[-3.664592,40.423533],[-3.664598,40.423534],[-3.664627,40.42343]]]},"properties":{"osmId":671339269,"osmType":"way","tags":{"building":"yes"}}},{"type":"Feature","id":"osm-way-671339270","geometry":{"type":"Polygon","coordinates":[[[-3.664375,40.423389],[-3.66428,40.423373],[-3.664259,40.423438],[-3.664288,40.423443],[-3.664276,40.423476],[-3.66425,40.423472],[-3.664231,40.423533],[-3.664269,40.423542],[-3.664278,40.423516],[-3.664301,40.423519],[-3.664306,40.423529],[-3.664329,40.423533],[-3.664338,40.423503],[-3.664344,40.423483],[-3.664322,40.423477],[-3.664333,40.423443],[-3.664356,40.423447],[-3.664375,40.423389]]]},"properties":{"osmId":671339270,"osmType":"way","tags":{"building":"yes"}}},{"type":"Feature","id":"osm-way-671339271","geometry":{"type":"Polygon","coordinates":[[[-3.664163,40.423355],[-3.66428,40.423373],[-3.664259,40.423438],[-3.664256,40.423454],[-3.664202,40.423446],[-3.664197,40.423465],[-3.664135,40.423457],[-3.664163,40.423355]]]},"properties":{"osmId":671339271,"osmType":"way","tags":{"building":"yes"}}},{"type":"Feature","id":"osm-way-671341142","geometry":{"type":"Polygon","coordinates":[[[-3.664241,40.424193],[-3.664144,40.424174],[-3.664117,40.424242],[-3.664216,40.424264],[-3.664241,40.424193]]]},"properties":{"osmId":671341142,"osmType":"way","tags":{"building":"yes"}}},{"type":"Feature","id":"osm-way-671341145","geometry":{"type":"Polygon","coordinates":[[[-3.664241,40.424193],[-3.664266,40.424128],[-3.664167,40.424107],[-3.664144,40.424174],[-3.664241,40.424193]]]},"properties":{"osmId":671341145,"osmType":"way","tags":{"building":"yes"}}},{"type":"Feature","id":"osm-way-671341147","geometry":{"type":"Polygon","coordinates":[[[-3.664266,40.424128],[-3.664291,40.424058],[-3.664192,40.424037],[-3.664167,40.424107],[-3.664266,40.424128]]]},"properties":{"osmId":671341147,"osmType":"way","tags":{"building":"yes"}}},{"type":"Feature","id":"osm-way-671341149","geometry":{"type":"Polygon","coordinates":[[[-3.664291,40.424058],[-3.664306,40.424019],[-3.664275,40.424014],[-3.664204,40.424001],[-3.664192,40.424037],[-3.664291,40.424058]]]},"properties":{"osmId":671341149,"osmType":"way","tags":{"building":"yes"}}},{"type":"Feature","id":"osm-way-671341151","geometry":{"type":"Polygon","coordinates":[[[-3.664413,40.424227],[-3.664316,40.424207],[-3.66429,40.424277],[-3.664387,40.424297],[-3.664413,40.424227]]]},"properties":{"osmId":671341151,"osmType":"way","tags":{"building":"yes"}}},{"type":"Feature","id":"osm-way-671341152","geometry":{"type":"Polygon","coordinates":[[[-3.664413,40.424227],[-3.664438,40.424163],[-3.664341,40.424142],[-3.664316,40.424207],[-3.664413,40.424227]]]},"properties":{"osmId":671341152,"osmType":"way","tags":{"building":"yes"}}},{"type":"Feature","id":"osm-way-671341153","geometry":{"type":"Polygon","coordinates":[[[-3.664438,40.424163],[-3.664479,40.424053],[-3.664435,40.424045],[-3.664411,40.42404],[-3.664396,40.424077],[-3.664367,40.424071],[-3.664341,40.424142],[-3.664438,40.424163]]]},"properties":{"osmId":671341153,"osmType":"way","tags":{"building":"yes"}}},{"type":"Feature","id":"osm-way-671341813","geometry":{"type":"Polygon","coordinates":[[[-3.664405,40.424321],[-3.664291,40.424297],[-3.664255,40.424399],[-3.664343,40.424418],[-3.664368,40.424352],[-3.664391,40.424357],[-3.664405,40.424321]]]},"properties":{"osmId":671341813,"osmType":"way","tags":{"building":"yes","addr:street":"Calle Francisco Lastres","addr:housenumber":"10","addr:postcode":"28028"}}},{"type":"Feature","id":"osm-way-671341814","geometry":{"type":"Polygon","coordinates":[[[-3.664255,40.424399],[-3.66417,40.424381],[-3.664198,40.424306],[-3.664208,40.424279],[-3.664234,40.424285],[-3.664225,40.424311],[-3.664254,40.424318],[-3.664263,40.424291],[-3.664291,40.424297],[-3.664255,40.424399]]]},"properties":{"osmId":671341814,"osmType":"way","tags":{"building":"yes","addr:street":"Calle Francisco Lastres","addr:housenumber":"12","addr:postcode":"28028"}}},{"type":"Feature","id":"osm-way-671341815","geometry":{"type":"Polygon","coordinates":[[[-3.66417,40.424381],[-3.664077,40.424361],[-3.664105,40.424287],[-3.664198,40.424306],[-3.66417,40.424381]]]},"properties":{"osmId":671341815,"osmType":"way","tags":{"building":"yes","addr:street":"Calle Francisco Lastres","addr:housenumber":"14","addr:postcode":"28028"}}},{"type":"Feature","id":"osm-way-671342543","geometry":{"type":"Polygon","coordinates":[[[-3.66411,40.423726],[-3.664246,40.423756],[-3.664202,40.423915],[-3.664066,40.423884],[-3.664081,40.423828],[-3.66411,40.423726]]]},"properties":{"osmId":671342543,"osmType":"way","tags":{"building":"yes"}}},{"type":"Feature","id":"osm-way-671342545","geometry":{"type":"Polygon","coordinates":[[[-3.664246,40.423756],[-3.664341,40.423777],[-3.664297,40.423936],[-3.664202,40.423915],[-3.664246,40.423756]]]},"properties":{"osmId":671342545,"osmType":"way","tags":{"building":"yes"}}},{"type":"Feature","id":"osm-way-671342546","geometry":{"type":"Polygon","coordinates":[[[-3.664341,40.423777],[-3.664404,40.423788],[-3.664364,40.423936],[-3.66434,40.424025],[-3.664306,40.424019],[-3.664275,40.424014],[-3.664297,40.423936],[-3.664341,40.423777]]]},"properties":{"osmId":671342546,"osmType":"way","tags":{"building":"yes"}}},{"type":"Feature","id":"osm-way-671342548","geometry":{"type":"Polygon","coordinates":[[[-3.664404,40.423788],[-3.664412,40.423789],[-3.664414,40.423782],[-3.664472,40.423791],[-3.66447,40.423797],[-3.664479,40.423799],[-3.664462,40.423862],[-3.664453,40.423897],[-3.664441,40.42394],[-3.664438,40.423948],[-3.66443,40.423947],[-3.664428,40.423954],[-3.66437,40.423945],[-3.664372,40.423937],[-3.664364,40.423936],[-3.664404,40.423788]]]},"properties":{"osmId":671342548,"osmType":"way","tags":{"building":"yes"}}},{"type":"Feature","id":"osm-way-671342550","geometry":{"type":"Polygon","coordinates":[[[-3.664479,40.423799],[-3.664593,40.423817],[-3.664603,40.423884],[-3.664557,40.423876],[-3.664551,40.423899],[-3.664607,40.423909],[-3.664616,40.423967],[-3.664583,40.423963],[-3.664575,40.423988],[-3.66462,40.423997],[-3.664622,40.424008],[-3.664601,40.424075],[-3.664518,40.42406],[-3.664532,40.424009],[-3.664514,40.424006],[-3.6645,40.424056],[-3.664479,40.424053],[-3.664435,40.424045],[-3.664446,40.424007],[-3.664423,40.424004],[-3.66443,40.423977],[-3.664452,40.42398],[-3.664464,40.423943],[-3.664441,40.42394],[-3.664453,40.423897],[-3.664472,40.4239],[-3.664482,40.423865],[-3.664462,40.423862],[-3.664479,40.423799]]]},"properties":{"osmId":671342550,"osmType":"way","tags":{"building":"yes"}}},{"type":"Feature","id":"osm-way-671601246","geometry":{"type":"Polygon","coordinates":[[[-3.664521,40.424856],[-3.664497,40.424923],[-3.664593,40.424945],[-3.66462,40.424878],[-3.664521,40.424856]]]},"properties":{"osmId":671601246,"osmType":"way","tags":{"building":"yes","addr:street":"Calle Doctor Oloriz","addr:housenumber":"3","addr:postcode":"28028"}}},{"type":"Feature","id":"osm-way-671601247","geometry":{"type":"Polygon","coordinates":[[[-3.66462,40.424878],[-3.664644,40.424811],[-3.664545,40.42479],[-3.664521,40.424856],[-3.66462,40.424878]]]},"properties":{"osmId":671601247,"osmType":"way","tags":{"building":"yes","addr:street":"Calle Doctor Oloriz","addr:housenumber":"5","addr:postcode":"28028"}}},{"type":"Feature","id":"osm-way-671601248","geometry":{"type":"Polygon","coordinates":[[[-3.664644,40.424811],[-3.664669,40.424742],[-3.66457,40.424721],[-3.664545,40.42479],[-3.664644,40.424811]]]},"properties":{"osmId":671601248,"osmType":"way","tags":{"building":"yes","addr:street":"Calle Doctor Oloriz","addr:housenumber":"7","addr:postcode":"28028"}}},{"type":"Feature","id":"osm-way-671601249","geometry":{"type":"Polygon","coordinates":[[[-3.664452,40.424841],[-3.664476,40.424775],[-3.664376,40.424754],[-3.664353,40.42482],[-3.664452,40.424841]]]},"properties":{"osmId":671601249,"osmType":"way","tags":{"building":"yes"}}},{"type":"Feature","id":"osm-way-671601250","geometry":{"type":"Polygon","coordinates":[[[-3.664476,40.424775],[-3.664501,40.424707],[-3.664401,40.424685],[-3.664376,40.424754],[-3.664476,40.424775]]]},"properties":{"osmId":671601250,"osmType":"way","tags":{"building":"yes"}}},{"type":"Feature","id":"osm-way-671601251","geometry":{"type":"Polygon","coordinates":[[[-3.664627,40.424606],[-3.664715,40.424624],[-3.664687,40.424697],[-3.664599,40.424678],[-3.664627,40.424606]]]},"properties":{"osmId":671601251,"osmType":"way","tags":{"building":"yes","addr:street":"Calle Francisco Lastres","addr:housenumber":"1","addr:postcode":"28028"}}},{"type":"Feature","id":"osm-way-671601252","geometry":{"type":"Polygon","coordinates":[[[-3.664627,40.424606],[-3.66454,40.424588],[-3.664512,40.424659],[-3.664599,40.424678],[-3.664627,40.424606]]]},"properties":{"osmId":671601252,"osmType":"way","tags":{"building":"yes","addr:street":"Calle Francisco Lastres","addr:housenumber":"3","addr:postcode":"28028"}}},{"type":"Feature","id":"osm-way-671601253","geometry":{"type":"Polygon","coordinates":[[[-3.66454,40.424588],[-3.664449,40.424569],[-3.664421,40.424641],[-3.664512,40.424659],[-3.66454,40.424588]]]},"properties":{"osmId":671601253,"osmType":"way","tags":{"building":"yes","addr:street":"Calle Francisco Lastres","addr:housenumber":"5","addr:postcode":"28028"}}},{"type":"Feature","id":"osm-way-671601254","geometry":{"type":"Polygon","coordinates":[[[-3.664402,40.424952],[-3.664376,40.425024],[-3.664288,40.425005],[-3.664315,40.424932],[-3.664359,40.424942],[-3.664363,40.424931],[-3.6644,40.424939],[-3.664395,40.42495],[-3.664402,40.424952]]]},"properties":{"osmId":671601254,"osmType":"way","tags":{"building":"yes","addr:street":"Calle Dolores Romero","addr:housenumber":"12","addr:postcode":"28028"}}},{"type":"Feature","id":"osm-way-671601255","geometry":{"type":"Polygon","coordinates":[[[-3.664376,40.425024],[-3.664465,40.425043],[-3.664491,40.424971],[-3.664402,40.424952],[-3.664376,40.425024]]]},"properties":{"osmId":671601255,"osmType":"way","tags":{"building":"yes","addr:street":"Calle Dolores Romero","addr:housenumber":"10","addr:postcode":"28028"}}},{"type":"Feature","id":"osm-way-671601256","geometry":{"type":"Polygon","coordinates":[[[-3.664465,40.425043],[-3.664553,40.425062],[-3.664579,40.424991],[-3.664491,40.424971],[-3.664465,40.425043]]]},"properties":{"osmId":671601256,"osmType":"way","tags":{"building":"yes","addr:street":"Calle Dolores Romero","addr:housenumber":"8","addr:postcode":"28028"}}},{"type":"Feature","id":"osm-way-671601452","geometry":{"type":"Polygon","coordinates":[[[-3.664657,40.424284],[-3.664559,40.424262],[-3.664533,40.424329],[-3.66463,40.424352],[-3.664657,40.424284]]]},"properties":{"osmId":671601452,"osmType":"way","tags":{"building":"yes"}}},{"type":"Feature","id":"osm-way-671601453","geometry":{"type":"Polygon","coordinates":[[[-3.664657,40.424284],[-3.664682,40.424218],[-3.664582,40.424197],[-3.664559,40.424262],[-3.664657,40.424284]]]},"properties":{"osmId":671601453,"osmType":"way","tags":{"building":"yes"}}},{"type":"Feature","id":"osm-way-671601454","geometry":{"type":"Polygon","coordinates":[[[-3.664582,40.424197],[-3.664627,40.424082],[-3.664659,40.424088],[-3.664724,40.424099],[-3.664708,40.424139],[-3.664672,40.424131],[-3.664667,40.424141],[-3.664707,40.424148],[-3.664682,40.424218],[-3.664582,40.424197]]]},"properties":{"osmId":671601454,"osmType":"way","tags":{"building":"yes"}}},{"type":"Feature","id":"osm-way-671601455","geometry":{"type":"Polygon","coordinates":[[[-3.664593,40.423817],[-3.664717,40.423839],[-3.664739,40.424011],[-3.664743,40.424041],[-3.664719,40.424043],[-3.664722,40.42408],[-3.664746,40.424079],[-3.664751,40.424102],[-3.664724,40.424099],[-3.664659,40.424088],[-3.664655,40.424047],[-3.664628,40.42405],[-3.664622,40.424008],[-3.66462,40.423997],[-3.664616,40.423967],[-3.664607,40.423909],[-3.664603,40.423884],[-3.664593,40.423817]]]},"properties":{"osmId":671601455,"osmType":"way","tags":{"building":"yes"}}},{"type":"Feature","id":"osm-way-671601456","geometry":{"type":"Polygon","coordinates":[[[-3.664717,40.423839],[-3.664728,40.423834],[-3.664789,40.423843],[-3.664788,40.423849],[-3.664828,40.423856],[-3.664847,40.423967],[-3.664857,40.42403],[-3.664808,40.424034],[-3.664772,40.424026],[-3.664771,40.424015],[-3.664739,40.424011],[-3.664717,40.423839]]]},"properties":{"osmId":671601456,"osmType":"way","tags":{"building":"yes"}}},{"type":"Feature","id":"osm-way-671601457","geometry":{"type":"Polygon","coordinates":[[[-3.664943,40.423875],[-3.664828,40.423856],[-3.664847,40.423967],[-3.664953,40.423986],[-3.664943,40.423875]]]},"properties":{"osmId":671601457,"osmType":"way","tags":{"building":"yes"}}},{"type":"Feature","id":"osm-way-671601990","geometry":{"type":"Polygon","coordinates":[[[-3.664607,40.424393],[-3.66458,40.424471],[-3.66449,40.424452],[-3.664518,40.424375],[-3.664491,40.424369],[-3.664499,40.424342],[-3.664585,40.424362],[-3.664576,40.424388],[-3.664607,40.424393]]]},"properties":{"osmId":671601990,"osmType":"way","tags":{"building":"yes","addr:street":"Calle Francisco Lastres","addr:housenumber":"8","addr:postcode":"28028"}}},{"type":"Feature","id":"osm-way-671601993","geometry":{"type":"Polygon","coordinates":[[[-3.66458,40.424471],[-3.664664,40.424488],[-3.664692,40.424412],[-3.66466,40.424405],[-3.664668,40.424382],[-3.664628,40.424372],[-3.664624,40.424382],[-3.664612,40.42438],[-3.664607,40.424393],[-3.66458,40.424471]]]},"properties":{"osmId":671601993,"osmType":"way","tags":{"building":"yes","addr:street":"Calle Francisco Lastres","addr:housenumber":"6","addr:postcode":"28028"}}},{"type":"Feature","id":"osm-way-671601995","geometry":{"type":"Polygon","coordinates":[[[-3.664664,40.424488],[-3.664749,40.424507],[-3.66478,40.424431],[-3.664759,40.424425],[-3.664775,40.424382],[-3.664716,40.424368],[-3.6647,40.424413],[-3.664692,40.424412],[-3.664664,40.424488]]]},"properties":{"osmId":671601995,"osmType":"way","tags":{"building":"yes","addr:street":"Calle Francisco Lastres","addr:housenumber":"4","addr:postcode":"28028"}}},{"type":"Feature","id":"osm-way-671601997","geometry":{"type":"Polygon","coordinates":[[[-3.664749,40.424507],[-3.664841,40.424526],[-3.664848,40.424506],[-3.664863,40.424508],[-3.664874,40.424476],[-3.66486,40.424473],[-3.664869,40.424449],[-3.66478,40.424431],[-3.664749,40.424507]]]},"properties":{"osmId":671601997,"osmType":"way","tags":{"building":"yes","addr:street":"Calle Francisco Lastres","addr:housenumber":"2","addr:postcode":"28028"}}},{"type":"Feature","id":"osm-way-686241521","geometry":{"type":"Polygon","coordinates":[[[-3.662187,40.423339],[-3.662187,40.423304],[-3.662142,40.423304],[-3.662142,40.423339],[-3.662187,40.423339]]]},"properties":{"osmId":686241521,"osmType":"way","tags":{"building":"yes"}}},{"type":"Feature","id":"osm-way-686241528","geometry":{"type":"Polygon","coordinates":[[[-3.662722,40.42321],[-3.662751,40.42321],[-3.662752,40.423185],[-3.662723,40.423185],[-3.662722,40.42321]]]},"properties":{"osmId":686241528,"osmType":"way","tags":{"building":"yes","addr:postcode":"28028"}}},{"type":"Feature","id":"osm-way-686241529","geometry":{"type":"Polygon","coordinates":[[[-3.662941,40.421861],[-3.662893,40.421866],[-3.662883,40.421807],[-3.662849,40.421811],[-3.662844,40.421781],[-3.662877,40.421778],[-3.662865,40.421709],[-3.662913,40.421704],[-3.662941,40.421861]]]},"properties":{"osmId":686241529,"osmType":"way","tags":{"building":"yes","addr:postcode":"28028"}}},{"type":"Feature","id":"osm-way-686241531","geometry":{"type":"Polygon","coordinates":[[[-3.662883,40.421807],[-3.662849,40.421811],[-3.662844,40.421781],[-3.662877,40.421778],[-3.662883,40.421807]]]},"properties":{"osmId":686241531,"osmType":"way","tags":{"building":"yes"}}},{"type":"Feature","id":"osm-way-688425153","geometry":{"type":"Polygon","coordinates":[[[-3.666023,40.422531],[-3.665817,40.42252],[-3.665819,40.422742],[-3.666019,40.422757],[-3.666019,40.422685],[-3.665963,40.422683],[-3.665974,40.422599],[-3.666023,40.422603],[-3.666023,40.422585],[-3.666023,40.422531]]]},"properties":{"osmId":688425153,"osmType":"way","tags":{"building":"yes","addr:street":"Calle de Jorge Juan","addr:housenumber":"120","addr:postcode":"28028"}}},{"type":"Feature","id":"osm-way-688425154","geometry":{"type":"Polygon","coordinates":[[[-3.665726,40.422668],[-3.665723,40.422739],[-3.665518,40.422725],[-3.665519,40.422658],[-3.665545,40.422659],[-3.665571,40.422649],[-3.665573,40.422627],[-3.665552,40.422627],[-3.665558,40.422575],[-3.665579,40.422575],[-3.665581,40.422566],[-3.665695,40.422572],[-3.665688,40.422654],[-3.665702,40.42267],[-3.665726,40.422668]]]},"properties":{"osmId":688425154,"osmType":"way","tags":{"building":"yes","addr:street":"Calle de Jorge Juan","addr:housenumber":"124","addr:postcode":"28028"}}},{"type":"Feature","id":"osm-way-688425155","geometry":{"type":"Polygon","coordinates":[[[-3.665518,40.422725],[-3.665469,40.422723],[-3.665435,40.4227],[-3.665396,40.422504],[-3.665488,40.422506],[-3.665489,40.422516],[-3.665504,40.422516],[-3.665507,40.422506],[-3.665521,40.422506],[-3.665581,40.422508],[-3.665581,40.422548],[-3.665512,40.422547],[-3.665531,40.422636],[-3.665516,40.422639],[-3.665519,40.422658],[-3.665518,40.422725]]]},"properties":{"osmId":688425155,"osmType":"way","tags":{"building":"yes","addr:street":"Calle Elvira","addr:housenumber":"22","addr:postcode":"28028"}}},{"type":"Feature","id":"osm-way-688425156","geometry":{"type":"Polygon","coordinates":[[[-3.665368,40.422387],[-3.665396,40.422504],[-3.665488,40.422506],[-3.665496,40.422506],[-3.665498,40.422463],[-3.665524,40.422463],[-3.665521,40.422506],[-3.665581,40.422508],[-3.665597,40.422509],[-3.6656,40.422466],[-3.66563,40.422466],[-3.665626,40.422513],[-3.665695,40.422515],[-3.665695,40.42249],[-3.665746,40.422493],[-3.665751,40.422422],[-3.665698,40.422419],[-3.665699,40.422401],[-3.665631,40.422398],[-3.665629,40.422452],[-3.665598,40.422451],[-3.665601,40.422396],[-3.665596,40.422396],[-3.665523,40.422393],[-3.665522,40.422415],[-3.665497,40.422415],[-3.665499,40.422392],[-3.665368,40.422387]]]},"properties":{"osmId":688425156,"osmType":"way","tags":{"building":"yes","addr:street":"Calle Elvira","addr:housenumber":"24","addr:postcode":"28028"}}},{"type":"Feature","id":"osm-way-688425670","geometry":{"type":"Polygon","coordinates":[[[-3.664819,40.42257],[-3.664809,40.422654],[-3.664727,40.42265],[-3.664736,40.422597],[-3.664702,40.422596],[-3.664708,40.422533],[-3.664763,40.422536],[-3.664761,40.422566],[-3.664819,40.42257]]]},"properties":{"osmId":688425670,"osmType":"way","tags":{"building":"yes","addr:street":"Calle de Jorge Juan","addr:housenumber":"132","addr:postcode":"28028"}}},{"type":"Feature","id":"osm-way-688425671","geometry":{"type":"Polygon","coordinates":[[[-3.664629,40.422411],[-3.664493,40.42241],[-3.664493,40.422488],[-3.664628,40.422489],[-3.664629,40.422411]]]},"properties":{"osmId":688425671,"osmType":"way","tags":{"building":"yes","addr:street":"Calle León Bonnat","addr:housenumber":"9","addr:postcode":"28028"}}},{"type":"Feature","id":"osm-way-688425672","geometry":{"type":"Polygon","coordinates":[[[-3.664493,40.42241],[-3.664403,40.42241],[-3.664403,40.422488],[-3.664493,40.422488],[-3.664493,40.42241]]]},"properties":{"osmId":688425672,"osmType":"way","tags":{"building":"yes","addr:street":"Calle León Bonnat","addr:housenumber":"11","addr:postcode":"28028"}}},{"type":"Feature","id":"osm-way-688425673","geometry":{"type":"Polygon","coordinates":[[[-3.664403,40.42241],[-3.664308,40.42241],[-3.664307,40.422488],[-3.664403,40.422488],[-3.664403,40.42241]]]},"properties":{"osmId":688425673,"osmType":"way","tags":{"building":"yes","addr:street":"Calle León Bonnat","addr:housenumber":"13","addr:postcode":"28028"}}},{"type":"Feature","id":"osm-way-688447628","geometry":{"type":"Polygon","coordinates":[[[-3.666445,40.422778],[-3.666261,40.42277],[-3.66627,40.422685],[-3.666278,40.422611],[-3.666335,40.422615],[-3.666339,40.422594],[-3.666282,40.422592],[-3.666285,40.422543],[-3.66635,40.422549],[-3.666347,40.422569],[-3.666396,40.422574],[-3.666399,40.422554],[-3.666464,40.422559],[-3.666461,40.422605],[-3.666398,40.4226],[-3.666396,40.422619],[-3.666464,40.42262],[-3.666464,40.422631],[-3.666445,40.422778]]]},"properties":{"osmId":688447628,"osmType":"way","tags":{"building":"yes","addr:street":"Calle de Jorge Juan","addr:housenumber":"116","addr:postcode":"28028"}}},{"type":"Feature","id":"osm-way-688447629","geometry":{"type":"Polygon","coordinates":[[[-3.666261,40.42277],[-3.666185,40.422768],[-3.666186,40.422742],[-3.666114,40.422736],[-3.666112,40.422762],[-3.666019,40.422757],[-3.666019,40.422685],[-3.666017,40.422674],[-3.666056,40.422674],[-3.666056,40.422585],[-3.666023,40.422585],[-3.666023,40.422531],[-3.66602,40.422416],[-3.666108,40.422416],[-3.666111,40.42255],[-3.666248,40.422558],[-3.666249,40.422544],[-3.666285,40.422543],[-3.666282,40.422592],[-3.666282,40.422599],[-3.666248,40.422597],[-3.666241,40.422684],[-3.66627,40.422685],[-3.666261,40.42277]]]},"properties":{"osmId":688447629,"osmType":"way","tags":{"building":"yes","addr:street":"Calle de Jorge Juan","addr:housenumber":"118","addr:postcode":"28028"}}},{"type":"Feature","id":"osm-way-688447631","geometry":{"type":"Polygon","coordinates":[[[-3.666244,40.422413],[-3.666121,40.422415],[-3.666123,40.422485],[-3.666245,40.422483],[-3.666244,40.422413]]]},"properties":{"osmId":688447631,"osmType":"way","tags":{"building":"yes"}}},{"type":"Feature","id":"osm-way-688449109","geometry":{"type":"Polygon","coordinates":[[[-3.664972,40.421074],[-3.664788,40.421097],[-3.664903,40.421688],[-3.665099,40.421671],[-3.664972,40.421074]]]},"properties":{"osmId":688449109,"osmType":"way","tags":{"building":"yes"}}},{"type":"Feature","id":"osm-way-688449111","geometry":{"type":"Polygon","coordinates":[[[-3.664937,40.421721],[-3.664958,40.421842],[-3.664942,40.421844],[-3.664964,40.421948],[-3.665095,40.421954],[-3.665145,40.421905],[-3.665099,40.421707],[-3.664937,40.421721]]]},"properties":{"osmId":688449111,"osmType":"way","tags":{"building":"yes","addr:street":"Calle Elvira","addr:housenumber":"19","addr:postcode":"28028"}}},{"type":"Feature","id":"osm-way-688476142","geometry":{"type":"Polygon","coordinates":[[[-3.665514,40.421782],[-3.665512,40.4218],[-3.66551,40.421836],[-3.665474,40.421836],[-3.665471,40.421895],[-3.665507,40.421896],[-3.665503,40.421962],[-3.66531,40.421959],[-3.665272,40.421933],[-3.665241,40.421793],[-3.665323,40.421785],[-3.665327,40.421802],[-3.665399,40.421795],[-3.665396,40.421776],[-3.665475,40.421765],[-3.665475,40.421786],[-3.665514,40.421782]]]},"properties":{"osmId":688476142,"osmType":"way","tags":{"building":"yes","addr:street":"Calle de Mercedes Fórmica","addr:housenumber":"26","addr:postcode":"28028"}}},{"type":"Feature","id":"osm-way-688476143","geometry":{"type":"Polygon","coordinates":[[[-3.665241,40.421793],[-3.665206,40.421642],[-3.665435,40.421651],[-3.665514,40.421724],[-3.665513,40.421761],[-3.665475,40.421765],[-3.665396,40.421776],[-3.665389,40.421744],[-3.665315,40.421752],[-3.665323,40.421785],[-3.665241,40.421793]]]},"properties":{"osmId":688476143,"osmType":"way","tags":{"building":"yes","addr:street":"Calle Elvira","addr:housenumber":"32","addr:postcode":"28028"}}},{"type":"Feature","id":"osm-way-688479039","geometry":{"type":"Polygon","coordinates":[[[-3.665772,40.42181],[-3.665765,40.421967],[-3.665722,40.421966],[-3.665723,40.421935],[-3.665699,40.421935],[-3.6657,40.421928],[-3.665662,40.421927],[-3.665661,40.421934],[-3.665616,40.421932],[-3.665615,40.42194],[-3.665555,40.421938],[-3.665554,40.421963],[-3.665503,40.421962],[-3.665507,40.421896],[-3.66551,40.421836],[-3.665512,40.4218],[-3.665566,40.421801],[-3.665564,40.421853],[-3.665621,40.421855],[-3.66562,40.421863],[-3.665656,40.421863],[-3.665657,40.421835],[-3.66565,40.421834],[-3.665652,40.421805],[-3.665695,40.421806],[-3.665694,40.421836],[-3.66573,40.421837],[-3.665731,40.421809],[-3.665772,40.42181]]]},"properties":{"osmId":688479039,"osmType":"way","tags":{"building":"yes","addr:street":"Calle de Mercedes Fórmica","addr:housenumber":"24","addr:postcode":"28028"}}},{"type":"Feature","id":"osm-way-688479040","geometry":{"type":"Polygon","coordinates":[[[-3.665652,40.421805],[-3.665652,40.421778],[-3.665654,40.421702],[-3.665742,40.421704],[-3.665737,40.421782],[-3.665735,40.421807],[-3.665695,40.421806],[-3.665652,40.421805]]]},"properties":{"osmId":688479040,"osmType":"way","tags":{"building":"yes","addr:street":"Calle Condes de Torreanaz","addr:housenumber":"41","addr:postcode":"28028"}}},{"type":"Feature","id":"osm-way-688479041","geometry":{"type":"Polygon","coordinates":[[[-3.665737,40.421782],[-3.665787,40.421783],[-3.665784,40.421824],[-3.665856,40.421826],[-3.66586,40.421769],[-3.665833,40.421768],[-3.665836,40.421708],[-3.665742,40.421704],[-3.665737,40.421782]]]},"properties":{"osmId":688479041,"osmType":"way","tags":{"building":"yes","addr:street":"Calle Condes de Torreanaz","addr:housenumber":"39","addr:postcode":"28028"}}},{"type":"Feature","id":"osm-way-688479042","geometry":{"type":"Polygon","coordinates":[[[-3.665654,40.421702],[-3.665561,40.421699],[-3.665554,40.421771],[-3.665514,40.42177],[-3.665514,40.421782],[-3.665512,40.4218],[-3.665566,40.421801],[-3.665567,40.421786],[-3.665555,40.421786],[-3.665556,40.421775],[-3.665652,40.421778],[-3.665654,40.421702]]]},"properties":{"osmId":688479042,"osmType":"way","tags":{"building":"yes","addr:street":"Calle Condes de Torreanaz","addr:housenumber":"43","addr:postcode":"28028"}}},{"type":"Feature","id":"osm-way-688479043","geometry":{"type":"Polygon","coordinates":[[[-3.665249,40.421349],[-3.665151,40.421365],[-3.665181,40.421531],[-3.665301,40.421534],[-3.665292,40.421479],[-3.665266,40.421414],[-3.665249,40.421349]]]},"properties":{"osmId":688479043,"osmType":"way","tags":{"building":"yes","addr:street":"Calle Elvira","addr:housenumber":"34","addr:postcode":"28028"}}},{"type":"Feature","id":"osm-way-688479044","geometry":{"type":"Polygon","coordinates":[[[-3.665449,40.42132],[-3.665297,40.421344],[-3.665315,40.421412],[-3.665467,40.421388],[-3.665449,40.42132]]]},"properties":{"osmId":688479044,"osmType":"way","tags":{"building":"yes"}}},{"type":"Feature","id":"osm-way-722360392","geometry":{"type":"Polygon","coordinates":[[[-3.680229,40.418224],[-3.680216,40.418191],[-3.679975,40.418244],[-3.679828,40.418277],[-3.679867,40.418378],[-3.68002,40.418344],[-3.680042,40.418382],[-3.680074,40.418417],[-3.680109,40.418444],[-3.680166,40.418474],[-3.680222,40.418492],[-3.680293,40.418502],[-3.68034,40.418502],[-3.680391,40.418495],[-3.68032,40.418292],[-3.680349,40.418291],[-3.68039,40.418277],[-3.680417,40.418255],[-3.68043,40.418229],[-3.680431,40.418198],[-3.680413,40.418168],[-3.680386,40.418148],[-3.680348,40.418136],[-3.680311,40.418136],[-3.680272,40.418148],[-3.680247,40.418165],[-3.680229,40.418195],[-3.680229,40.418224]]]},"properties":{"osmId":722360392,"osmType":"way","tags":{"building":"yes","addr:street":"Paseo de la República de Panamá","addr:postcode":"28009"}}},{"type":"Feature","id":"osm-way-726532853","geometry":{"type":"Polygon","coordinates":[[[-3.676181,40.423646],[-3.676079,40.423453],[-3.67618,40.423458],[-3.676208,40.423459],[-3.676193,40.423646],[-3.676181,40.423646]]]},"properties":{"osmId":726532853,"osmType":"way","tags":{"building":"apartments"}}},{"type":"Feature","id":"osm-way-741227869","geometry":{"type":"Polygon","coordinates":[[[-3.682136,40.421439],[-3.682124,40.4214],[-3.682038,40.421417],[-3.68205,40.421455],[-3.682136,40.421439]]]},"properties":{"osmId":741227869,"osmType":"way","tags":{"building":"yes","building:levels":"1"}}},{"type":"Feature","id":"osm-way-741227870","geometry":{"type":"Polygon","coordinates":[[[-3.682263,40.421685],[-3.682236,40.421651],[-3.682161,40.421684],[-3.682187,40.421719],[-3.682263,40.421685]]]},"properties":{"osmId":741227870,"osmType":"way","tags":{"building":"yes","building:levels":"1"}}},{"type":"Feature","id":"osm-way-771022568","geometry":{"type":"Polygon","coordinates":[[[-3.678933,40.419266],[-3.678883,40.419127],[-3.678657,40.419174],[-3.678706,40.419305],[-3.678709,40.419314],[-3.678743,40.419306],[-3.678933,40.419266]]]},"properties":{"osmId":771022568,"osmType":"way","tags":{"building":"apartments","building:levels":"9"}}},{"type":"Feature","id":"osm-way-785473093","geometry":{"type":"Polygon","coordinates":[[[-3.66028,40.411387],[-3.659992,40.411833],[-3.659775,40.41218],[-3.659509,40.412581],[-3.660762,40.413045],[-3.660806,40.413061],[-3.661573,40.41184],[-3.66028,40.411387]]]},"properties":{"osmId":785473093,"osmType":"way","tags":{"building":"retail","addr:street":"Calle del Corregidor Diego de Valderrábano","addr:postcode":"28017"}}},{"type":"Feature","id":"osm-way-790836181","geometry":{"type":"Polygon","coordinates":[[[-3.673605,40.414916],[-3.673603,40.41496],[-3.673597,40.41496],[-3.673596,40.414979],[-3.67356,40.414978],[-3.67356,40.414972],[-3.67355,40.414972],[-3.673549,40.414978],[-3.67352,40.414978],[-3.67352,40.414972],[-3.673508,40.414972],[-3.673508,40.414964],[-3.6735,40.414964],[-3.673501,40.414953],[-3.67345,40.414951],[-3.67345,40.414963],[-3.673442,40.414963],[-3.673441,40.41497],[-3.67343,40.41497],[-3.673429,40.414976],[-3.6734,40.414975],[-3.6734,40.414968],[-3.673389,40.414968],[-3.673389,40.414975],[-3.673352,40.414974],[-3.673353,40.414954],[-3.673346,40.414954],[-3.673348,40.41491],[-3.673348,40.414905],[-3.673355,40.414905],[-3.673356,40.414898],[-3.673365,40.414898],[-3.673366,40.414878],[-3.673356,40.414878],[-3.673357,40.414867],[-3.673349,40.414867],[-3.67335,40.414841],[-3.67336,40.414841],[-3.67336,40.41483],[-3.673377,40.41483],[-3.67338,40.414745],[-3.673363,40.414744],[-3.673363,40.414736],[-3.673354,40.414736],[-3.673355,40.414706],[-3.673363,40.414706],[-3.673364,40.414694],[-3.673373,40.414695],[-3.673375,40.414674],[-3.673365,40.414674],[-3.673365,40.414666],[-3.673357,40.414665],[-3.67336,40.414617],[-3.673368,40.414617],[-3.673368,40.414598],[-3.673406,40.414599],[-3.673406,40.414606],[-3.673417,40.414606],[-3.673417,40.414599],[-3.673445,40.4146],[-3.673445,40.414605],[-3.673457,40.414606],[-3.673457,40.414612],[-3.673465,40.414612],[-3.673464,40.414619],[-3.673515,40.41462],[-3.673516,40.414613],[-3.673523,40.414613],[-3.673523,40.414607],[-3.673536,40.414608],[-3.673536,40.414602],[-3.673565,40.414603],[-3.673565,40.414609],[-3.673576,40.414609],[-3.673576,40.414603],[-3.673611,40.414604],[-3.673611,40.414622],[-3.673617,40.414622],[-3.673615,40.414671],[-3.673608,40.414671],[-3.673607,40.41468],[-3.673598,40.414679],[-3.673597,40.414699],[-3.673607,40.414699],[-3.673606,40.414712],[-3.673614,40.414712],[-3.673613,40.414742],[-3.673606,40.414742],[-3.673606,40.41475],[-3.673588,40.41475],[-3.673584,40.414835],[-3.673602,40.414835],[-3.673601,40.414846],[-3.673608,40.414846],[-3.673607,40.414873],[-3.6736,40.414873],[-3.673599,40.414884],[-3.673589,40.414884],[-3.673588,40.414904],[-3.673598,40.414904],[-3.673598,40.414912],[-3.673605,40.414912],[-3.673605,40.414916]]]},"properties":{"osmId":790836181,"osmType":"way","tags":{"building":"apartments","addr:street":"Plaza del Doctor Laguna","addr:housenumber":"12","addr:postcode":"28009"}}},{"type":"Feature","id":"osm-way-790836182","geometry":{"type":"Polygon","coordinates":[[[-3.670431,40.41646],[-3.670961,40.416491],[-3.670986,40.416221],[-3.67046,40.41619],[-3.67045,40.416289],[-3.670441,40.416371],[-3.670431,40.41646]]]},"properties":{"osmId":790836182,"osmType":"way","tags":{"building":"apartments"}}},{"type":"Feature","id":"osm-way-790836183","geometry":{"type":"Polygon","coordinates":[[[-3.67046,40.41619],[-3.670295,40.41618],[-3.670285,40.416278],[-3.67031,40.41628],[-3.670301,40.416364],[-3.670276,40.416362],[-3.670267,40.416449],[-3.670431,40.41646],[-3.670441,40.416371],[-3.670386,40.416368],[-3.670395,40.416285],[-3.67045,40.416289],[-3.67046,40.41619]]]},"properties":{"osmId":790836183,"osmType":"way","tags":{"building":"apartments"}}},{"type":"Feature","id":"osm-way-815753194","geometry":{"type":"Polygon","coordinates":[[[-3.67087,40.417803],[-3.670874,40.417746],[-3.67088,40.417685],[-3.670894,40.417687],[-3.670896,40.417683],[-3.670898,40.417683],[-3.670901,40.41764],[-3.670902,40.417625],[-3.670893,40.417624],[-3.670899,40.417552],[-3.670901,40.417534],[-3.670964,40.417537],[-3.670997,40.417109],[-3.670021,40.41705],[-3.669986,40.41749],[-3.670051,40.417494],[-3.670049,40.417512],[-3.670045,40.417551],[-3.670041,40.41755],[-3.670038,40.417584],[-3.670035,40.417585],[-3.670032,40.41764],[-3.670033,40.417644],[-3.670047,40.417645],[-3.670041,40.417703],[-3.670045,40.417703],[-3.67004,40.417768],[-3.670031,40.417768],[-3.670022,40.417836],[-3.670071,40.417839],[-3.670077,40.417765],[-3.670083,40.417709],[-3.670098,40.417513],[-3.6701,40.417496],[-3.670853,40.417532],[-3.670853,40.417551],[-3.670836,40.417744],[-3.670831,40.417801],[-3.670825,40.417875],[-3.670873,40.417877],[-3.670878,40.417809],[-3.67087,40.417809],[-3.67087,40.417803]]]},"properties":{"osmId":815753194,"osmType":"way","tags":{"building":"apartments"}}},{"type":"Feature","id":"osm-way-863409733","geometry":{"type":"Polygon","coordinates":[[[-3.675201,40.413473],[-3.675056,40.41347],[-3.675056,40.413456],[-3.675051,40.413456],[-3.675051,40.413448],[-3.675038,40.413448],[-3.675038,40.413443],[-3.675012,40.413443],[-3.675012,40.413448],[-3.675001,40.413448],[-3.675001,40.413442],[-3.67498,40.413442],[-3.67498,40.413448],[-3.674963,40.413448],[-3.674963,40.413456],[-3.674953,40.413457],[-3.674953,40.413509],[-3.67496,40.413509],[-3.67496,40.413522],[-3.674968,40.413522],[-3.674968,40.413543],[-3.67501,40.413543],[-3.67501,40.413561],[-3.675032,40.413561],[-3.675032,40.413581],[-3.675056,40.413581],[-3.675056,40.413619],[-3.675094,40.413619],[-3.675094,40.413574],[-3.675133,40.413574],[-3.675133,40.413591],[-3.675147,40.413591],[-3.675147,40.413564],[-3.675201,40.413564],[-3.675201,40.413522],[-3.675201,40.413473]]]},"properties":{"osmId":863409733,"osmType":"way","tags":{"building":"yes"}}},{"type":"Feature","id":"osm-way-864008143","geometry":{"type":"Polygon","coordinates":[[[-3.665137,40.413041],[-3.664953,40.412868],[-3.66489,40.412908],[-3.665072,40.413082],[-3.664705,40.41331],[-3.664538,40.413154],[-3.664203,40.413362],[-3.664222,40.413379],[-3.664209,40.413387],[-3.664341,40.413512],[-3.664213,40.413591],[-3.664447,40.413811],[-3.665355,40.413246],[-3.665265,40.413161],[-3.665137,40.413041]]]},"properties":{"osmId":864008143,"osmType":"way","tags":{"building":"yes"}}},{"type":"Feature","id":"osm-way-866769840","geometry":{"type":"Polygon","coordinates":[[[-3.668426,40.413279],[-3.668434,40.413174],[-3.669141,40.413209],[-3.669129,40.413352],[-3.668423,40.413319],[-3.668426,40.413279]]]},"properties":{"osmId":866769840,"osmType":"way","tags":{"building":"hotel","building:levels":"1"}}},{"type":"Feature","id":"osm-way-891231298","geometry":{"type":"Polygon","coordinates":[[[-3.66602,40.421175],[-3.666014,40.421248],[-3.666117,40.421253],[-3.666123,40.42118],[-3.66602,40.421175]]]},"properties":{"osmId":891231298,"osmType":"way","tags":{"building":"yes","addr:street":"Calle Aizgorri","addr:housenumber":"7","addr:postcode":"28028"}}},{"type":"Feature","id":"osm-way-891231299","geometry":{"type":"Polygon","coordinates":[[[-3.666128,40.421114],[-3.666133,40.421046],[-3.66603,40.421041],[-3.666025,40.421109],[-3.666128,40.421114]]]},"properties":{"osmId":891231299,"osmType":"way","tags":{"building":"yes","addr:street":"Calle Aizgorri","addr:housenumber":"11","addr:postcode":"28028"}}},{"type":"Feature","id":"osm-way-891231300","geometry":{"type":"Polygon","coordinates":[[[-3.666133,40.421046],[-3.666138,40.420974],[-3.666035,40.42097],[-3.66603,40.421041],[-3.666133,40.421046]]]},"properties":{"osmId":891231300,"osmType":"way","tags":{"building":"yes","addr:street":"Calle Aizgorri","addr:housenumber":"13","addr:postcode":"28028"}}},{"type":"Feature","id":"osm-way-891231301","geometry":{"type":"Polygon","coordinates":[[[-3.665958,40.421039],[-3.665963,40.420966],[-3.66586,40.420962],[-3.665855,40.421034],[-3.665958,40.421039]]]},"properties":{"osmId":891231301,"osmType":"way","tags":{"building":"yes","addr:street":"Calle Begoña","addr:housenumber":"14","addr:postcode":"28028"}}},{"type":"Feature","id":"osm-way-891231302","geometry":{"type":"Polygon","coordinates":[[[-3.66585,40.421103],[-3.665845,40.421169],[-3.665948,40.421173],[-3.665953,40.421107],[-3.66585,40.421103]]]},"properties":{"osmId":891231302,"osmType":"way","tags":{"building":"yes","addr:street":"Calle Begoña","addr:housenumber":"10","addr:postcode":"28028"}}},{"type":"Feature","id":"osm-way-891231303","geometry":{"type":"Polygon","coordinates":[[[-3.665845,40.421169],[-3.66584,40.421241],[-3.665943,40.421246],[-3.665948,40.421173],[-3.665845,40.421169]]]},"properties":{"osmId":891231303,"osmType":"way","tags":{"building":"yes","addr:street":"Calle Begoña","addr:housenumber":"8","addr:postcode":"28028"}}},{"type":"Feature","id":"osm-way-891231304","geometry":{"type":"Polygon","coordinates":[[[-3.666005,40.421358],[-3.665999,40.42143],[-3.6661,40.421434],[-3.666106,40.421362],[-3.666005,40.421358]]]},"properties":{"osmId":891231304,"osmType":"way","tags":{"building":"yes","addr:street":"Calle Aizgorri","addr:housenumber":"3","addr:postcode":"28028"}}},{"type":"Feature","id":"osm-way-891231305","geometry":{"type":"Polygon","coordinates":[[[-3.66583,40.42135],[-3.665824,40.421422],[-3.665927,40.421427],[-3.665932,40.421355],[-3.66583,40.42135]]]},"properties":{"osmId":891231305,"osmType":"way","tags":{"building":"yes","addr:street":"Calle Begoña","addr:housenumber":"4","addr:postcode":"28028"}}},{"type":"Feature","id":"osm-way-894727729","geometry":{"type":"Polygon","coordinates":[[[-3.669511,40.418314],[-3.669557,40.418313],[-3.669602,40.418306],[-3.669645,40.418293],[-3.669684,40.418275],[-3.66972,40.418253],[-3.669752,40.418224],[-3.669776,40.418192],[-3.669794,40.418157],[-3.669802,40.41812],[-3.669959,40.418126],[-3.669953,40.418166],[-3.66994,40.418205],[-3.669921,40.418243],[-3.669896,40.418279],[-3.669857,40.41832],[-3.66981,40.418356],[-3.669756,40.418386],[-3.669697,40.418409],[-3.669634,40.418426],[-3.669568,40.418434],[-3.669501,40.418435],[-3.669511,40.418314]]]},"properties":{"osmId":894727729,"osmType":"way","tags":{"building":"hospital","building:levels":"4"}}},{"type":"Feature","id":"osm-way-894727730","geometry":{"type":"Polygon","coordinates":[[[-3.669515,40.418262],[-3.669519,40.418141],[-3.669537,40.418141],[-3.669554,40.418136],[-3.669569,40.418124],[-3.669575,40.418108],[-3.669733,40.418115],[-3.669726,40.418145],[-3.669713,40.418173],[-3.669692,40.418199],[-3.669665,40.418221],[-3.669632,40.41824],[-3.669595,40.418253],[-3.669556,40.418261],[-3.669515,40.418262]]]},"properties":{"osmId":894727730,"osmType":"way","tags":{"building":"hospital","building:levels":"1"}}},{"type":"Feature","id":"osm-way-905983191","geometry":{"type":"Polygon","coordinates":[[[-3.676736,40.419395],[-3.676848,40.419401],[-3.676869,40.419131],[-3.676759,40.419125],[-3.676748,40.419258],[-3.676746,40.419277],[-3.676744,40.4193],[-3.676742,40.419328],[-3.676736,40.419395]]]},"properties":{"osmId":905983191,"osmType":"way","tags":{"building":"apartments"}}},{"type":"Feature","id":"osm-way-905983192","geometry":{"type":"Polygon","coordinates":[[[-3.676496,40.419229],[-3.676485,40.419383],[-3.676634,40.419388],[-3.676645,40.419234],[-3.676496,40.419229]]]},"properties":{"osmId":905983192,"osmType":"way","tags":{"building":"apartments"}}},{"type":"Feature","id":"osm-way-923110487","geometry":{"type":"Polygon","coordinates":[[[-3.679562,40.425839],[-3.679554,40.425952],[-3.679624,40.425954],[-3.679625,40.425936],[-3.679731,40.425941],[-3.67973,40.425959],[-3.679766,40.42596],[-3.679923,40.425966],[-3.679924,40.425941],[-3.67993,40.425855],[-3.679738,40.425847],[-3.679737,40.425865],[-3.679631,40.425861],[-3.679632,40.425842],[-3.679562,40.425839]]]},"properties":{"osmId":923110487,"osmType":"way","tags":{"building":"apartments","addr:street":"Calle del Príncipe de Vergara","addr:housenumber":"28"}}},{"type":"Feature","id":"osm-way-931358346","geometry":{"type":"Polygon","coordinates":[[[-3.681782,40.425492],[-3.68178,40.425536],[-3.681777,40.425587],[-3.681566,40.42558],[-3.681572,40.425483],[-3.681782,40.425492]]]},"properties":{"osmId":931358346,"osmType":"way","tags":{"building":"apartments"}}},{"type":"Feature","id":"osm-way-931635369","geometry":{"type":"Polygon","coordinates":[[[-3.667038,40.412013],[-3.666973,40.41196],[-3.666913,40.412003],[-3.666978,40.412056],[-3.667038,40.412013]]]},"properties":{"osmId":931635369,"osmType":"way","tags":{"building":"yes"}}},{"type":"Feature","id":"osm-way-955647958","geometry":{"type":"Polygon","coordinates":[[[-3.681129,40.423215],[-3.681122,40.4233],[-3.681107,40.423491],[-3.681102,40.42356],[-3.680983,40.423554],[-3.681009,40.423196],[-3.681013,40.42314],[-3.681135,40.423146],[-3.681129,40.423215]]]},"properties":{"osmId":955647958,"osmType":"way","tags":{"building":"yes"}}},{"type":"Feature","id":"osm-way-955647959","geometry":{"type":"Polygon","coordinates":[[[-3.681013,40.42314],[-3.681009,40.423196],[-3.680864,40.423191],[-3.680869,40.423133],[-3.681013,40.42314]]]},"properties":{"osmId":955647959,"osmType":"way","tags":{"building":"yes"}}},{"type":"Feature","id":"osm-way-978876479","geometry":{"type":"Polygon","coordinates":[[[-3.679725,40.421551],[-3.679722,40.421414],[-3.679592,40.421126],[-3.679059,40.421102],[-3.679025,40.421568],[-3.679725,40.421551]]]},"properties":{"osmId":978876479,"osmType":"way","tags":{"building":"yes"}}},{"type":"Feature","id":"osm-way-983424199","geometry":{"type":"Polygon","coordinates":[[[-3.667809,40.413521],[-3.667809,40.413502],[-3.667794,40.413501],[-3.667805,40.413372],[-3.667736,40.413367],[-3.667724,40.41353],[-3.667728,40.41353],[-3.667728,40.413525],[-3.667799,40.413528],[-3.6678,40.413521],[-3.667809,40.413521]]]},"properties":{"osmId":983424199,"osmType":"way","tags":{"building":"yes"}}},{"type":"Feature","id":"osm-way-983727806","geometry":{"type":"Polygon","coordinates":[[[-3.675844,40.421207],[-3.675832,40.421364],[-3.675795,40.421388],[-3.675608,40.421379],[-3.675538,40.421376],[-3.675546,40.421297],[-3.675547,40.421281],[-3.675585,40.421283],[-3.675591,40.421225],[-3.675552,40.421223],[-3.675555,40.421193],[-3.675652,40.421197],[-3.675648,40.421249],[-3.675711,40.421252],[-3.675716,40.421201],[-3.675844,40.421207]]]},"properties":{"osmId":983727806,"osmType":"way","tags":{"building":"apartments","building:levels":"9"}}},{"type":"Feature","id":"osm-way-1016298785","geometry":{"type":"Polygon","coordinates":[[[-3.664343,40.422517],[-3.664338,40.422545],[-3.664318,40.422545],[-3.664314,40.422571],[-3.664297,40.42257],[-3.664295,40.422591],[-3.664312,40.422592],[-3.664311,40.422621],[-3.664404,40.422627],[-3.664412,40.42252],[-3.664343,40.422517]]]},"properties":{"osmId":1016298785,"osmType":"way","tags":{"building":"yes","addr:street":"Calle de Jorge Juan","addr:housenumber":"140","addr:postcode":"28028"}}},{"type":"Feature","id":"osm-way-1016298786","geometry":{"type":"Polygon","coordinates":[[[-3.664501,40.422556],[-3.664413,40.42255],[-3.664404,40.422627],[-3.664493,40.422632],[-3.664501,40.422556]]]},"properties":{"osmId":1016298786,"osmType":"way","tags":{"building":"yes","addr:street":"Calle de Jorge Juan","addr:housenumber":"138","addr:postcode":"28028"}}},{"type":"Feature","id":"osm-way-1016298787","geometry":{"type":"Polygon","coordinates":[[[-3.66459,40.422561],[-3.664501,40.422556],[-3.664493,40.422632],[-3.664581,40.422638],[-3.66459,40.422561]]]},"properties":{"osmId":1016298787,"osmType":"way","tags":{"building":"yes","addr:street":"Calle de Jorge Juan","addr:housenumber":"136","addr:postcode":"28028"}}},{"type":"Feature","id":"osm-way-1016298788","geometry":{"type":"Polygon","coordinates":[[[-3.664679,40.422567],[-3.66459,40.422561],[-3.664581,40.422638],[-3.664671,40.422643],[-3.664679,40.422567]]]},"properties":{"osmId":1016298788,"osmType":"way","tags":{"building":"yes","addr:street":"Calle de Jorge Juan","addr:housenumber":"134","addr:postcode":"28028"}}},{"type":"Feature","id":"osm-way-1016298789","geometry":{"type":"Polygon","coordinates":[[[-3.664949,40.422405],[-3.66491,40.422405],[-3.66491,40.422402],[-3.664858,40.422402],[-3.664858,40.422452],[-3.664894,40.422452],[-3.664894,40.422469],[-3.66495,40.422469],[-3.664949,40.422405]]]},"properties":{"osmId":1016298789,"osmType":"way","tags":{"building":"yes","addr:street":"Calle León Bonnat","addr:housenumber":"3","addr:postcode":"28028"}}},{"type":"Feature","id":"osm-way-1016298790","geometry":{"type":"Polygon","coordinates":[[[-3.66495,40.422469],[-3.664894,40.422469],[-3.664876,40.422469],[-3.664876,40.422496],[-3.664857,40.422496],[-3.664857,40.422538],[-3.66495,40.422538],[-3.66495,40.422469]]]},"properties":{"osmId":1016298790,"osmType":"way","tags":{"building":"yes","addr:street":"Calle Marqués de la Hermida","addr:housenumber":"5","addr:postcode":"28028"}}},{"type":"Feature","id":"osm-way-1016298791","geometry":{"type":"Polygon","coordinates":[[[-3.66495,40.422608],[-3.66495,40.422538],[-3.664857,40.422538],[-3.664857,40.422577],[-3.664891,40.422579],[-3.66489,40.422606],[-3.66495,40.422608]]]},"properties":{"osmId":1016298791,"osmType":"way","tags":{"building":"yes","addr:street":"Calle Marqués de la Hermida","addr:housenumber":"3","addr:postcode":"28028"}}},{"type":"Feature","id":"osm-way-1016298792","geometry":{"type":"Polygon","coordinates":[[[-3.66495,40.422608],[-3.66489,40.422606],[-3.664888,40.422634],[-3.664857,40.422635],[-3.664857,40.422667],[-3.66495,40.422669],[-3.66495,40.422608]]]},"properties":{"osmId":1016298792,"osmType":"way","tags":{"building":"yes","addr:street":"Calle de Jorge Juan","addr:housenumber":"130","addr:postcode":"28028"}}},{"type":"Feature","id":"osm-way-1016298793","geometry":{"type":"Polygon","coordinates":[[[-3.665175,40.422685],[-3.66518,40.422626],[-3.665081,40.42262],[-3.665074,40.422679],[-3.665175,40.422685]]]},"properties":{"osmId":1016298793,"osmType":"way","tags":{"building":"yes","addr:street":"Calle de Jorge Juan","addr:housenumber":"128","addr:postcode":"28028"}}},{"type":"Feature","id":"osm-way-1016298794","geometry":{"type":"Polygon","coordinates":[[[-3.66528,40.422691],[-3.665284,40.422632],[-3.66518,40.422626],[-3.665175,40.422685],[-3.66528,40.422691]]]},"properties":{"osmId":1016298794,"osmType":"way","tags":{"building":"yes","addr:street":"Calle de Jorge Juan","addr:housenumber":"126","addr:postcode":"28028"}}},{"type":"Feature","id":"osm-way-1016298795","geometry":{"type":"Polygon","coordinates":[[[-3.665257,40.422583],[-3.665261,40.422525],[-3.665163,40.422522],[-3.665164,40.422581],[-3.665257,40.422583]]]},"properties":{"osmId":1016298795,"osmType":"way","tags":{"building":"yes","addr:street":"Calle Elvira","addr:housenumber":"13","addr:postcode":"28028"}}},{"type":"Feature","id":"osm-way-1016298796","geometry":{"type":"Polygon","coordinates":[[[-3.665164,40.422581],[-3.665163,40.422522],[-3.665077,40.422521],[-3.665074,40.422577],[-3.665164,40.422581]]]},"properties":{"osmId":1016298796,"osmType":"way","tags":{"building":"yes","addr:street":"Calle Marqués de la Hermida","addr:housenumber":"4","addr:postcode":"28028"}}},{"type":"Feature","id":"osm-way-1016298797","geometry":{"type":"Polygon","coordinates":[[[-3.665228,40.422403],[-3.665148,40.422402],[-3.665147,40.422483],[-3.665226,40.422483],[-3.665228,40.422403]]]},"properties":{"osmId":1016298797,"osmType":"way","tags":{"building":"yes","addr:street":"Calle León Bonnat","addr:housenumber":"1","addr:postcode":"28028"}}},{"type":"Feature","id":"osm-way-1016298798","geometry":{"type":"Polygon","coordinates":[[[-3.665074,40.422401],[-3.665072,40.422482],[-3.665147,40.422483],[-3.665148,40.422402],[-3.665074,40.422401]]]},"properties":{"osmId":1016298798,"osmType":"way","tags":{"building":"yes","addr:street":"Calle León Bonnat","addr:housenumber":"1","addr:postcode":"28028"}}},{"type":"Feature","id":"osm-way-1016298799","geometry":{"type":"Polygon","coordinates":[[[-3.667683,40.421977],[-3.667688,40.421904],[-3.667584,40.4219],[-3.66758,40.421972],[-3.667683,40.421977]]]},"properties":{"osmId":1016298799,"osmType":"way","tags":{"building":"yes","addr:street":"Calle Pintor Domínguez","addr:housenumber":"3","addr:postcode":"28028"}}},{"type":"Feature","id":"osm-way-1016298800","geometry":{"type":"Polygon","coordinates":[[[-3.667315,40.421958],[-3.66731,40.422029],[-3.667411,40.422032],[-3.667416,40.421962],[-3.667315,40.421958]]]},"properties":{"osmId":1016298800,"osmType":"way","tags":{"building":"yes","addr:street":"Calle Pintor Domínguez","addr:housenumber":"6","addr:postcode":"28028"}}},{"type":"Feature","id":"osm-way-1016388272","geometry":{"type":"Polygon","coordinates":[[[-3.667095,40.424605],[-3.667439,40.424613],[-3.667442,40.424528],[-3.667414,40.424527],[-3.667417,40.42448],[-3.667449,40.424481],[-3.667455,40.424386],[-3.667213,40.424383],[-3.667212,40.424413],[-3.667096,40.42441],[-3.667097,40.424466],[-3.667113,40.424466],[-3.667114,40.424514],[-3.667097,40.424514],[-3.667095,40.424605]]]},"properties":{"osmId":1016388272,"osmType":"way","tags":{"building":"apartments","addr:street":"Calle Fundadores","addr:housenumber":"10","addr:postcode":"28028"}}},{"type":"Feature","id":"osm-way-1016388273","geometry":{"type":"Polygon","coordinates":[[[-3.664868,40.424932],[-3.664843,40.425002],[-3.664744,40.424982],[-3.664769,40.424912],[-3.664868,40.424932]]]},"properties":{"osmId":1016388273,"osmType":"way","tags":{"building":"apartments","addr:street":"Calle Doctor Oloriz","addr:housenumber":"4","addr:postcode":"28028"}}},{"type":"Feature","id":"osm-way-1016388274","geometry":{"type":"Polygon","coordinates":[[[-3.664793,40.424845],[-3.664817,40.424776],[-3.664915,40.424796],[-3.664891,40.424865],[-3.664793,40.424845]]]},"properties":{"osmId":1016388274,"osmType":"way","tags":{"building":"apartments","addr:street":"Calle Doctor Oloriz","addr:housenumber":"8","addr:postcode":"28028"}}},{"type":"Feature","id":"osm-way-1016388275","geometry":{"type":"Polygon","coordinates":[[[-3.664448,40.425172],[-3.664358,40.425153],[-3.66433,40.425231],[-3.664421,40.42525],[-3.664448,40.425172]]]},"properties":{"osmId":1016388275,"osmType":"way","tags":{"building":"yes","addr:street":"Calle Dolores Romero","addr:housenumber":"7","addr:postcode":"28028"}}},{"type":"Feature","id":"osm-way-1016388276","geometry":{"type":"Polygon","coordinates":[[[-3.664675,40.425223],[-3.664588,40.425204],[-3.664559,40.425278],[-3.664648,40.425298],[-3.664675,40.425223]]]},"properties":{"osmId":1016388276,"osmType":"way","tags":{"building":"yes","addr:street":"Calle Dolores Romero","addr:housenumber":"3","addr:postcode":"28028"}}},{"type":"Feature","id":"osm-way-1016388277","geometry":{"type":"Polygon","coordinates":[[[-3.663901,40.423147],[-3.663879,40.423225],[-3.663671,40.42319],[-3.663675,40.42311],[-3.663901,40.423147]]]},"properties":{"osmId":1016388277,"osmType":"way","tags":{"building":"yes","addr:street":"Calle José Celestino Mutis","addr:housenumber":"32","addr:postcode":"28028"}}},{"type":"Feature","id":"osm-way-1016388278","geometry":{"type":"Polygon","coordinates":[[[-3.664741,40.422271],[-3.664741,40.422207],[-3.664634,40.422206],[-3.664634,40.422271],[-3.664741,40.422271]]]},"properties":{"osmId":1016388278,"osmType":"way","tags":{"building":"yes","addr:street":"Calle León Bonnat","addr:housenumber":"8","addr:postcode":"28028"}}},{"type":"Feature","id":"osm-way-1016388279","geometry":{"type":"Polygon","coordinates":[[[-3.664846,40.422273],[-3.664845,40.422208],[-3.664741,40.422207],[-3.664741,40.422271],[-3.664846,40.422273]]]},"properties":{"osmId":1016388279,"osmType":"way","tags":{"building":"yes","addr:street":"Calle León Bonnat","addr:housenumber":"6","addr:postcode":"28028"}}},{"type":"Feature","id":"osm-way-1016388280","geometry":{"type":"Polygon","coordinates":[[[-3.66495,40.422273],[-3.66495,40.422207],[-3.664845,40.422208],[-3.664846,40.422273],[-3.66495,40.422273]]]},"properties":{"osmId":1016388280,"osmType":"way","tags":{"building":"yes","addr:street":"Calle León Bonnat","addr:housenumber":"4","addr:postcode":"28028"}}},{"type":"Feature","id":"osm-way-1016388281","geometry":{"type":"Polygon","coordinates":[[[-3.665595,40.422056],[-3.665356,40.422049],[-3.665303,40.422091],[-3.665329,40.42221],[-3.665432,40.422212],[-3.665415,40.42215],[-3.665441,40.422128],[-3.665468,40.422127],[-3.665469,40.422146],[-3.665544,40.422145],[-3.665543,40.422126],[-3.665597,40.422129],[-3.665595,40.422056]]]},"properties":{"osmId":1016388281,"osmType":"way","tags":{"building":"yes","addr:street":"Calle de Mercedes Fórmica","addr:housenumber":"17","addr:postcode":"28028"}}},{"type":"Feature","id":"osm-way-1024672822","geometry":{"type":"Polygon","coordinates":[[[-3.67346,40.418269],[-3.673187,40.418256],[-3.673164,40.418532],[-3.673295,40.41854],[-3.673421,40.418548],[-3.673458,40.418551],[-3.673459,40.418485],[-3.673459,40.418399],[-3.67346,40.418269]]]},"properties":{"osmId":1024672822,"osmType":"way","tags":{"building":"apartments","building:levels":"7"}}},{"type":"Feature","id":"osm-way-1028588560","geometry":{"type":"Polygon","coordinates":[[[-3.665869,40.42385],[-3.666005,40.423866],[-3.666008,40.42384],[-3.665984,40.423837],[-3.665992,40.423775],[-3.666097,40.423782],[-3.666087,40.423877],[-3.666177,40.423887],[-3.666185,40.423888],[-3.66617,40.423968],[-3.665917,40.42394],[-3.665923,40.423906],[-3.665857,40.423898],[-3.665869,40.42385]]]},"properties":{"osmId":1028588560,"osmType":"way","tags":{"building":"apartments","addr:street":"Calle Antonio Toledano","addr:housenumber":"25","addr:postcode":"28028"}}},{"type":"Feature","id":"osm-way-1028588561","geometry":{"type":"Polygon","coordinates":[[[-3.665992,40.423775],[-3.665997,40.423727],[-3.665993,40.423727],[-3.665999,40.423645],[-3.666207,40.423658],[-3.666204,40.423683],[-3.666197,40.423741],[-3.666103,40.423735],[-3.666097,40.423782],[-3.665992,40.423775]]]},"properties":{"osmId":1028588561,"osmType":"way","tags":{"building":"apartments","addr:street":"Calle Antonio Toledano","addr:housenumber":"25","addr:postcode":"28028"}}},{"type":"Feature","id":"osm-way-1028588562","geometry":{"type":"Polygon","coordinates":[[[-3.665867,40.423484],[-3.665816,40.423647],[-3.665713,40.423628],[-3.665765,40.423465],[-3.665867,40.423484]]]},"properties":{"osmId":1028588562,"osmType":"way","tags":{"building":"apartments","addr:street":"Calle Antonio Toledano","addr:housenumber":"25","addr:postcode":"28028"}}},{"type":"Feature","id":"osm-way-1028588563","geometry":{"type":"Polygon","coordinates":[[[-3.665816,40.423647],[-3.665765,40.423811],[-3.665747,40.423808],[-3.66568,40.423796],[-3.665661,40.423793],[-3.665713,40.423628],[-3.665816,40.423647]]]},"properties":{"osmId":1028588563,"osmType":"way","tags":{"building":"apartments","addr:street":"Calle Antonio Toledano","addr:housenumber":"25","addr:postcode":"28028"}}},{"type":"Feature","id":"osm-way-1028588564","geometry":{"type":"Polygon","coordinates":[[[-3.665765,40.423465],[-3.665817,40.4233],[-3.665855,40.42327],[-3.665939,40.423332],[-3.665907,40.423356],[-3.665867,40.423484],[-3.665765,40.423465]]]},"properties":{"osmId":1028588564,"osmType":"way","tags":{"building":"apartments","addr:street":"Calle Antonio Toledano","addr:housenumber":"25","addr:postcode":"28028"}}},{"type":"Feature","id":"osm-way-1028588565","geometry":{"type":"Polygon","coordinates":[[[-3.666108,40.423199],[-3.666312,40.423159],[-3.666338,40.423238],[-3.666134,40.423277],[-3.666108,40.423199]]]},"properties":{"osmId":1028588565,"osmType":"way","tags":{"building":"apartments","addr:street":"Calle Antonio Toledano","addr:housenumber":"25","addr:postcode":"28028"}}},{"type":"Feature","id":"osm-way-1028588566","geometry":{"type":"Polygon","coordinates":[[[-3.666312,40.423159],[-3.666515,40.42312],[-3.666542,40.423199],[-3.666338,40.423238],[-3.666312,40.423159]]]},"properties":{"osmId":1028588566,"osmType":"way","tags":{"building":"apartments","addr:street":"Calle Antonio Toledano","addr:housenumber":"25","addr:postcode":"28028"}}},{"type":"Feature","id":"osm-way-1028588567","geometry":{"type":"Polygon","coordinates":[[[-3.666515,40.42312],[-3.666722,40.42308],[-3.666739,40.423134],[-3.666747,40.423159],[-3.666542,40.423199],[-3.666515,40.42312]]]},"properties":{"osmId":1028588567,"osmType":"way","tags":{"building":"apartments","addr:street":"Calle Antonio Toledano","addr:housenumber":"25","addr:postcode":"28028"}}},{"type":"Feature","id":"osm-way-1044479806","geometry":{"type":"Polygon","coordinates":[[[-3.669952,40.423803],[-3.669686,40.42379],[-3.66967,40.423965],[-3.669941,40.423981],[-3.669952,40.423803]]]},"properties":{"osmId":1044479806,"osmType":"way","tags":{"building":"apartments","addr:street":"Calle de la Povedilla","addr:housenumber":"11","addr:postcode":"28009"}}},{"type":"Feature","id":"osm-way-1056844796","geometry":{"type":"Polygon","coordinates":[[[-3.676648,40.425905],[-3.676559,40.4259],[-3.676562,40.425868],[-3.676573,40.425731],[-3.67666,40.425733],[-3.676648,40.425905]]]},"properties":{"osmId":1056844796,"osmType":"way","tags":{"building":"yes"}}},{"type":"Feature","id":"osm-way-1056844797","geometry":{"type":"Polygon","coordinates":[[[-3.66529,40.425326],[-3.665181,40.425311],[-3.665194,40.425253],[-3.665198,40.425232],[-3.665279,40.425246],[-3.66529,40.425326]]]},"properties":{"osmId":1056844797,"osmType":"way","tags":{"building":"yes"}}},{"type":"Feature","id":"osm-way-1056844991","geometry":{"type":"Polygon","coordinates":[[[-3.66497,40.425352],[-3.664979,40.42536],[-3.665,40.425372],[-3.66499,40.4254],[-3.664898,40.425381],[-3.664911,40.425344],[-3.664958,40.425354],[-3.66497,40.425352]]]},"properties":{"osmId":1056844991,"osmType":"way","tags":{"building":"yes"}}},{"type":"Feature","id":"osm-way-1073617788","geometry":{"type":"Polygon","coordinates":[[[-3.67932,40.416282],[-3.679335,40.416279],[-3.679348,40.416273],[-3.679357,40.416264],[-3.679362,40.416253],[-3.679362,40.416242],[-3.679358,40.416231],[-3.679349,40.416222],[-3.679336,40.416216],[-3.679322,40.416213],[-3.679307,40.416213],[-3.679293,40.416218],[-3.679282,40.416225],[-3.679275,40.416235],[-3.679272,40.416246],[-3.679274,40.416258],[-3.679281,40.416268],[-3.679292,40.416276],[-3.679305,40.416281],[-3.67932,40.416282]]]},"properties":{"osmId":1073617788,"osmType":"way","tags":{"building":"yes"}}},{"type":"Feature","id":"osm-way-1087467349","geometry":{"type":"Polygon","coordinates":[[[-3.684263,40.419597],[-3.684178,40.419614],[-3.684152,40.419544],[-3.684235,40.419526],[-3.684263,40.419597]]]},"properties":{"osmId":1087467349,"osmType":"way","tags":{"building":"yes"}}},{"type":"Feature","id":"osm-way-1087467350","geometry":{"type":"Polygon","coordinates":[[[-3.683581,40.41835],[-3.683466,40.418367],[-3.683374,40.417999],[-3.68349,40.417982],[-3.683581,40.41835]]]},"properties":{"osmId":1087467350,"osmType":"way","tags":{"building":"yes"}}},{"type":"Feature","id":"osm-way-1087469006","geometry":{"type":"Polygon","coordinates":[[[-3.682714,40.424827],[-3.682702,40.424967],[-3.682658,40.424989],[-3.682664,40.424889],[-3.682649,40.42489],[-3.682652,40.424826],[-3.682714,40.424827]]]},"properties":{"osmId":1087469006,"osmType":"way","tags":{"building":"yes"}}},{"type":"Feature","id":"osm-way-1089699298","geometry":{"type":"Polygon","coordinates":[[[-3.678664,40.416496],[-3.678623,40.416505],[-3.678611,40.416475],[-3.67865,40.416464],[-3.678664,40.416496]]]},"properties":{"osmId":1089699298,"osmType":"way","tags":{"building":"yes"}}},{"type":"Feature","id":"osm-way-1089699299","geometry":{"type":"Polygon","coordinates":[[[-3.679286,40.416445],[-3.679261,40.416433],[-3.679279,40.416411],[-3.679304,40.416422],[-3.679286,40.416445]]]},"properties":{"osmId":1089699299,"osmType":"way","tags":{"building":"yes"}}},{"type":"Feature","id":"osm-way-1191364215","geometry":{"type":"Polygon","coordinates":[[[-3.682372,40.414488],[-3.682337,40.414496],[-3.682327,40.414469],[-3.682362,40.414462],[-3.682372,40.414488]]]},"properties":{"osmId":1191364215,"osmType":"way","tags":{"building":"guardhouse"}}},{"type":"Feature","id":"osm-way-1191364216","geometry":{"type":"Polygon","coordinates":[[[-3.682415,40.414617],[-3.68238,40.414624],[-3.682371,40.414597],[-3.682406,40.41459],[-3.682415,40.414617]]]},"properties":{"osmId":1191364216,"osmType":"way","tags":{"building":"guardhouse"}}},{"type":"Feature","id":"osm-way-1217306991","geometry":{"type":"Polygon","coordinates":[[[-3.675915,40.423874],[-3.675936,40.423875],[-3.675938,40.423849],[-3.675917,40.423848],[-3.675915,40.423874]]]},"properties":{"osmId":1217306991,"osmType":"way","tags":{"building":"yes"}}},{"type":"Feature","id":"osm-way-1334509656","geometry":{"type":"Polygon","coordinates":[[[-3.668129,40.42153],[-3.668536,40.421554],[-3.668551,40.421422],[-3.668137,40.421404],[-3.668129,40.42153]]]},"properties":{"osmId":1334509656,"osmType":"way","tags":{"building":"roof"}}},{"type":"Feature","id":"osm-way-1338081678","geometry":{"type":"Polygon","coordinates":[[[-3.680966,40.420622],[-3.680933,40.420598],[-3.680948,40.420587],[-3.680946,40.420586],[-3.680951,40.420582],[-3.680946,40.420578],[-3.680981,40.420551],[-3.680986,40.420555],[-3.680991,40.420551],[-3.681027,40.420577],[-3.681022,40.420581],[-3.681027,40.420585],[-3.680992,40.420612],[-3.680987,40.420609],[-3.680982,40.420612],[-3.68098,40.420611],[-3.680966,40.420622]]]},"properties":{"osmId":1338081678,"osmType":"way","tags":{"building":"yes"}}},{"type":"Feature","id":"osm-way-1341580071","geometry":{"type":"Polygon","coordinates":[[[-3.680348,40.418136],[-3.680314,40.418062],[-3.680261,40.418042],[-3.6797,40.418175],[-3.679752,40.418297],[-3.679828,40.418277],[-3.679975,40.418244],[-3.680216,40.418191],[-3.680229,40.418224],[-3.680229,40.418195],[-3.680247,40.418165],[-3.680272,40.418148],[-3.680311,40.418136],[-3.680348,40.418136]]]},"properties":{"osmId":1341580071,"osmType":"way","tags":{"building":"retail"}}},{"type":"Feature","id":"osm-way-1349228943","geometry":{"type":"Polygon","coordinates":[[[-3.67687,40.42401],[-3.676868,40.424038],[-3.676835,40.424036],[-3.676835,40.424021],[-3.676835,40.424008],[-3.67687,40.42401]]]},"properties":{"osmId":1349228943,"osmType":"way","tags":{"building":"yes"}}},{"type":"Feature","id":"osm-way-1349228944","geometry":{"type":"Polygon","coordinates":[[[-3.676835,40.424021],[-3.676835,40.424036],[-3.676833,40.424048],[-3.676797,40.424047],[-3.676799,40.42402],[-3.676835,40.424021]]]},"properties":{"osmId":1349228944,"osmType":"way","tags":{"building":"yes"}}},{"type":"Feature","id":"osm-way-1349228945","geometry":{"type":"Polygon","coordinates":[[[-3.676799,40.42402],[-3.676797,40.424047],[-3.676764,40.424046],[-3.676765,40.424018],[-3.676799,40.42402]]]},"properties":{"osmId":1349228945,"osmType":"way","tags":{"building":"yes"}}},{"type":"Feature","id":"osm-way-1349228946","geometry":{"type":"Polygon","coordinates":[[[-3.676765,40.424018],[-3.676764,40.424046],[-3.67673,40.424044],[-3.67673,40.424029],[-3.67673,40.424017],[-3.676765,40.424018]]]},"properties":{"osmId":1349228946,"osmType":"way","tags":{"building":"yes"}}},{"type":"Feature","id":"osm-way-1349228947","geometry":{"type":"Polygon","coordinates":[[[-3.67673,40.424003],[-3.67673,40.424017],[-3.67673,40.424029],[-3.676696,40.424028],[-3.676696,40.424001],[-3.67673,40.424003]]]},"properties":{"osmId":1349228947,"osmType":"way","tags":{"building":"yes"}}},{"type":"Feature","id":"osm-way-1349228948","geometry":{"type":"Polygon","coordinates":[[[-3.67661,40.42401],[-3.676609,40.424024],[-3.676609,40.424037],[-3.676574,40.424036],[-3.676575,40.424009],[-3.67661,40.42401]]]},"properties":{"osmId":1349228948,"osmType":"way","tags":{"building":"yes"}}},{"type":"Feature","id":"osm-way-1349228949","geometry":{"type":"Polygon","coordinates":[[[-3.676646,40.424025],[-3.676609,40.424024],[-3.67661,40.42401],[-3.676611,40.423997],[-3.676647,40.423998],[-3.676646,40.424025]]]},"properties":{"osmId":1349228949,"osmType":"way","tags":{"building":"yes"}}},{"type":"Feature","id":"osm-way-1349228950","geometry":{"type":"Polygon","coordinates":[[[-3.676575,40.424009],[-3.676574,40.424036],[-3.676539,40.424034],[-3.67654,40.424007],[-3.676575,40.424009]]]},"properties":{"osmId":1349228950,"osmType":"way","tags":{"building":"yes"}}},{"type":"Feature","id":"osm-way-1349228951","geometry":{"type":"Polygon","coordinates":[[[-3.67654,40.424007],[-3.676539,40.424034],[-3.676503,40.424033],[-3.676504,40.424018],[-3.676504,40.424006],[-3.67654,40.424007]]]},"properties":{"osmId":1349228951,"osmType":"way","tags":{"building":"yes"}}},{"type":"Feature","id":"osm-way-1349228952","geometry":{"type":"Polygon","coordinates":[[[-3.676471,40.424017],[-3.676504,40.424018],[-3.676504,40.424006],[-3.676505,40.423993],[-3.676471,40.423991],[-3.676471,40.424017]]]},"properties":{"osmId":1349228952,"osmType":"way","tags":{"building":"yes"}}},{"type":"Feature","id":"osm-way-1349228953","geometry":{"type":"Polygon","coordinates":[[[-3.676471,40.423991],[-3.676471,40.424017],[-3.676435,40.424016],[-3.676436,40.424001],[-3.676436,40.423988],[-3.676471,40.423991]]]},"properties":{"osmId":1349228953,"osmType":"way","tags":{"building":"yes"}}},{"type":"Feature","id":"osm-way-1349228954","geometry":{"type":"Polygon","coordinates":[[[-3.676436,40.424001],[-3.676435,40.424016],[-3.676434,40.424029],[-3.6764,40.424026],[-3.676401,40.424],[-3.676436,40.424001]]]},"properties":{"osmId":1349228954,"osmType":"way","tags":{"building":"yes"}}},{"type":"Feature","id":"osm-way-1349228955","geometry":{"type":"Polygon","coordinates":[[[-3.676365,40.423998],[-3.676401,40.424],[-3.6764,40.424026],[-3.676364,40.424025],[-3.676365,40.423998]]]},"properties":{"osmId":1349228955,"osmType":"way","tags":{"building":"yes"}}},{"type":"Feature","id":"osm-way-1349228956","geometry":{"type":"Polygon","coordinates":[[[-3.676364,40.424025],[-3.676331,40.424024],[-3.676332,40.424009],[-3.676332,40.423995],[-3.676365,40.423998],[-3.676364,40.424025]]]},"properties":{"osmId":1349228956,"osmType":"way","tags":{"building":"yes"}}},{"type":"Feature","id":"osm-way-1349228957","geometry":{"type":"Polygon","coordinates":[[[-3.676332,40.423984],[-3.676332,40.423995],[-3.676332,40.424009],[-3.676297,40.424008],[-3.676299,40.423981],[-3.676332,40.423984]]]},"properties":{"osmId":1349228957,"osmType":"way","tags":{"building":"yes"}}},{"type":"Feature","id":"osm-way-1349228958","geometry":{"type":"Polygon","coordinates":[[[-3.676253,40.423979],[-3.676252,40.424006],[-3.676216,40.424005],[-3.676217,40.423991],[-3.676217,40.423977],[-3.676253,40.423979]]]},"properties":{"osmId":1349228958,"osmType":"way","tags":{"building":"yes"}}},{"type":"Feature","id":"osm-way-1349228959","geometry":{"type":"Polygon","coordinates":[[[-3.676217,40.423991],[-3.676216,40.424005],[-3.676216,40.424018],[-3.67618,40.424016],[-3.676182,40.42399],[-3.676217,40.423991]]]},"properties":{"osmId":1349228959,"osmType":"way","tags":{"building":"yes"}}},{"type":"Feature","id":"osm-way-1349228960","geometry":{"type":"Polygon","coordinates":[[[-3.676182,40.42399],[-3.67618,40.424016],[-3.676147,40.424015],[-3.676147,40.423988],[-3.676182,40.42399]]]},"properties":{"osmId":1349228960,"osmType":"way","tags":{"building":"yes"}}},{"type":"Feature","id":"osm-way-1349228961","geometry":{"type":"Polygon","coordinates":[[[-3.676147,40.423988],[-3.676147,40.424015],[-3.676111,40.424012],[-3.676112,40.423986],[-3.676147,40.423988]]]},"properties":{"osmId":1349228961,"osmType":"way","tags":{"building":"yes"}}},{"type":"Feature","id":"osm-way-1349228963","geometry":{"type":"Polygon","coordinates":[[[-3.676084,40.423992],[-3.676083,40.42401],[-3.676047,40.424009],[-3.676048,40.42399],[-3.676084,40.423992]]]},"properties":{"osmId":1349228963,"osmType":"way","tags":{"building":"yes"}}},{"type":"Feature","id":"osm-way-1349516824","geometry":{"type":"Polygon","coordinates":[[[-3.682193,40.425928],[-3.682005,40.425925],[-3.682022,40.425579],[-3.682207,40.425579],[-3.682195,40.425886],[-3.682193,40.425928]]]},"properties":{"osmId":1349516824,"osmType":"way","tags":{"building":"yes"}}},{"type":"Feature","id":"osm-way-1349533291","geometry":{"type":"Polygon","coordinates":[[[-3.67594,40.423799],[-3.67594,40.423814],[-3.675918,40.423814],[-3.675919,40.423799],[-3.67594,40.423799]]]},"properties":{"osmId":1349533291,"osmType":"way","tags":{"building":"yes"}}},{"type":"Feature","id":"osm-way-1349533312","geometry":{"type":"Polygon","coordinates":[[[-3.67518,40.424682],[-3.675179,40.424697],[-3.675146,40.424695],[-3.675147,40.42468],[-3.67518,40.424682]]]},"properties":{"osmId":1349533312,"osmType":"way","tags":{"building":"yes"}}},{"type":"Feature","id":"osm-way-1420263482","geometry":{"type":"Polygon","coordinates":[[[-3.668816,40.418779],[-3.668766,40.418777],[-3.668751,40.418801],[-3.668683,40.418798],[-3.668681,40.418841],[-3.668768,40.418844],[-3.668777,40.418844],[-3.668809,40.418791],[-3.668816,40.418779]]]},"properties":{"osmId":1420263482,"osmType":"way","tags":{"building":"residential"}}},{"type":"Feature","id":"osm-way-1424238194","geometry":{"type":"Polygon","coordinates":[[[-3.665552,40.417996],[-3.665536,40.41799],[-3.665511,40.41802],[-3.665324,40.417929],[-3.665328,40.417925],[-3.665186,40.417857],[-3.665181,40.417861],[-3.665126,40.417833],[-3.66513,40.417828],[-3.6651,40.417813],[-3.665097,40.417816],[-3.664931,40.417736],[-3.664988,40.417663],[-3.664993,40.417666],[-3.665031,40.417623],[-3.665267,40.417735],[-3.665263,40.417741],[-3.665642,40.417924],[-3.66561,40.417962],[-3.665623,40.417969],[-3.665607,40.417987],[-3.665593,40.417989],[-3.665569,40.417974],[-3.665552,40.417996]]]},"properties":{"osmId":1424238194,"osmType":"way","tags":{"building":"yes","addr:street":"Calle de Juan Esplandiú","addr:housenumber":"19-23","addr:postcode":"28007"}}},{"type":"Feature","id":"osm-way-1432639032","geometry":{"type":"Polygon","coordinates":[[[-3.6761,40.417845],[-3.676095,40.417907],[-3.675941,40.417901],[-3.675946,40.417839],[-3.6761,40.417845]]]},"properties":{"osmId":1432639032,"osmType":"way","tags":{"building":"yes"}}},{"type":"Feature","id":"osm-way-1479059048","geometry":{"type":"Polygon","coordinates":[[[-3.66617,40.423968],[-3.666271,40.423978],[-3.666287,40.423872],[-3.666289,40.423862],[-3.666285,40.423861],[-3.666289,40.42383],[-3.666242,40.423827],[-3.666231,40.423883],[-3.666187,40.42388],[-3.666185,40.423888],[-3.66617,40.423968]]]},"properties":{"osmId":1479059048,"osmType":"way","tags":{"building":"yes"}}},{"type":"Feature","id":"osm-way-1513606813","geometry":{"type":"Polygon","coordinates":[[[-3.668493,40.423266],[-3.668491,40.423332],[-3.668581,40.423335],[-3.668587,40.42327],[-3.668493,40.423266]]]},"properties":{"osmId":1513606813,"osmType":"way","tags":{"building":"yes"}}},{"type":"Feature","id":"osm-way-1539046369","geometry":{"type":"Polygon","coordinates":[[[-3.683013,40.417064],[-3.683011,40.417059],[-3.683016,40.417057],[-3.683014,40.417053],[-3.683019,40.417052],[-3.683018,40.41705],[-3.683021,40.417048],[-3.683023,40.417046],[-3.683024,40.417044],[-3.683023,40.417041],[-3.683022,40.417038],[-3.683019,40.417036],[-3.683016,40.417035],[-3.683013,40.417036],[-3.683012,40.417033],[-3.683006,40.417034],[-3.683004,40.417029],[-3.682999,40.41703],[-3.682997,40.417026],[-3.682958,40.417035],[-3.682959,40.417039],[-3.682938,40.417045],[-3.682917,40.417052],[-3.682894,40.41706],[-3.682872,40.417069],[-3.682851,40.417079],[-3.68283,40.417092],[-3.682811,40.417105],[-3.682793,40.417118],[-3.682776,40.417133],[-3.682761,40.417149],[-3.682748,40.417165],[-3.682735,40.417182],[-3.682724,40.4172],[-3.682714,40.417218],[-3.682707,40.417237],[-3.682702,40.417256],[-3.6827,40.417277],[-3.682701,40.417297],[-3.682705,40.417315],[-3.682711,40.417332],[-3.682706,40.417334],[-3.682708,40.417339],[-3.682703,40.41734],[-3.682704,40.417342],[-3.682701,40.417343],[-3.6827,40.417345],[-3.682699,40.417348],[-3.682699,40.41735],[-3.682701,40.417353],[-3.682704,40.417354],[-3.682706,40.417355],[-3.68271,40.417355],[-3.682711,40.417358],[-3.682716,40.417357],[-3.682718,40.417363],[-3.682724,40.417361],[-3.682725,40.417365],[-3.682765,40.417355],[-3.682763,40.417351],[-3.682767,40.41735],[-3.682766,40.417345],[-3.682771,40.417344],[-3.68277,40.417341],[-3.682773,40.417339],[-3.682774,40.417337],[-3.682775,40.417335],[-3.682775,40.417332],[-3.682773,40.41733],[-3.682771,40.417328],[-3.682768,40.417327],[-3.682765,40.417327],[-3.682764,40.417325],[-3.682758,40.417326],[-3.682756,40.417321],[-3.682751,40.417323],[-3.682746,40.417308],[-3.682743,40.417294],[-3.682742,40.417278],[-3.682744,40.417262],[-3.682748,40.417245],[-3.682754,40.417228],[-3.682763,40.417212],[-3.682773,40.417196],[-3.682783,40.417181],[-3.682795,40.417167],[-3.682808,40.417153],[-3.682824,40.417139],[-3.682839,40.417127],[-3.682856,40.417116],[-3.682874,40.417105],[-3.682893,40.417096],[-3.682913,40.417088],[-3.682934,40.41708],[-3.682953,40.417074],[-3.682971,40.417069],[-3.682973,40.417072],[-3.683013,40.417064]]]},"properties":{"osmId":1539046369,"osmType":"way","tags":{"building":"yes"}}}]}